ID_track_FK,ID_time_FK,streams_1month
1,1,186522.0
2,2,194313.0
3,3,63750.0
4,4,41473.0
5,5,30553.0
6,6,29687.0
7,7,24103.0
8,5,30838.0
9,8,20522.0
10,5,20741.0
11,9,14401.0
12,5,17799.0
13,5,16490.0
14,5,11654.0
15,1,11083.0
16,5,10994.0
17,5,11572.0
18,5,11741.0
19,5,10864.0
20,1,9540.0
21,1,10107.0
22,10,7237.0
23,11,6825.0
24,12,4798.0
25,13,4926.0
26,14,5585.0
27,4,4409.0
28,4,5044.0
29,4,5197.0
30,4,4104.0
31,15,5228.0
32,16,4354.0
33,17,4140.0
34,18,5915.0
35,19,5947.0
36,4,5630.0
37,20,4623.0
38,21,4207.0
39,17,5383.0
40,22,4893.0
41,16,4255.0
42,23,5003.0
43,24,4080.0
44,25,5836.0
45,16,4531.0
46,17,5339.0
47,16,4636.0
48,26,5054.0
49,16,5108.0
50,27,4381.0
51,28,5955.0
52,16,5565.0
53,29,5896.0
54,30,5807.0
55,31,5207.0
56,32,5860.0
57,33,4188.0
58,34,4405.0
59,35,4103.0
60,34,4664.0
61,36,4791.0
62,17,4555.0
63,37,5675.0
64,38,4727.0
65,39,4576.0
66,40,5100.0
67,41,4294.0
68,42,5622.0
69,30,4161.0
70,43,5991.0
71,44,26270.0
72,45,17723.0
73,46,14967.0
74,47,20603.0
75,48,18546.0
76,49,17466.0
77,50,15735.0
78,51,11748.0
79,52,13318.0
80,53,9595.0
81,54,12481.0
82,55,11338.0
83,56,6848.0
84,57,5785.0
85,58,6435.0
86,59,6104.0
87,51,5473.0
88,60,5291.0
89,51,5791.0
90,61,4955.0
91,62,4251.0
92,63,5442.0
93,64,5537.0
94,51,5136.0
95,65,5558.0
96,51,5001.0
97,51,5059.0
98,51,4866.0
99,51,4061.0
100,66,4226.0
101,12,4075.0
102,51,5286.0
103,51,4640.0
104,67,5031.0
105,51,5830.0
106,51,4511.0
107,68,4835.0
108,69,5527.0
109,70,4471.0
110,70,4168.0
111,71,4593.0
112,70,4336.0
113,72,5875.0
114,73,5631.0
115,74,5281.0
116,75,5757.0
117,70,5621.0
118,70,4388.0
119,70,5801.0
120,70,5094.0
121,70,5632.0
122,70,5810.0
123,67,4648.0
124,76,4230.0
125,70,4469.0
126,77,91830.0
127,46,74091.0
128,6,33175.0
129,78,21717.0
130,79,25356.0
131,80,21558.0
132,81,17348.0
133,82,13083.0
134,83,11366.0
135,84,14168.0
136,85,8371.0
137,86,8531.0
138,87,8837.0
139,88,7205.0
140,89,7238.0
141,90,6948.0
142,61,5053.0
143,91,5413.0
144,62,4614.0
145,92,4583.0
146,92,4085.0
147,93,5235.0
148,62,5020.0
149,93,4115.0
150,94,4570.0
151,95,5833.0
152,96,4492.0
153,93,4303.0
154,97,4994.0
155,98,5990.0
156,87,4496.0
157,99,5360.0
158,100,5539.0
159,101,4487.0
160,102,5472.0
161,87,4750.0
162,103,5280.0
163,104,5282.0
164,93,5086.0
165,92,4192.0
166,105,5687.0
167,87,4654.0
168,93,4387.0
169,87,4092.0
170,93,5197.0
171,92,5370.0
172,93,4045.0
173,87,5038.0
174,62,4465.0
175,93,5305.0
176,62,4361.0
177,106,5398.0
178,94,4786.0
179,107,5892.0
180,108,4695.0
181,109,4237.0
182,110,5866.0
183,111,5773.0
184,112,4530.0
185,113,5334.0
186,114,5651.0
187,115,5123.0
188,116,5074.0
189,94,4498.0
190,117,4198.0
191,118,5808.0
192,94,5818.0
193,94,5283.0
194,119,4692.0
195,120,4713.0
196,94,5467.0
197,121,5810.0
198,122,524979.0
199,123,365488.0
200,124,203090.0
201,124,131551.0
202,124,123287.0
203,124,162655.0
204,124,140663.0
205,125,99141.0
206,124,97863.0
207,124,122860.0
208,126,92137.0
209,127,85276.0
210,128,100508.0
211,124,102308.0
212,124,96119.0
213,124,77089.0
214,129,68247.0
215,130,53347.0
216,131,54999.0
217,124,62019.0
218,124,59318.0
219,131,63543.0
220,124,59144.0
221,124,56735.0
222,51,38264.0
223,132,39861.0
224,133,33218.0
225,132,32275.0
226,131,42146.0
227,131,31497.0
228,134,34583.0
229,131,31057.0
230,131,30349.0
231,132,27055.0
232,131,27371.0
233,131,26109.0
234,131,22819.0
235,132,27955.0
236,131,23203.0
237,135,19575.0
238,132,25318.0
239,131,18214.0
240,132,22996.0
241,131,22268.0
242,131,17988.0
243,132,14566.0
244,131,20942.0
245,132,15769.0
246,131,17957.0
247,10,15917.0
248,131,14498.0
249,124,10923.0
250,131,11280.0
251,136,11986.0
252,137,9214.0
253,138,7665.0
254,139,8994.0
255,140,8990.0
256,141,7279.0
257,142,5662.0
258,143,4205.0
259,144,5243.0
260,132,4292.0
261,145,5049.0
262,146,5770.0
263,147,5494.0
264,148,5409.0
265,149,5420.0
266,150,4733.0
267,151,4600.0
268,132,5633.0
269,152,5637.0
270,153,5750.0
271,154,5842.0
272,155,5037.0
273,156,5017.0
274,157,5612.0
275,158,5314.0
276,159,5419.0
277,160,5607.0
278,161,4690.0
279,162,4764.0
280,163,4199.0
281,164,5172.0
282,165,4084.0
283,102,4943.0
284,166,5098.0
285,167,4584.0
286,168,5194.0
287,169,4071.0
288,170,4085.0
289,171,5659.0
290,172,4731.0
291,124,4266.0
292,173,5058.0
293,102,5555.0
294,174,5261.0
295,175,4182.0
296,176,4114.0
297,162,5074.0
298,124,5096.0
299,177,5289.0
300,178,8844.0
301,179,6352.0
302,179,5047.0
303,76,4657.0
304,180,5604.0
305,179,4553.0
306,179,4890.0
307,179,4167.0
308,179,4061.0
309,179,5941.0
310,179,5688.0
311,179,5407.0
312,181,4831.0
313,23,4358.0
314,179,4324.0
315,181,4511.0
316,182,5112.0
317,181,5442.0
318,183,5336.0
319,181,4572.0
320,181,5926.0
321,181,5490.0
322,184,215342.0
323,185,193276.0
324,186,177929.0
325,187,164321.0
326,188,142974.0
327,184,146535.0
328,189,104463.0
329,188,109310.0
330,190,100972.0
331,185,97837.0
332,188,134533.0
333,188,116873.0
334,191,106336.0
335,192,86039.0
336,193,102118.0
337,184,93048.0
338,185,81209.0
339,194,89979.0
340,195,87245.0
341,185,94957.0
342,188,95404.0
343,59,72575.0
344,184,83948.0
345,170,91215.0
346,196,86858.0
347,197,97125.0
348,188,81579.0
349,184,65938.0
350,188,60164.0
351,185,76468.0
352,184,57364.0
353,198,72579.0
354,188,81975.0
355,185,65182.0
356,188,59830.0
357,170,64940.0
358,8,60393.0
359,188,61311.0
360,184,70824.0
361,184,56445.0
362,199,70008.0
363,184,67953.0
364,193,50010.0
365,184,46856.0
366,185,45293.0
367,170,42706.0
368,170,44082.0
369,184,55152.0
370,170,41813.0
371,200,46010.0
372,191,53959.0
373,185,36826.0
374,185,49818.0
375,170,39135.0
376,201,36321.0
377,170,43275.0
378,193,40485.0
379,184,44269.0
380,191,41464.0
381,184,42420.0
382,202,34188.0
383,185,32341.0
384,193,40600.0
385,170,39913.0
386,170,42368.0
387,203,33824.0
388,184,33064.0
389,184,38558.0
390,170,32496.0
391,170,40496.0
392,170,39303.0
393,170,33304.0
394,101,37012.0
395,191,37051.0
396,185,26863.0
397,204,36762.0
398,193,31425.0
399,191,35192.0
400,193,28517.0
401,184,34408.0
402,185,27999.0
403,170,21628.0
404,205,28327.0
405,170,19005.0
406,206,20826.0
407,193,25948.0
408,207,24591.0
409,208,21034.0
410,191,19275.0
411,206,17534.0
412,209,16025.0
413,208,15251.0
414,210,17364.0
415,48,17817.0
416,211,14134.0
417,191,13314.0
418,208,9236.0
419,212,10933.0
420,191,8948.0
421,213,10336.0
422,191,9588.0
423,208,11301.0
424,214,8771.0
425,191,7862.0
426,191,6787.0
427,215,8081.0
428,206,4917.0
429,191,4759.0
430,216,5722.0
431,217,4156.0
432,218,5658.0
433,219,5429.0
434,220,4175.0
435,206,4181.0
436,221,5990.0
437,208,4762.0
438,208,4756.0
439,206,5641.0
440,206,5911.0
441,222,5989.0
442,208,5525.0
443,223,4763.0
444,13,4177.0
445,224,5569.0
446,206,5131.0
447,208,4862.0
448,206,5828.0
449,208,4235.0
450,225,4998.0
451,208,4035.0
452,226,4952.0
453,208,4124.0
454,120,4251.0
455,208,4247.0
456,208,5314.0
457,227,5509.0
458,208,5181.0
459,208,5943.0
460,208,4763.0
461,228,4586.0
462,223,5752.0
463,229,4459.0
464,228,5943.0
465,230,4037.0
466,231,5957.0
467,232,4097.0
468,233,5799.0
469,228,5070.0
470,234,6000.0
471,228,4160.0
472,235,5123.0
473,228,5957.0
474,228,5060.0
475,228,5272.0
476,228,5408.0
477,228,4922.0
478,228,5271.0
479,228,5185.0
480,228,5820.0
481,228,4104.0
482,228,4576.0
483,228,5918.0
484,228,5796.0
485,228,4926.0
486,236,5255.0
487,228,4568.0
488,236,4389.0
489,236,4942.0
490,236,4719.0
491,236,5182.0
492,237,4166.0
493,236,5990.0
494,236,5413.0
495,236,5088.0
496,236,4633.0
497,236,5644.0
498,236,5386.0
499,236,4339.0
500,236,5839.0
501,236,5663.0
502,236,5917.0
503,236,5468.0
504,238,5244.0
505,236,4850.0
506,228,5883.0
507,239,156965.0
508,240,91612.0
509,240,28694.0
510,241,33626.0
511,242,36904.0
512,243,38823.0
513,240,20672.0
514,244,24767.0
515,245,19640.0
516,246,20103.0
517,240,18496.0
518,247,15116.0
519,247,12424.0
520,241,11706.0
521,248,10996.0
522,249,9426.0
523,241,11719.0
524,250,11482.0
525,251,11605.0
526,249,11328.0
527,241,9255.0
528,241,9774.0
529,247,9783.0
530,241,9308.0
531,252,7325.0
532,253,7907.0
533,240,6630.0
534,246,8977.0
535,240,7842.0
536,254,6650.0
537,241,7589.0
538,247,7417.0
539,255,6507.0
540,247,5600.0
541,256,7033.0
542,175,6640.0
543,247,7153.0
544,249,5994.0
545,257,6725.0
546,249,5942.0
547,247,5958.0
548,213,6672.0
549,241,5487.0
550,252,4820.0
551,240,4568.0
552,249,6196.0
553,240,5826.0
554,252,5938.0
555,241,4773.0
556,249,4460.0
557,247,4183.0
558,240,4876.0
559,247,5241.0
560,247,4798.0
561,247,4889.0
562,247,5822.0
563,127,4710.0
564,11,5043.0
565,240,5582.0
566,249,4807.0
567,247,5259.0
568,240,5743.0
569,127,5914.0
570,249,4307.0
571,127,5868.0
572,241,4997.0
573,241,4529.0
574,240,4933.0
575,247,5976.0
576,253,5000.0
577,257,4670.0
578,127,5283.0
579,249,4492.0
580,258,4164.0
581,246,4271.0
582,175,4268.0
583,252,4317.0
584,252,4289.0
585,259,5297.0
586,249,4375.0
587,250,4703.0
588,127,5809.0
589,241,4961.0
590,175,5352.0
591,260,4357.0
592,127,4398.0
593,252,4093.0
594,250,4351.0
595,127,4569.0
596,175,4367.0
597,175,4188.0
598,175,4253.0
599,250,4935.0
600,246,4425.0
601,260,4742.0
602,253,5020.0
603,64,5396.0
604,253,4090.0
605,41,5614.0
606,250,5270.0
607,175,4176.0
608,261,5764.0
609,250,5858.0
610,259,4135.0
611,127,4566.0
612,253,5629.0
613,262,5510.0
614,250,4383.0
615,246,4432.0
616,259,4755.0
617,175,4983.0
618,250,5251.0
619,252,4752.0
620,263,4938.0
621,253,5510.0
622,154,4084.0
623,260,4518.0
624,64,5442.0
625,259,5808.0
626,252,5037.0
627,264,5077.0
628,175,4226.0
629,64,4909.0
630,175,5079.0
631,253,4499.0
632,259,4552.0
633,175,4767.0
634,175,4052.0
635,127,4657.0
636,257,4436.0
637,64,4668.0
638,250,4250.0
639,127,5796.0
640,253,5200.0
641,64,5372.0
642,175,5593.0
643,253,5010.0
644,253,4184.0
645,257,5088.0
646,253,5190.0
647,265,5506.0
648,257,4876.0
649,260,4269.0
650,266,4581.0
651,175,4738.0
652,257,5307.0
653,259,5155.0
654,253,4726.0
655,253,5990.0
656,253,5226.0
657,267,4487.0
658,253,4215.0
659,260,4318.0
660,253,4506.0
661,268,4333.0
662,253,4388.0
663,260,4582.0
664,253,4358.0
665,269,5810.0
666,253,4172.0
667,253,5064.0
668,253,4835.0
669,253,5982.0
670,253,4236.0
671,270,4810.0
672,271,5956.0
673,249,5749.0
674,253,5652.0
675,272,4530.0
676,273,4353.0
677,274,5353.0
678,275,5875.0
679,276,18416.0
680,277,7403.0
681,278,5556.0
682,276,4387.0
683,277,4661.0
684,276,4866.0
685,276,5029.0
686,277,4499.0
687,279,4240.0
688,280,5236.0
689,281,4591.0
690,276,5177.0
691,277,4320.0
692,282,4977.0
693,277,5080.0
694,283,4115.0
695,280,4686.0
696,277,4280.0
697,277,4139.0
698,280,5997.0
699,277,4658.0
700,283,5635.0
701,277,4522.0
702,277,5379.0
703,284,5537.0
704,280,5205.0
705,285,4957.0
706,280,4837.0
707,283,4709.0
708,277,5875.0
709,277,5678.0
710,280,5949.0
711,280,4261.0
712,283,5475.0
713,277,5893.0
714,280,4374.0
715,286,4146.0
716,286,5499.0
717,280,5162.0
718,287,5700.0
719,280,4290.0
720,277,5603.0
721,288,4417.0
722,276,4339.0
723,276,4340.0
724,158,5646.0
725,280,5344.0
726,289,5061.0
727,158,4733.0
728,277,5771.0
729,280,4799.0
730,276,5651.0
731,290,4893.0
732,280,4767.0
733,276,4940.0
734,276,4616.0
735,158,5511.0
736,276,5021.0
737,276,4476.0
738,291,5816.0
739,282,4782.0
740,276,5101.0
741,286,5831.0
742,286,5264.0
743,276,4244.0
744,158,5897.0
745,276,5270.0
746,286,4683.0
747,286,4292.0
748,286,5605.0
749,292,5255.0
750,277,5083.0
751,293,5805.0
752,291,5595.0
753,158,4316.0
754,158,4638.0
755,286,4509.0
756,294,5504.0
757,295,39150.0
758,296,25001.0
759,296,24544.0
760,68,18565.0
761,297,12975.0
762,298,13953.0
763,263,8683.0
764,299,8423.0
765,181,5509.0
766,300,4878.0
767,181,5609.0
768,301,4312.0
769,206,4471.0
770,263,5458.0
771,36,5455.0
772,302,5297.0
773,303,5402.0
774,181,5098.0
775,304,4517.0
776,263,4703.0
777,305,4372.0
778,296,5830.0
779,306,5181.0
780,307,4817.0
781,110,4937.0
782,308,5911.0
783,170,4319.0
784,154,5187.0
785,309,5025.0
786,307,5237.0
787,307,4049.0
788,310,227542.0
789,311,203981.0
790,312,178105.0
791,313,187146.0
792,313,171675.0
793,311,149153.0
794,313,110260.0
795,314,127149.0
796,311,120274.0
797,161,105612.0
798,311,113306.0
799,315,119270.0
800,314,116959.0
801,316,97439.0
802,315,83945.0
803,317,118179.0
804,315,110681.0
805,310,79242.0
806,314,104028.0
807,311,102094.0
808,314,87275.0
809,314,88181.0
810,314,81154.0
811,311,67973.0
812,311,75805.0
813,310,89182.0
814,318,63452.0
815,313,72394.0
816,314,72181.0
817,319,75734.0
818,311,85712.0
819,320,68435.0
820,313,67896.0
821,317,79057.0
822,317,70671.0
823,311,63649.0
824,313,69575.0
825,313,60729.0
826,315,61226.0
827,321,70055.0
828,311,67226.0
829,310,80921.0
830,310,63389.0
831,313,66025.0
832,322,64906.0
833,161,49242.0
834,323,64998.0
835,314,52765.0
836,324,71168.0
837,317,51635.0
838,311,57521.0
839,317,49347.0
840,317,66425.0
841,313,55335.0
842,317,57383.0
843,317,45612.0
844,325,60151.0
845,310,48316.0
846,326,63331.0
847,317,47490.0
848,311,45889.0
849,313,42150.0
850,317,50002.0
851,310,50955.0
852,314,40965.0
853,311,54602.0
854,312,47756.0
855,315,48830.0
856,312,46843.0
857,161,45512.0
858,322,48078.0
859,311,40202.0
860,310,39889.0
861,322,52304.0
862,161,53640.0
863,315,42826.0
864,322,40791.0
865,311,46892.0
866,327,42501.0
867,313,35059.0
868,328,37295.0
869,161,45820.0
870,310,44175.0
871,322,33237.0
872,329,36400.0
873,314,35889.0
874,315,42467.0
875,330,31928.0
876,313,33152.0
877,322,43973.0
878,317,33827.0
879,311,39747.0
880,310,33455.0
881,314,30850.0
882,310,32942.0
883,161,39970.0
884,161,40605.0
885,311,38290.0
886,317,32274.0
887,161,35480.0
888,331,29173.0
889,314,29720.0
890,314,37341.0
891,328,25518.0
892,332,26137.0
893,317,27511.0
894,322,25227.0
895,315,26908.0
896,310,31581.0
897,331,29524.0
898,317,34890.0
899,333,33982.0
900,310,28147.0
901,161,26996.0
902,334,26960.0
903,312,29237.0
904,310,25180.0
905,161,28818.0
906,315,26362.0
907,213,25781.0
908,161,24434.0
909,322,22699.0
910,312,28585.0
911,335,26572.0
912,313,20079.0
913,312,26539.0
914,322,22143.0
915,336,25290.0
916,330,24235.0
917,331,20641.0
918,330,17076.0
919,161,19013.0
920,337,21006.0
921,183,21172.0
922,315,17749.0
923,338,21656.0
924,322,22558.0
925,331,18791.0
926,331,15835.0
927,315,16461.0
928,331,14301.0
929,339,20525.0
930,340,14801.0
931,331,17991.0
932,312,15522.0
933,341,17139.0
934,322,17575.0
935,342,18711.0
936,314,14369.0
937,322,12960.0
938,312,13752.0
939,343,18423.0
940,331,17784.0
941,322,16060.0
942,331,15960.0
943,331,15913.0
944,344,16420.0
945,312,13406.0
946,345,12895.0
947,331,13269.0
948,233,10672.0
949,322,11139.0
950,330,13670.0
951,310,10391.0
952,312,12796.0
953,346,10713.0
954,347,11309.0
955,317,10753.0
956,322,10480.0
957,312,11751.0
958,348,9533.0
959,331,10638.0
960,92,10268.0
961,312,10849.0
962,312,11873.0
963,337,10808.0
964,233,8749.0
965,312,7859.0
966,233,8750.0
967,331,9644.0
968,312,7391.0
969,233,8591.0
970,92,6671.0
971,92,7257.0
972,349,5359.0
973,337,5164.0
974,92,6664.0
975,345,6023.0
976,92,6308.0
977,312,5584.0
978,314,5140.0
979,312,6447.0
980,92,6016.0
981,337,5620.0
982,350,4758.0
983,92,5380.0
984,343,4898.0
985,351,4219.0
986,352,5850.0
987,233,4287.0
988,233,5918.0
989,247,4906.0
990,233,4385.0
991,353,5099.0
992,92,5760.0
993,92,5479.0
994,233,5627.0
995,337,5334.0
996,343,4994.0
997,354,4455.0
998,343,5993.0
999,345,5905.0
1000,345,4092.0
1001,92,5426.0
1002,343,4375.0
1003,247,5848.0
1004,345,4079.0
1005,247,5409.0
1006,233,4608.0
1007,233,5868.0
1008,233,5961.0
1009,343,4965.0
1010,355,5706.0
1011,351,4653.0
1012,92,5673.0
1013,233,4087.0
1014,347,5208.0
1015,233,4255.0
1016,247,4167.0
1017,356,5405.0
1018,247,4693.0
1019,247,5464.0
1020,357,4143.0
1021,343,4645.0
1022,233,5095.0
1023,343,5598.0
1024,343,5267.0
1025,247,5788.0
1026,351,5248.0
1027,343,4480.0
1028,351,4060.0
1029,343,5758.0
1030,343,4056.0
1031,233,5768.0
1032,247,5072.0
1033,343,5896.0
1034,351,6015.0
1035,247,4715.0
1036,351,4819.0
1037,233,5271.0
1038,247,5763.0
1039,351,4857.0
1040,247,4722.0
1041,343,4589.0
1042,351,4480.0
1043,37,4095.0
1044,358,4048.0
1045,351,5993.0
1046,343,4871.0
1047,351,4782.0
1048,347,4450.0
1049,343,4192.0
1050,343,4849.0
1051,351,5776.0
1052,351,5908.0
1053,351,4949.0
1054,359,5242.0
1055,351,4347.0
1056,351,5999.0
1057,343,4477.0
1058,355,5901.0
1059,351,5315.0
1060,351,5232.0
1061,351,5041.0
1062,233,4476.0
1063,351,4366.0
1064,351,4454.0
1065,351,4385.0
1066,351,5575.0
1067,351,4713.0
1068,343,4128.0
1069,351,5956.0
1070,351,5784.0
1071,351,5873.0
1072,351,6007.0
1073,360,4359.0
1074,351,4806.0
1075,351,5533.0
1076,351,5407.0
1077,351,4320.0
1078,351,5647.0
1079,351,4463.0
1080,351,4461.0
1081,351,5088.0
1082,351,5202.0
1083,337,5174.0
1084,351,4195.0
1085,351,5772.0
1086,351,4545.0
1087,351,4271.0
1088,351,5794.0
1089,351,5929.0
1090,351,5740.0
1091,351,5634.0
1092,351,5324.0
1093,337,5115.0
1094,351,4185.0
1095,351,4830.0
1096,361,48320.0
1097,362,33560.0
1098,363,12943.0
1099,364,5119.0
1100,364,4177.0
1101,210,4454.0
1102,364,5382.0
1103,364,4164.0
1104,364,5718.0
1105,364,5003.0
1106,365,4977.0
1107,366,5200.0
1108,364,5662.0
1109,364,4709.0
1110,367,5371.0
1111,368,5146.0
1112,364,4546.0
1113,369,5775.0
1114,370,5610.0
1115,369,5331.0
1116,370,5715.0
1117,369,5750.0
1118,371,5431.0
1119,372,5689.0
1120,373,5411.0
1121,364,5373.0
1122,133,5252.0
1123,369,5521.0
1124,374,4328.0
1125,370,5779.0
1126,369,5759.0
1127,370,4070.0
1128,375,5665.0
1129,376,4269.0
1130,377,4684.0
1131,378,5502.0
1132,379,4333.0
1133,380,5649.0
1134,381,5681.0
1135,84,5027.0
1136,382,4024.0
1137,68,4585.0
1138,383,5247.0
1139,384,5977.0
1140,263,5278.0
1141,64,4533.0
1142,385,5283.0
1143,386,11905.0
1144,387,9841.0
1145,272,4873.0
1146,262,5869.0
1147,388,5096.0
1148,389,5941.0
1149,390,4695.0
1150,391,5278.0
1151,61,5879.0
1152,392,4215.0
1153,388,5893.0
1154,393,5389.0
1155,394,4147.0
1156,393,4614.0
1157,395,5431.0
1158,393,4145.0
1159,393,5178.0
1160,388,4704.0
1161,393,5254.0
1162,388,4103.0
1163,388,5758.0
1164,388,5964.0
1165,396,569687.0
1166,397,450099.0
1167,398,311583.0
1168,398,266408.0
1169,399,193848.0
1170,400,166421.0
1171,398,183130.0
1172,398,140498.0
1173,341,132844.0
1174,401,121939.0
1175,402,109130.0
1176,398,82370.0
1177,398,100810.0
1178,398,81004.0
1179,123,71947.0
1180,398,60026.0
1181,398,63073.0
1182,403,60274.0
1183,404,47903.0
1184,403,40810.0
1185,403,39755.0
1186,403,39216.0
1187,398,33300.0
1188,403,40249.0
1189,403,29103.0
1190,405,32726.0
1191,406,38675.0
1192,403,29957.0
1193,403,32178.0
1194,123,28872.0
1195,403,27137.0
1196,405,35454.0
1197,405,28377.0
1198,407,33637.0
1199,408,25402.0
1200,409,25134.0
1201,410,22094.0
1202,403,28801.0
1203,398,25677.0
1204,405,29681.0
1205,405,25223.0
1206,123,28694.0
1207,411,20324.0
1208,403,25482.0
1209,405,24597.0
1210,412,24205.0
1211,413,24691.0
1212,9,22496.0
1213,409,21112.0
1214,405,16428.0
1215,403,15335.0
1216,405,21158.0
1217,385,18163.0
1218,405,19268.0
1219,414,16947.0
1220,398,14453.0
1221,415,13771.0
1222,405,17376.0
1223,403,15707.0
1224,405,14151.0
1225,416,15998.0
1226,403,12348.0
1227,417,14836.0
1228,58,12871.0
1229,405,15624.0
1230,418,12645.0
1231,403,11348.0
1232,415,8811.0
1233,419,8948.0
1234,405,9843.0
1235,420,10309.0
1236,83,10366.0
1237,421,8861.0
1238,405,10388.0
1239,419,9937.0
1240,9,9480.0
1241,9,6785.0
1242,405,8168.0
1243,422,6787.0
1244,405,6839.0
1245,423,8942.0
1246,415,6098.0
1247,9,7054.0
1248,409,7244.0
1249,409,7318.0
1250,23,6719.0
1251,424,4821.0
1252,419,5421.0
1253,419,5765.0
1254,9,4756.0
1255,9,4951.0
1256,9,4137.0
1257,9,4167.0
1258,425,4805.0
1259,9,4277.0
1260,426,5151.0
1261,9,5393.0
1262,9,5617.0
1263,427,4414.0
1264,409,4347.0
1265,415,4221.0
1266,428,5285.0
1267,385,5429.0
1268,429,4074.0
1269,430,5890.0
1270,431,4116.0
1271,415,5097.0
1272,432,5433.0
1273,433,5756.0
1274,161,5444.0
1275,307,5621.0
1276,424,4692.0
1277,434,5646.0
1278,435,182235.0
1279,436,206161.0
1280,412,118226.0
1281,437,117747.0
1282,247,93264.0
1283,438,97011.0
1284,247,90869.0
1285,436,89750.0
1286,189,64575.0
1287,382,62861.0
1288,247,68409.0
1289,3,55467.0
1290,439,72843.0
1291,440,54678.0
1292,441,71260.0
1293,436,50145.0
1294,436,44468.0
1295,436,51446.0
1296,247,44825.0
1297,247,41491.0
1298,247,42049.0
1299,247,39765.0
1300,247,30843.0
1301,442,37429.0
1302,189,36776.0
1303,247,28838.0
1304,443,23344.0
1305,247,28309.0
1306,247,21542.0
1307,382,19276.0
1308,189,21238.0
1309,444,22520.0
1310,189,25077.0
1311,188,23568.0
1312,247,22616.0
1313,445,19550.0
1314,382,16554.0
1315,382,15870.0
1316,382,19410.0
1317,247,13099.0
1318,382,18180.0
1319,382,16010.0
1320,446,13854.0
1321,382,15319.0
1322,189,12387.0
1323,382,13820.0
1324,382,13141.0
1325,382,10088.0
1326,382,8948.0
1327,382,8129.0
1328,447,9116.0
1329,382,6004.0
1330,448,5872.0
1331,449,5277.0
1332,450,5480.0
1333,451,4275.0
1334,452,5449.0
1335,449,5834.0
1336,449,4370.0
1337,453,4489.0
1338,454,5961.0
1339,449,4374.0
1340,455,5727.0
1341,456,4999.0
1342,457,4507.0
1343,458,5757.0
1344,459,4904.0
1345,460,5045.0
1346,382,4732.0
1347,461,164761.0
1348,462,38547.0
1349,463,40569.0
1350,464,41791.0
1351,464,27855.0
1352,465,28117.0
1353,466,24508.0
1354,466,24183.0
1355,467,13721.0
1356,468,11884.0
1357,461,9532.0
1358,252,8487.0
1359,466,6935.0
1360,464,7219.0
1361,469,7597.0
1362,86,7027.0
1363,461,8348.0
1364,461,6848.0
1365,466,6128.0
1366,470,6971.0
1367,471,7190.0
1368,472,5495.0
1369,466,5479.0
1370,466,5018.0
1371,466,6648.0
1372,473,6153.0
1373,474,5675.0
1374,461,6427.0
1375,475,5900.0
1376,464,5434.0
1377,461,6002.0
1378,466,4424.0
1379,476,4236.0
1380,466,4552.0
1381,461,4125.0
1382,461,5077.0
1383,466,5887.0
1384,466,4089.0
1385,461,4256.0
1386,461,4919.0
1387,477,5885.0
1388,478,4646.0
1389,479,5028.0
1390,461,4095.0
1391,461,4310.0
1392,461,5989.0
1393,480,5946.0
1394,481,4022.0
1395,461,5920.0
1396,313,5293.0
1397,461,5750.0
1398,482,4923.0
1399,313,5045.0
1400,188,4991.0
1401,483,5347.0
1402,313,4292.0
1403,483,4070.0
1404,313,4628.0
1405,483,5422.0
1406,25,4416.0
1407,483,5359.0
1408,313,5956.0
1409,483,4200.0
1410,483,5359.0
1411,483,4900.0
1412,483,5753.0
1413,483,4365.0
1414,484,5400.0
1415,429,5690.0
1416,466,5906.0
1417,313,5381.0
1418,485,5009.0
1419,485,5250.0
1420,483,5751.0
1421,485,5155.0
1422,485,4072.0
1423,486,5878.0
1424,487,5395.0
1425,485,5368.0
1426,433,4443.0
1427,485,5333.0
1428,485,4800.0
1429,485,5318.0
1430,488,4225.0
1431,485,5330.0
1432,489,6016.0
1433,490,4110.0
1434,491,5969.0
1435,485,4827.0
1436,485,5758.0
1437,492,5581.0
1438,493,5147.0
1439,494,5494.0
1440,89,282135.0
1441,495,211297.0
1442,272,91830.0
1443,496,76362.0
1444,497,61674.0
1445,498,54876.0
1446,242,47475.0
1447,499,28862.0
1448,123,30805.0
1449,250,20177.0
1450,482,22399.0
1451,87,17283.0
1452,500,16283.0
1453,470,16471.0
1454,64,16602.0
1455,413,17244.0
1456,482,14699.0
1457,501,15063.0
1458,482,13396.0
1459,93,13570.0
1460,470,12395.0
1461,93,9586.0
1462,93,11959.0
1463,470,12036.0
1464,502,10905.0
1465,93,10095.0
1466,503,9748.0
1467,486,11274.0
1468,93,9605.0
1469,501,9155.0
1470,482,7457.0
1471,482,8551.0
1472,93,8585.0
1473,482,8034.0
1474,413,8323.0
1475,93,7976.0
1476,501,6814.0
1477,482,6937.0
1478,482,6927.0
1479,482,6312.0
1480,93,6576.0
1481,482,4046.0
1482,501,4404.0
1483,504,4025.0
1484,413,5310.0
1485,505,5813.0
1486,429,4500.0
1487,21,5871.0
1488,506,4131.0
1489,507,5884.0
1490,508,4716.0
1491,509,4215.0
1492,510,4987.0
1493,499,4526.0
1494,140,4581.0
1495,511,4627.0
1496,512,5620.0
1497,513,5092.0
1498,21,4634.0
1499,514,20069.0
1500,515,7914.0
1501,516,6302.0
1502,516,4839.0
1503,517,4257.0
1504,516,4374.0
1505,518,5380.0
1506,516,4375.0
1507,519,5066.0
1508,516,4225.0
1509,520,5151.0
1510,158,4526.0
1511,521,5942.0
1512,516,4980.0
1513,470,5627.0
1514,516,5114.0
1515,515,4100.0
1516,522,5921.0
1517,523,5218.0
1518,524,5784.0
1519,525,4468.0
1520,526,4437.0
1521,28,5235.0
1522,515,4835.0
1523,516,4720.0
1524,470,4486.0
1525,527,5664.0
1526,526,4862.0
1527,526,5352.0
1528,28,4203.0
1529,470,5264.0
1530,28,4918.0
1531,28,5187.0
1532,528,4349.0
1533,516,5489.0
1534,518,5741.0
1535,515,4447.0
1536,516,4202.0
1537,470,4059.0
1538,470,5297.0
1539,526,5230.0
1540,528,5107.0
1541,527,4477.0
1542,518,5205.0
1543,517,5009.0
1544,517,5994.0
1545,517,4286.0
1546,524,5405.0
1547,526,4824.0
1548,527,4869.0
1549,517,5451.0
1550,28,5402.0
1551,28,6000.0
1552,517,4220.0
1553,528,5463.0
1554,470,5171.0
1555,527,4561.0
1556,28,4170.0
1557,28,4182.0
1558,28,5805.0
1559,28,4396.0
1560,527,4465.0
1561,527,4725.0
1562,517,4151.0
1563,519,5054.0
1564,529,4146.0
1565,519,5618.0
1566,28,4481.0
1567,519,5094.0
1568,519,5779.0
1569,519,5318.0
1570,517,5082.0
1571,519,4662.0
1572,517,4679.0
1573,519,5477.0
1574,519,4364.0
1575,127,163924.0
1576,340,86493.0
1577,398,31278.0
1578,530,28789.0
1579,531,24026.0
1580,532,17360.0
1581,533,9731.0
1582,534,10417.0
1583,191,4489.0
1584,330,5996.0
1585,16,5871.0
1586,535,5093.0
1587,536,5699.0
1588,263,5058.0
1589,537,5261.0
1590,416,4189.0
1591,205,5528.0
1592,137,4265.0
1593,317,5666.0
1594,75,5579.0
1595,538,5432.0
1596,539,4082.0
1597,413,4619.0
1598,540,4538.0
1599,541,4734.0
1600,542,4186.0
1601,364,85292.0
1602,436,51990.0
1603,543,36882.0
1604,364,30020.0
1605,4,30262.0
1606,544,27473.0
1607,545,21772.0
1608,546,21561.0
1609,126,17390.0
1610,364,20787.0
1611,133,18993.0
1612,547,14589.0
1613,126,18136.0
1614,548,12126.0
1615,126,15404.0
1616,126,12203.0
1617,126,14313.0
1618,364,14052.0
1619,549,13717.0
1620,546,13292.0
1621,550,10358.0
1622,126,9240.0
1623,126,10110.0
1624,546,9120.0
1625,126,10061.0
1626,551,8756.0
1627,552,10962.0
1628,126,8937.0
1629,364,9551.0
1630,546,6843.0
1631,553,8292.0
1632,546,8301.0
1633,364,6934.0
1634,554,7230.0
1635,170,7664.0
1636,555,5929.0
1637,364,6770.0
1638,554,6456.0
1639,556,5600.0
1640,554,6045.0
1641,126,5241.0
1642,554,5113.0
1643,554,5380.0
1644,554,7103.0
1645,557,5645.0
1646,364,6225.0
1647,546,5091.0
1648,550,4662.0
1649,546,5028.0
1650,554,4893.0
1651,558,4223.0
1652,554,5297.0
1653,554,4444.0
1654,559,5255.0
1655,554,5315.0
1656,556,4316.0
1657,554,4135.0
1658,560,5578.0
1659,554,4933.0
1660,558,4129.0
1661,558,6008.0
1662,554,4126.0
1663,561,5406.0
1664,546,5986.0
1665,364,4490.0
1666,364,4296.0
1667,558,4255.0
1668,546,4619.0
1669,546,4214.0
1670,546,5400.0
1671,562,4136.0
1672,546,5033.0
1673,554,6008.0
1674,546,5643.0
1675,555,5247.0
1676,563,4627.0
1677,564,5265.0
1678,546,5069.0
1679,546,4866.0
1680,565,4275.0
1681,558,5791.0
1682,546,4914.0
1683,546,4402.0
1684,546,4750.0
1685,558,4843.0
1686,561,5672.0
1687,555,5482.0
1688,558,5556.0
1689,566,4034.0
1690,546,4847.0
1691,561,4977.0
1692,555,4050.0
1693,558,4534.0
1694,555,5536.0
1695,561,4287.0
1696,567,5085.0
1697,546,4442.0
1698,309,4034.0
1699,558,4495.0
1700,561,5969.0
1701,546,5621.0
1702,568,5936.0
1703,569,4990.0
1704,555,4232.0
1705,570,5111.0
1706,571,4920.0
1707,555,5703.0
1708,561,4209.0
1709,558,4992.0
1710,558,4313.0
1711,555,4663.0
1712,546,5487.0
1713,561,4967.0
1714,546,4766.0
1715,269,4803.0
1716,555,4932.0
1717,572,5584.0
1718,561,5800.0
1719,573,5928.0
1720,561,5590.0
1721,561,4644.0
1722,561,4889.0
1723,561,4522.0
1724,574,5699.0
1725,558,4089.0
1726,291,5822.0
1727,575,4936.0
1728,558,5289.0
1729,566,5334.0
1730,573,5806.0
1731,561,5287.0
1732,576,5243.0
1733,376,4145.0
1734,558,5051.0
1735,546,4311.0
1736,364,5492.0
1737,577,5037.0
1738,578,5376.0
1739,561,4096.0
1740,561,4182.0
1741,573,5448.0
1742,561,4154.0
1743,577,4154.0
1744,566,4036.0
1745,577,5930.0
1746,555,5490.0
1747,579,4718.0
1748,580,4607.0
1749,527,4714.0
1750,581,5567.0
1751,582,111836.0
1752,485,61925.0
1753,583,51588.0
1754,583,48355.0
1755,584,59819.0
1756,583,56849.0
1757,583,46008.0
1758,485,39785.0
1759,584,36049.0
1760,485,51296.0
1761,585,39010.0
1762,485,46717.0
1763,485,44166.0
1764,583,39480.0
1765,485,31687.0
1766,485,24303.0
1767,584,29699.0
1768,583,31042.0
1769,583,29305.0
1770,485,27431.0
1771,485,22134.0
1772,583,31765.0
1773,583,27728.0
1774,586,22601.0
1775,485,28024.0
1776,587,24468.0
1777,588,23855.0
1778,583,22455.0
1779,588,21866.0
1780,586,20447.0
1781,589,15352.0
1782,588,16067.0
1783,588,19988.0
1784,583,14940.0
1785,587,15885.0
1786,587,16062.0
1787,582,15418.0
1788,590,16180.0
1789,586,18197.0
1790,585,13564.0
1791,591,12095.0
1792,583,12101.0
1793,584,15290.0
1794,588,13914.0
1795,588,11861.0
1796,485,14232.0
1797,582,13974.0
1798,582,13880.0
1799,586,14078.0
1800,592,10473.0
1801,583,12719.0
1802,583,11143.0
1803,593,12332.0
1804,594,11768.0
1805,584,11753.0
1806,595,11036.0
1807,584,8942.0
1808,582,10277.0
1809,582,12046.0
1810,355,11758.0
1811,582,8043.0
1812,585,8244.0
1813,583,7971.0
1814,588,10006.0
1815,588,10323.0
1816,586,7892.0
1817,588,8669.0
1818,586,9740.0
1819,584,9107.0
1820,585,8383.0
1821,587,8458.0
1822,587,7144.0
1823,582,7953.0
1824,588,8280.0
1825,588,8759.0
1826,588,7950.0
1827,583,8308.0
1828,582,6466.0
1829,582,7226.0
1830,596,5687.0
1831,587,6270.0
1832,583,7543.0
1833,582,8103.0
1834,586,5279.0
1835,587,6034.0
1836,588,6934.0
1837,597,5441.0
1838,587,6265.0
1839,584,6635.0
1840,598,6342.0
1841,582,5237.0
1842,599,5619.0
1843,586,6418.0
1844,584,5884.0
1845,585,4609.0
1846,585,6207.0
1847,586,4518.0
1848,588,5965.0
1849,582,4580.0
1850,585,6015.0
1851,586,4802.0
1852,585,4668.0
1853,586,4311.0
1854,585,4625.0
1855,584,5771.0
1856,584,6010.0
1857,586,4750.0
1858,582,4911.0
1859,584,5461.0
1860,586,5789.0
1861,586,5202.0
1862,355,4797.0
1863,585,4840.0
1864,587,5409.0
1865,585,4017.0
1866,587,5255.0
1867,588,4725.0
1868,585,5606.0
1869,587,4197.0
1870,355,5192.0
1871,583,4975.0
1872,355,5300.0
1873,583,4141.0
1874,587,5175.0
1875,600,5140.0
1876,600,5135.0
1877,587,5223.0
1878,583,5367.0
1879,527,5627.0
1880,601,4554.0
1881,602,5665.0
1882,603,5011.0
1883,604,4167.0
1884,605,4131.0
1885,606,4683.0
1886,240,5430.0
1887,240,5595.0
1888,240,5049.0
1889,240,4895.0
1890,240,4307.0
1891,240,4670.0
1892,240,4883.0
1893,240,4188.0
1894,526,5212.0
1895,607,5487.0
1896,608,5881.0
1897,609,5300.0
1898,610,4857.0
1899,607,5288.0
1900,607,5588.0
1901,607,4834.0
1902,526,5696.0
1903,607,4781.0
1904,607,5190.0
1905,608,4683.0
1906,608,4062.0
1907,608,4611.0
1908,608,5899.0
1909,608,4532.0
1910,608,4872.0
1911,608,5762.0
1912,608,5700.0
1913,239,4384.0
1914,610,4931.0
1915,611,4979.0
1916,612,4279.0
1917,613,4172.0
1918,187,426000.0
1919,614,174076.0
1920,614,100714.0
1921,615,108506.0
1922,614,100534.0
1923,616,71942.0
1924,617,85127.0
1925,614,64728.0
1926,614,82046.0
1927,618,78107.0
1928,619,85874.0
1929,187,59935.0
1930,614,56485.0
1931,614,57282.0
1932,614,56027.0
1933,86,54681.0
1934,617,70297.0
1935,549,53170.0
1936,617,51303.0
1937,617,61492.0
1938,614,54372.0
1939,620,59147.0
1940,617,43488.0
1941,621,52157.0
1942,622,42636.0
1943,623,42678.0
1944,624,58937.0
1945,614,43280.0
1946,625,51172.0
1947,614,46958.0
1948,626,43458.0
1949,616,51010.0
1950,617,45254.0
1951,617,48076.0
1952,623,41425.0
1953,627,46697.0
1954,624,31341.0
1955,626,36918.0
1956,616,34416.0
1957,628,41334.0
1958,617,44331.0
1959,616,33500.0
1960,616,38264.0
1961,624,36341.0
1962,614,34840.0
1963,624,36052.0
1964,187,31959.0
1965,624,28005.0
1966,617,27565.0
1967,616,28191.0
1968,617,27743.0
1969,629,34876.0
1970,616,31265.0
1971,617,30633.0
1972,187,25651.0
1973,614,34374.0
1974,617,32271.0
1975,187,24409.0
1976,624,31728.0
1977,364,29591.0
1978,187,23147.0
1979,616,27188.0
1980,630,23077.0
1981,68,31252.0
1982,617,30201.0
1983,617,27854.0
1984,616,25594.0
1985,614,24551.0
1986,622,26773.0
1987,187,25358.0
1988,614,20105.0
1989,631,24292.0
1990,632,27124.0
1991,623,23753.0
1992,630,19712.0
1993,617,26345.0
1994,633,20768.0
1995,187,21166.0
1996,634,20285.0
1997,187,21252.0
1998,630,24430.0
1999,614,18869.0
2000,635,23986.0
2001,636,23559.0
2002,617,23476.0
2003,616,17984.0
2004,617,19638.0
2005,187,15210.0
2006,616,14774.0
2007,637,17319.0
2008,616,20378.0
2009,187,17563.0
2010,638,17130.0
2011,622,14420.0
2012,622,18046.0
2013,614,18544.0
2014,624,15549.0
2015,622,17797.0
2016,630,18360.0
2017,622,13650.0
2018,616,15383.0
2019,624,13917.0
2020,616,16568.0
2021,622,15336.0
2022,639,15995.0
2023,623,13489.0
2024,624,16184.0
2025,187,13801.0
2026,623,11595.0
2027,630,14381.0
2028,616,14503.0
2029,616,11986.0
2030,616,14762.0
2031,640,11281.0
2032,630,14780.0
2033,632,10125.0
2034,616,10368.0
2035,630,10263.0
2036,622,13534.0
2037,641,12271.0
2038,622,9921.0
2039,623,11196.0
2040,628,11914.0
2041,624,13018.0
2042,632,12525.0
2043,630,11154.0
2044,616,12943.0
2045,637,10216.0
2046,628,12314.0
2047,415,10999.0
2048,630,8829.0
2049,616,11637.0
2050,628,9519.0
2051,175,8438.0
2052,622,7210.0
2053,642,8924.0
2054,643,8782.0
2055,630,9203.0
2056,624,9449.0
2057,642,6665.0
2058,628,8659.0
2059,623,6931.0
2060,192,9043.0
2061,642,8659.0
2062,644,7698.0
2063,637,8195.0
2064,187,7072.0
2065,645,7984.0
2066,641,6941.0
2067,630,6514.0
2068,632,6883.0
2069,622,7758.0
2070,628,6392.0
2071,623,5907.0
2072,641,7367.0
2073,646,7623.0
2074,647,5828.0
2075,628,5526.0
2076,648,6017.0
2077,637,6262.0
2078,622,6968.0
2079,649,6697.0
2080,650,6612.0
2081,628,6963.0
2082,622,6030.0
2083,632,6988.0
2084,651,6148.0
2085,641,4866.0
2086,630,6059.0
2087,647,5220.0
2088,623,5605.0
2089,624,4208.0
2090,632,4411.0
2091,652,5761.0
2092,410,4490.0
2093,623,5699.0
2094,630,4573.0
2095,641,5303.0
2096,623,5403.0
2097,630,5041.0
2098,628,4625.0
2099,640,4439.0
2100,640,4077.0
2101,410,4620.0
2102,642,5323.0
2103,641,5895.0
2104,623,5759.0
2105,420,5548.0
2106,630,5594.0
2107,653,5347.0
2108,640,4535.0
2109,628,5831.0
2110,628,5358.0
2111,654,5133.0
2112,624,4235.0
2113,623,4909.0
2114,622,4936.0
2115,641,5746.0
2116,646,5109.0
2117,623,4775.0
2118,622,5973.0
2119,628,4235.0
2120,642,4861.0
2121,642,4097.0
2122,527,5498.0
2123,647,5853.0
2124,641,4575.0
2125,641,5736.0
2126,655,4597.0
2127,642,5525.0
2128,640,5627.0
2129,640,5944.0
2130,527,5469.0
2131,642,4625.0
2132,623,5674.0
2133,642,4577.0
2134,642,5763.0
2135,640,4238.0
2136,656,5425.0
2137,640,5095.0
2138,646,4204.0
2139,646,4498.0
2140,657,4035.0
2141,628,4953.0
2142,646,4618.0
2143,623,5213.0
2144,658,4608.0
2145,640,4613.0
2146,659,5505.0
2147,640,4108.0
2148,628,5823.0
2149,660,5719.0
2150,646,5352.0
2151,640,5202.0
2152,646,5803.0
2153,640,4383.0
2154,646,4172.0
2155,646,4492.0
2156,646,5607.0
2157,278,5181.0
2158,646,6011.0
2159,642,5727.0
2160,187,5060.0
2161,652,4244.0
2162,661,4200.0
2163,662,5352.0
2164,663,5675.0
2165,271,5049.0
2166,653,4874.0
2167,653,4885.0
2168,653,5565.0
2169,664,69824.0
2170,272,55939.0
2171,272,41967.0
2172,272,42110.0
2173,665,39721.0
2174,666,32989.0
2175,239,24222.0
2176,667,19434.0
2177,48,21727.0
2178,272,16471.0
2179,668,18284.0
2180,669,15712.0
2181,272,16697.0
2182,670,17778.0
2183,435,15424.0
2184,665,14466.0
2185,671,12712.0
2186,672,13292.0
2187,673,10232.0
2188,674,10548.0
2189,366,11052.0
2190,665,10529.0
2191,272,8144.0
2192,675,7976.0
2193,272,8464.0
2194,391,10135.0
2195,3,7760.0
2196,272,8040.0
2197,272,7086.0
2198,668,7813.0
2199,668,6620.0
2200,272,6281.0
2201,272,7122.0
2202,272,5340.0
2203,272,5163.0
2204,256,5599.0
2205,412,4973.0
2206,676,5143.0
2207,673,5584.0
2208,470,6501.0
2209,668,5916.0
2210,677,5633.0
2211,306,5011.0
2212,678,6291.0
2213,668,4889.0
2214,668,4186.0
2215,673,5249.0
2216,679,4240.0
2217,668,4703.0
2218,398,5029.0
2219,673,5767.0
2220,666,5003.0
2221,673,5420.0
2222,680,6002.0
2223,668,4274.0
2224,619,4564.0
2225,681,4805.0
2226,665,4858.0
2227,682,4835.0
2228,683,5833.0
2229,673,5445.0
2230,684,5231.0
2231,668,4632.0
2232,665,5665.0
2233,685,5927.0
2234,686,5657.0
2235,673,4015.0
2236,619,5287.0
2237,665,4115.0
2238,687,4528.0
2239,682,4131.0
2240,688,5225.0
2241,673,5390.0
2242,665,4242.0
2243,689,4781.0
2244,670,4927.0
2245,205,4752.0
2246,690,4255.0
2247,682,4851.0
2248,691,5517.0
2249,682,4153.0
2250,692,4172.0
2251,670,4724.0
2252,665,5902.0
2253,619,5353.0
2254,619,5374.0
2255,670,4738.0
2256,665,5203.0
2257,665,4031.0
2258,567,5288.0
2259,291,5844.0
2260,682,5239.0
2261,670,5764.0
2262,693,5463.0
2263,673,4253.0
2264,673,5823.0
2265,665,4145.0
2266,683,5084.0
2267,673,4297.0
2268,673,4036.0
2269,676,4858.0
2270,665,4987.0
2271,694,5170.0
2272,670,4100.0
2273,683,4258.0
2274,652,5132.0
2275,676,4701.0
2276,676,5474.0
2277,419,5319.0
2278,665,5709.0
2279,670,5402.0
2280,73,4873.0
2281,25,5360.0
2282,682,4564.0
2283,683,4627.0
2284,670,4908.0
2285,695,5612.0
2286,670,5662.0
2287,669,5733.0
2288,683,5849.0
2289,683,4651.0
2290,670,5180.0
2291,673,4757.0
2292,170,5218.0
2293,670,5427.0
2294,683,5391.0
2295,673,4764.0
2296,682,4345.0
2297,682,4873.0
2298,665,4298.0
2299,682,5796.0
2300,696,4704.0
2301,682,4321.0
2302,619,4063.0
2303,682,5306.0
2304,682,5289.0
2305,682,4693.0
2306,697,4155.0
2307,698,4833.0
2308,699,4638.0
2309,92,5371.0
2310,700,5227.0
2311,278,18319.0
2312,701,12240.0
2313,702,14367.0
2314,703,6762.0
2315,704,7257.0
2316,705,5498.0
2317,705,5495.0
2318,706,4312.0
2319,707,5110.0
2320,708,5947.0
2321,701,4783.0
2322,704,4091.0
2323,703,4074.0
2324,708,4791.0
2325,704,4334.0
2326,704,4059.0
2327,701,5530.0
2328,701,4932.0
2329,704,4593.0
2330,703,5819.0
2331,701,4246.0
2332,701,5930.0
2333,705,4643.0
2334,703,5794.0
2335,48,5222.0
2336,708,5671.0
2337,701,5985.0
2338,703,4591.0
2339,703,5941.0
2340,705,4794.0
2341,709,4786.0
2342,705,4694.0
2343,703,5099.0
2344,703,4322.0
2345,703,5124.0
2346,703,5099.0
2347,708,5542.0
2348,705,5686.0
2349,708,4898.0
2350,704,4619.0
2351,704,4532.0
2352,701,4401.0
2353,436,4126.0
2354,701,4698.0
2355,703,4555.0
2356,710,5953.0
2357,711,5130.0
2358,712,4708.0
2359,704,5178.0
2360,701,4291.0
2361,436,4899.0
2362,701,5268.0
2363,713,4993.0
2364,714,4817.0
2365,701,6006.0
2366,705,5780.0
2367,705,5155.0
2368,704,5258.0
2369,135,4415.0
2370,701,4803.0
2371,701,4090.0
2372,701,4966.0
2373,436,5099.0
2374,704,4468.0
2375,709,5945.0
2376,705,5837.0
2377,436,5460.0
2378,704,5081.0
2379,701,5758.0
2380,436,4273.0
2381,704,5598.0
2382,709,4263.0
2383,709,5605.0
2384,709,4566.0
2385,704,5772.0
2386,704,5905.0
2387,436,4310.0
2388,701,4939.0
2389,701,5979.0
2390,709,4982.0
2391,715,5194.0
2392,436,4763.0
2393,709,4584.0
2394,711,4418.0
2395,711,5540.0
2396,709,4788.0
2397,711,5037.0
2398,711,4999.0
2399,711,5168.0
2400,711,5748.0
2401,711,5672.0
2402,711,5928.0
2403,701,4136.0
2404,716,55353.0
2405,717,42475.0
2406,716,36684.0
2407,717,15731.0
2408,718,15239.0
2409,719,10232.0
2410,716,8209.0
2411,717,8363.0
2412,719,8407.0
2413,720,8130.0
2414,716,6241.0
2415,717,6505.0
2416,717,6647.0
2417,717,7090.0
2418,721,5725.0
2419,718,5422.0
2420,716,7090.0
2421,717,4360.0
2422,717,6498.0
2423,498,5750.0
2424,722,5739.0
2425,723,4603.0
2426,717,4039.0
2427,717,5491.0
2428,717,5683.0
2429,716,5497.0
2430,717,4297.0
2431,717,5523.0
2432,13,5552.0
2433,716,5334.0
2434,724,5547.0
2435,718,5710.0
2436,717,5242.0
2437,725,4987.0
2438,716,4168.0
2439,726,4828.0
2440,727,4827.0
2441,725,4143.0
2442,716,4712.0
2443,717,4232.0
2444,716,5634.0
2445,716,5914.0
2446,718,4157.0
2447,721,5926.0
2448,717,5059.0
2449,728,4167.0
2450,729,5015.0
2451,716,4159.0
2452,730,4605.0
2453,716,4478.0
2454,731,4575.0
2455,726,5623.0
2456,721,5874.0
2457,732,4825.0
2458,718,5830.0
2459,355,4656.0
2460,716,4967.0
2461,718,4465.0
2462,718,5975.0
2463,721,5220.0
2464,732,5311.0
2465,727,4257.0
2466,732,5794.0
2467,727,5186.0
2468,716,5264.0
2469,725,4154.0
2470,93,5381.0
2471,721,4497.0
2472,725,5444.0
2473,727,5624.0
2474,721,5119.0
2475,718,5056.0
2476,725,4297.0
2477,716,4557.0
2478,732,5009.0
2479,727,4281.0
2480,732,4120.0
2481,727,4649.0
2482,727,4013.0
2483,733,5038.0
2484,526,4565.0
2485,726,5430.0
2486,721,4137.0
2487,732,5696.0
2488,724,4018.0
2489,726,4507.0
2490,724,4647.0
2491,355,4734.0
2492,718,4554.0
2493,718,5702.0
2494,734,4641.0
2495,577,5595.0
2496,724,5802.0
2497,735,5835.0
2498,733,4768.0
2499,257,5944.0
2500,726,5002.0
2501,733,4790.0
2502,718,4020.0
2503,724,4346.0
2504,137,5441.0
2505,736,5949.0
2506,737,5422.0
2507,716,4223.0
2508,400,5580.0
2509,75,5303.0
2510,727,4109.0
2511,358,5931.0
2512,727,5015.0
2513,727,4879.0
2514,515,4432.0
2515,727,4754.0
2516,727,4116.0
2517,738,5550.0
2518,727,4846.0
2519,733,5720.0
2520,728,5331.0
2521,733,5778.0
2522,526,4444.0
2523,727,5230.0
2524,738,4603.0
2525,738,4285.0
2526,682,5318.0
2527,738,5491.0
2528,738,5303.0
2529,732,4803.0
2530,16,5797.0
2531,739,4587.0
2532,16,4748.0
2533,16,4128.0
2534,16,4235.0
2535,16,4547.0
2536,16,5687.0
2537,16,4041.0
2538,740,5556.0
2539,741,4688.0
2540,128,4050.0
2541,30,4260.0
2542,742,4840.0
2543,742,5001.0
2544,743,4823.0
2545,742,5076.0
2546,743,5203.0
2547,742,4031.0
2548,742,4941.0
2549,743,5941.0
2550,51,5053.0
2551,744,5369.0
2552,745,4637.0
2553,746,113512.0
2554,747,82245.0
2555,213,29906.0
2556,748,20839.0
2557,749,19282.0
2558,306,23162.0
2559,288,23034.0
2560,104,16702.0
2561,750,17189.0
2562,751,13379.0
2563,752,13970.0
2564,753,16368.0
2565,754,14359.0
2566,288,12001.0
2567,288,11751.0
2568,755,9459.0
2569,288,10841.0
2570,750,12475.0
2571,288,14004.0
2572,288,13055.0
2573,752,8967.0
2574,288,12688.0
2575,752,11900.0
2576,750,11271.0
2577,288,9740.0
2578,306,9133.0
2579,288,8410.0
2580,288,7319.0
2581,288,7823.0
2582,306,7358.0
2583,750,7823.0
2584,306,8641.0
2585,288,6952.0
2586,306,5541.0
2587,306,7838.0
2588,750,7705.0
2589,306,7210.0
2590,306,7688.0
2591,756,6482.0
2592,752,7402.0
2593,306,5112.0
2594,752,5659.0
2595,752,5316.0
2596,752,5238.0
2597,306,4618.0
2598,356,5550.0
2599,752,5580.0
2600,288,5170.0
2601,757,4308.0
2602,758,5639.0
2603,752,5288.0
2604,759,4789.0
2605,750,5365.0
2606,760,4533.0
2607,752,4703.0
2608,750,5851.0
2609,750,4596.0
2610,752,4954.0
2611,750,5797.0
2612,752,5433.0
2613,750,4138.0
2614,355,4307.0
2615,752,4028.0
2616,355,5277.0
2617,565,4912.0
2618,565,4282.0
2619,355,5933.0
2620,752,5074.0
2621,761,5017.0
2622,762,5785.0
2623,572,4163.0
2624,762,4560.0
2625,763,5629.0
2626,497,4934.0
2627,762,5108.0
2628,764,4880.0
2629,765,4097.0
2630,762,4344.0
2631,506,4904.0
2632,764,4431.0
2633,764,4113.0
2634,766,5700.0
2635,340,5976.0
2636,764,5605.0
2637,764,5724.0
2638,764,4498.0
2639,767,5937.0
2640,764,4407.0
2641,764,5920.0
2642,764,6007.0
2643,767,5437.0
2644,767,5978.0
2645,764,5155.0
2646,767,4532.0
2647,762,4888.0
2648,409,5199.0
2649,271,4157.0
2650,92,5259.0
2651,768,39776.0
2652,769,23874.0
2653,273,11542.0
2654,770,10624.0
2655,771,7545.0
2656,537,5936.0
2657,772,5055.0
2658,773,5970.0
2659,774,5530.0
2660,516,4334.0
2661,47,4967.0
2662,21,5451.0
2663,775,10063.0
2664,776,10917.0
2665,776,9954.0
2666,381,7924.0
2667,776,7733.0
2668,776,7051.0
2669,776,5434.0
2670,776,4035.0
2671,777,4028.0
2672,778,4725.0
2673,779,5869.0
2674,776,4468.0
2675,779,5284.0
2676,779,4455.0
2677,779,4656.0
2678,376,5710.0
2679,776,5471.0
2680,780,4204.0
2681,779,4871.0
2682,776,4068.0
2683,779,4974.0
2684,776,5338.0
2685,781,4249.0
2686,779,4590.0
2687,779,4810.0
2688,779,5855.0
2689,782,6003.0
2690,779,4101.0
2691,779,5537.0
2692,779,4756.0
2693,780,4799.0
2694,780,5526.0
2695,779,5853.0
2696,779,5916.0
2697,780,5170.0
2698,782,4729.0
2699,779,5589.0
2700,782,4515.0
2701,457,5142.0
2702,577,4732.0
2703,783,5329.0
2704,577,4496.0
2705,782,4397.0
2706,780,5855.0
2707,784,4215.0
2708,780,5027.0
2709,785,4455.0
2710,780,4090.0
2711,577,4085.0
2712,577,4362.0
2713,782,5751.0
2714,780,4579.0
2715,782,5918.0
2716,782,5179.0
2717,780,4886.0
2718,782,5175.0
2719,782,5049.0
2720,527,5535.0
2721,782,4579.0
2722,782,4720.0
2723,782,5806.0
2724,786,5909.0
2725,782,5802.0
2726,577,4854.0
2727,787,5578.0
2728,787,4967.0
2729,787,5011.0
2730,788,4422.0
2731,787,5197.0
2732,787,4387.0
2733,787,4677.0
2734,787,5728.0
2735,787,4427.0
2736,787,4155.0
2737,787,4150.0
2738,787,5898.0
2739,788,5027.0
2740,788,4834.0
2741,787,5639.0
2742,788,5688.0
2743,788,4678.0
2744,788,5403.0
2745,789,5558.0
2746,790,5325.0
2747,787,4316.0
2748,788,5769.0
2749,788,5094.0
2750,788,4578.0
2751,791,4865.0
2752,788,4088.0
2753,788,4266.0
2754,792,5548.0
2755,413,31364.0
2756,793,23505.0
2757,689,19250.0
2758,574,15134.0
2759,574,18151.0
2760,421,10767.0
2761,794,10586.0
2762,89,9957.0
2763,793,9176.0
2764,413,8194.0
2765,413,10780.0
2766,413,11650.0
2767,795,7777.0
2768,796,9163.0
2769,413,8169.0
2770,574,7667.0
2771,413,6326.0
2772,574,5914.0
2773,797,5877.0
2774,793,5928.0
2775,413,5914.0
2776,793,4498.0
2777,793,4755.0
2778,793,5821.0
2779,574,5629.0
2780,793,5985.0
2781,793,5526.0
2782,574,4799.0
2783,798,5195.0
2784,793,5339.0
2785,413,4169.0
2786,413,5101.0
2787,574,5432.0
2788,725,4347.0
2789,793,5576.0
2790,574,5180.0
2791,574,5919.0
2792,574,4096.0
2793,110,4544.0
2794,574,5217.0
2795,413,4605.0
2796,63,5442.0
2797,799,5533.0
2798,530,4217.0
2799,574,5041.0
2800,800,5030.0
2801,232,4750.0
2802,801,5881.0
2803,802,5670.0
2804,803,5408.0
2805,216,5442.0
2806,804,4938.0
2807,92,5857.0
2808,805,5402.0
2809,806,5471.0
2810,807,5738.0
2811,808,4559.0
2812,809,5630.0
2813,810,4401.0
2814,811,165434.0
2815,812,128121.0
2816,248,83781.0
2817,813,64550.0
2818,811,43304.0
2819,814,43244.0
2820,119,38561.0
2821,554,43807.0
2822,811,34353.0
2823,101,32687.0
2824,811,24832.0
2825,815,31348.0
2826,387,25348.0
2827,816,20453.0
2828,817,14207.0
2829,811,19840.0
2830,25,13396.0
2831,394,17665.0
2832,811,18630.0
2833,25,13577.0
2834,811,11725.0
2835,25,14048.0
2836,818,12441.0
2837,25,11235.0
2838,96,12361.0
2839,819,8164.0
2840,25,9693.0
2841,820,10472.0
2842,821,9820.0
2843,822,7335.0
2844,25,9366.0
2845,823,8335.0
2846,25,7543.0
2847,767,6686.0
2848,25,8908.0
2849,824,6688.0
2850,825,6564.0
2851,826,6097.0
2852,827,7047.0
2853,25,6416.0
2854,25,6653.0
2855,25,5137.0
2856,73,5739.0
2857,25,5481.0
2858,828,5802.0
2859,25,5833.0
2860,73,4035.0
2861,25,5363.0
2862,73,4116.0
2863,73,5113.0
2864,829,4589.0
2865,303,4625.0
2866,25,4720.0
2867,73,5258.0
2868,73,4683.0
2869,830,5482.0
2870,830,4823.0
2871,831,4149.0
2872,73,5585.0
2873,131,4585.0
2874,73,4879.0
2875,832,5385.0
2876,833,4679.0
2877,73,4126.0
2878,73,4763.0
2879,20,5904.0
2880,809,5297.0
2881,834,5360.0
2882,131,5279.0
2883,835,4411.0
2884,177,4852.0
2885,836,5519.0
2886,833,4215.0
2887,837,4568.0
2888,488,4567.0
2889,838,4875.0
2890,72,5976.0
2891,839,4146.0
2892,754,5051.0
2893,131,4372.0
2894,840,5955.0
2895,841,4240.0
2896,488,5493.0
2897,842,5425.0
2898,843,615694.0
2899,391,460876.0
2900,843,439824.0
2901,843,382802.0
2902,843,316091.0
2903,843,297709.0
2904,473,238320.0
2905,844,209249.0
2906,844,209630.0
2907,843,219634.0
2908,843,190863.0
2909,845,139798.0
2910,846,137145.0
2911,847,193540.0
2912,271,141809.0
2913,152,128662.0
2914,848,149606.0
2915,845,145936.0
2916,849,135241.0
2917,152,111527.0
2918,843,97142.0
2919,844,142922.0
2920,850,108215.0
2921,851,127203.0
2922,152,124485.0
2923,843,119312.0
2924,852,105117.0
2925,845,99494.0
2926,845,113562.0
2927,844,124740.0
2928,547,125891.0
2929,845,86888.0
2930,843,88264.0
2931,844,107174.0
2932,845,98952.0
2933,152,102287.0
2934,853,77910.0
2935,152,86666.0
2936,854,88660.0
2937,152,87433.0
2938,271,72661.0
2939,271,59833.0
2940,845,74717.0
2941,123,64957.0
2942,845,67389.0
2943,845,80775.0
2944,845,65393.0
2945,855,74543.0
2946,844,55756.0
2947,854,67658.0
2948,152,71620.0
2949,152,50184.0
2950,845,46289.0
2951,844,53673.0
2952,271,45365.0
2953,152,59477.0
2954,152,62084.0
2955,271,51251.0
2956,271,47362.0
2957,271,49411.0
2958,856,53141.0
2959,857,38325.0
2960,854,46924.0
2961,858,47277.0
2962,845,46289.0
2963,271,38283.0
2964,271,44950.0
2965,854,34376.0
2966,854,36000.0
2967,859,45467.0
2968,859,42933.0
2969,152,30851.0
2970,849,34418.0
2971,844,33834.0
2972,854,32737.0
2973,271,31933.0
2974,843,28094.0
2975,483,33359.0
2976,241,35731.0
2977,843,32553.0
2978,152,33263.0
2979,860,25457.0
2980,854,34180.0
2981,861,29976.0
2982,379,30752.0
2983,859,26300.0
2984,271,22290.0
2985,862,24705.0
2986,271,24970.0
2987,859,22265.0
2988,863,15285.0
2989,843,15442.0
2990,483,17783.0
2991,862,15473.0
2992,843,15041.0
2993,859,10678.0
2994,859,12571.0
2995,862,9243.0
2996,862,7115.0
2997,859,6412.0
2998,864,4509.0
2999,862,4897.0
3000,862,5316.0
3001,862,5890.0
3002,862,5667.0
3003,862,4903.0
3004,862,4614.0
3005,862,5020.0
3006,865,4123.0
3007,862,4997.0
3008,862,5868.0
3009,862,4225.0
3010,862,5544.0
3011,866,4834.0
3012,862,5327.0
3013,527,4331.0
3014,862,4154.0
3015,862,4382.0
3016,862,5346.0
3017,567,5781.0
3018,843,5385.0
3019,844,4232.0
3020,177,4593.0
3021,428,35450.0
3022,867,12830.0
3023,320,13155.0
3024,320,11839.0
3025,320,10875.0
3026,495,9948.0
3027,868,11789.0
3028,320,11537.0
3029,869,9531.0
3030,320,11502.0
3031,320,10911.0
3032,320,8053.0
3033,870,7999.0
3034,871,8415.0
3035,872,9649.0
3036,873,9216.0
3037,868,6305.0
3038,869,6875.0
3039,320,6296.0
3040,868,5978.0
3041,320,5173.0
3042,320,6616.0
3043,874,6071.0
3044,320,6392.0
3045,664,6144.0
3046,320,5836.0
3047,875,5236.0
3048,876,4333.0
3049,320,5362.0
3050,868,4372.0
3051,429,5402.0
3052,869,4471.0
3053,868,4247.0
3054,868,4343.0
3055,877,4014.0
3056,871,5453.0
3057,878,5482.0
3058,17,5043.0
3059,869,4336.0
3060,871,4181.0
3061,501,4049.0
3062,879,4345.0
3063,871,5799.0
3064,880,4496.0
3065,869,4722.0
3066,877,4222.0
3067,881,4458.0
3068,882,5053.0
3069,883,5231.0
3070,871,4505.0
3071,884,4126.0
3072,869,4797.0
3073,877,4480.0
3074,873,4452.0
3075,868,5937.0
3076,883,5247.0
3077,877,5128.0
3078,877,4846.0
3079,873,4872.0
3080,877,5096.0
3081,871,5410.0
3082,877,5419.0
3083,873,4355.0
3084,883,5014.0
3085,868,4839.0
3086,132,5757.0
3087,868,5279.0
3088,873,5079.0
3089,883,4242.0
3090,868,5228.0
3091,883,4246.0
3092,877,4686.0
3093,871,4298.0
3094,870,5401.0
3095,385,4424.0
3096,869,4799.0
3097,870,4422.0
3098,870,5031.0
3099,868,4854.0
3100,871,4048.0
3101,883,5602.0
3102,885,4150.0
3103,868,4964.0
3104,883,5135.0
3105,886,5274.0
3106,883,5391.0
3107,887,4520.0
3108,870,5465.0
3109,888,5087.0
3110,883,5688.0
3111,876,5660.0
3112,883,5702.0
3113,871,4986.0
3114,871,4682.0
3115,868,5598.0
3116,888,4379.0
3117,870,5729.0
3118,871,5783.0
3119,871,4948.0
3120,871,4165.0
3121,882,5626.0
3122,883,5818.0
3123,871,4421.0
3124,882,4147.0
3125,870,5771.0
3126,871,4793.0
3127,565,5100.0
3128,883,5952.0
3129,871,4145.0
3130,871,5312.0
3131,889,4160.0
3132,868,4766.0
3133,882,5624.0
3134,887,4883.0
3135,886,6013.0
3136,890,5133.0
3137,871,4657.0
3138,883,4452.0
3139,870,4716.0
3140,870,4761.0
3141,882,4149.0
3142,891,4945.0
3143,871,5463.0
3144,892,5328.0
3145,882,5434.0
3146,888,4450.0
3147,370,5337.0
3148,322,4982.0
3149,291,4022.0
3150,893,5626.0
3151,886,5564.0
3152,888,5114.0
3153,888,4146.0
3154,888,5550.0
3155,888,5183.0
3156,527,5522.0
3157,886,5623.0
3158,888,5050.0
3159,358,4293.0
3160,894,5359.0
3161,322,5499.0
3162,895,4353.0
3163,322,4403.0
3164,888,5798.0
3165,888,5518.0
3166,888,5835.0
3167,896,5536.0
3168,888,5209.0
3169,322,5323.0
3170,322,5793.0
3171,322,5172.0
3172,322,5279.0
3173,322,4325.0
3174,322,4961.0
3175,322,5449.0
3176,322,4555.0
3177,322,4417.0
3178,322,4641.0
3179,322,4495.0
3180,322,4442.0
3181,322,4862.0
3182,322,5831.0
3183,322,5028.0
3184,322,4388.0
3185,322,4166.0
3186,322,5408.0
3187,322,4778.0
3188,322,5659.0
3189,322,5334.0
3190,897,22525.0
3191,53,11794.0
3192,898,9884.0
3193,899,7011.0
3194,900,8883.0
3195,901,7966.0
3196,902,6989.0
3197,903,6801.0
3198,897,5757.0
3199,903,6045.0
3200,902,4761.0
3201,897,5348.0
3202,53,4583.0
3203,901,5339.0
3204,902,5647.0
3205,53,5572.0
3206,902,5539.0
3207,902,4388.0
3208,298,4189.0
3209,904,5414.0
3210,903,4751.0
3211,897,4880.0
3212,903,4075.0
3213,898,4534.0
3214,902,4080.0
3215,53,5776.0
3216,905,4500.0
3217,903,4091.0
3218,906,5349.0
3219,903,4660.0
3220,904,5815.0
3221,898,5794.0
3222,53,4662.0
3223,902,5820.0
3224,903,6011.0
3225,53,5665.0
3226,899,5706.0
3227,53,4510.0
3228,907,5167.0
3229,901,4146.0
3230,377,4202.0
3231,902,6016.0
3232,902,4667.0
3233,908,5511.0
3234,53,5630.0
3235,53,5733.0
3236,902,6014.0
3237,909,4495.0
3238,910,4837.0
3239,911,4273.0
3240,903,4058.0
3241,53,4735.0
3242,912,5586.0
3243,910,5149.0
3244,913,4640.0
3245,53,5324.0
3246,898,4478.0
3247,899,4041.0
3248,898,5546.0
3249,902,5265.0
3250,897,4090.0
3251,907,5691.0
3252,53,5254.0
3253,910,5143.0
3254,909,5264.0
3255,910,5746.0
3256,898,5189.0
3257,912,5179.0
3258,904,6000.0
3259,526,5531.0
3260,910,4898.0
3261,914,5432.0
3262,899,4792.0
3263,903,4472.0
3264,53,5208.0
3265,904,5875.0
3266,902,5878.0
3267,907,5070.0
3268,907,4436.0
3269,915,6009.0
3270,898,5982.0
3271,909,5315.0
3272,903,5625.0
3273,53,5446.0
3274,910,5203.0
3275,53,4119.0
3276,913,4925.0
3277,902,5365.0
3278,53,5371.0
3279,914,4761.0
3280,902,5902.0
3281,898,4347.0
3282,907,5016.0
3283,916,5396.0
3284,910,5410.0
3285,910,5313.0
3286,910,4564.0
3287,912,4325.0
3288,917,5287.0
3289,910,5213.0
3290,907,4371.0
3291,910,5427.0
3292,907,4925.0
3293,903,5690.0
3294,903,4352.0
3295,898,4051.0
3296,898,5574.0
3297,907,5234.0
3298,902,5415.0
3299,902,5693.0
3300,904,5622.0
3301,903,5938.0
3302,898,5089.0
3303,899,4992.0
3304,901,4818.0
3305,910,4321.0
3306,910,5159.0
3307,918,5862.0
3308,899,5181.0
3309,898,5200.0
3310,910,4723.0
3311,903,4115.0
3312,907,4075.0
3313,909,4860.0
3314,898,4182.0
3315,919,5231.0
3316,910,5780.0
3317,898,5781.0
3318,898,5332.0
3319,920,4436.0
3320,907,5742.0
3321,902,5788.0
3322,907,4404.0
3323,907,5489.0
3324,898,4586.0
3325,898,5620.0
3326,898,6013.0
3327,910,5810.0
3328,921,5964.0
3329,910,4942.0
3330,922,5711.0
3331,923,4684.0
3332,923,4146.0
3333,919,5968.0
3334,919,5649.0
3335,924,5721.0
3336,919,5893.0
3337,923,4182.0
3338,923,4784.0
3339,924,4153.0
3340,923,40889.0
3341,923,16582.0
3342,923,16180.0
3343,515,14858.0
3344,923,11563.0
3345,925,11023.0
3346,925,10862.0
3347,855,11811.0
3348,926,11923.0
3349,927,9651.0
3350,870,8817.0
3351,928,10391.0
3352,515,7406.0
3353,268,7292.0
3354,268,7054.0
3355,929,6171.0
3356,459,6463.0
3357,925,5882.0
3358,75,6440.0
3359,923,4755.0
3360,268,4800.0
3361,902,6022.0
3362,515,4572.0
3363,930,4917.0
3364,931,5872.0
3365,268,4322.0
3366,925,4178.0
3367,925,4985.0
3368,268,4618.0
3369,268,5141.0
3370,925,5625.0
3371,268,4287.0
3372,925,5176.0
3373,923,5024.0
3374,309,4300.0
3375,902,5263.0
3376,515,4562.0
3377,932,4992.0
3378,925,4177.0
3379,933,4934.0
3380,515,4628.0
3381,925,5662.0
3382,902,4126.0
3383,923,4850.0
3384,923,4931.0
3385,925,5468.0
3386,934,5166.0
3387,905,5350.0
3388,925,5568.0
3389,268,5741.0
3390,925,4640.0
3391,925,5091.0
3392,1,5696.0
3393,925,5996.0
3394,902,5795.0
3395,935,4757.0
3396,936,4403.0
3397,870,4993.0
3398,925,5497.0
3399,1,4982.0
3400,937,5693.0
3401,938,4736.0
3402,939,5736.0
3403,550,4828.0
3404,923,4669.0
3405,902,4921.0
3406,1,5539.0
3407,935,4264.0
3408,925,4406.0
3409,936,5920.0
3410,936,4363.0
3411,1,5150.0
3412,1,5174.0
3413,936,5305.0
3414,935,4472.0
3415,939,5120.0
3416,936,4757.0
3417,870,4295.0
3418,870,5156.0
3419,939,4382.0
3420,1,4570.0
3421,936,4450.0
3422,936,5667.0
3423,1,4583.0
3424,938,5871.0
3425,940,5957.0
3426,939,5156.0
3427,935,4298.0
3428,1,4763.0
3429,870,5613.0
3430,936,4749.0
3431,939,4186.0
3432,870,5707.0
3433,1,4363.0
3434,938,5361.0
3435,935,4454.0
3436,939,4449.0
3437,939,5766.0
3438,941,4511.0
3439,939,4539.0
3440,935,4013.0
3441,1,5757.0
3442,938,5601.0
3443,935,5270.0
3444,939,5518.0
3445,936,4316.0
3446,939,4930.0
3447,942,4987.0
3448,932,5859.0
3449,870,4090.0
3450,940,4596.0
3451,939,4429.0
3452,939,4488.0
3453,936,5833.0
3454,940,5537.0
3455,938,4321.0
3456,935,4989.0
3457,938,4873.0
3458,677,5209.0
3459,526,6017.0
3460,938,5555.0
3461,677,4810.0
3462,870,4423.0
3463,564,4694.0
3464,677,5035.0
3465,870,5836.0
3466,935,5034.0
3467,83,5016.0
3468,936,4111.0
3469,936,4081.0
3470,935,4890.0
3471,939,5694.0
3472,943,4061.0
3473,944,4912.0
3474,945,4110.0
3475,946,5231.0
3476,491,5514.0
3477,939,5370.0
3478,945,4787.0
3479,943,4143.0
3480,947,5063.0
3481,948,4481.0
3482,948,4704.0
3483,943,5349.0
3484,945,5238.0
3485,949,5373.0
3486,943,4648.0
3487,948,5713.0
3488,724,5910.0
3489,948,4567.0
3490,948,4576.0
3491,949,5944.0
3492,946,4031.0
3493,949,5428.0
3494,948,5260.0
3495,949,5996.0
3496,943,4636.0
3497,948,4693.0
3498,948,4169.0
3499,948,4898.0
3500,950,4534.0
3501,945,4699.0
3502,948,5683.0
3503,948,5886.0
3504,949,4759.0
3505,948,5872.0
3506,358,4135.0
3507,949,4194.0
3508,948,4338.0
3509,949,5203.0
3510,945,4312.0
3511,948,5953.0
3512,358,4906.0
3513,945,5016.0
3514,951,4504.0
3515,949,4954.0
3516,945,5337.0
3517,949,5517.0
3518,637,529347.0
3519,952,421261.0
3520,240,396509.0
3521,953,252637.0
3522,954,214251.0
3523,952,211205.0
3524,955,220157.0
3525,196,195102.0
3526,955,183503.0
3527,952,213030.0
3528,956,192213.0
3529,249,170834.0
3530,955,134876.0
3531,955,154892.0
3532,955,125365.0
3533,956,118464.0
3534,955,115938.0
3535,957,120492.0
3536,952,123064.0
3537,956,142899.0
3538,955,106445.0
3539,958,135377.0
3540,952,121975.0
3541,959,108693.0
3542,960,118414.0
3543,958,110921.0
3544,961,118960.0
3545,249,110355.0
3546,955,97690.0
3547,10,94397.0
3548,956,111514.0
3549,955,126411.0
3550,962,99331.0
3551,963,115070.0
3552,959,101830.0
3553,964,111966.0
3554,249,107035.0
3555,952,93028.0
3556,955,94525.0
3557,956,102700.0
3558,955,79235.0
3559,955,73051.0
3560,959,62430.0
3561,952,87326.0
3562,952,86524.0
3563,965,64246.0
3564,952,77704.0
3565,965,73878.0
3566,952,63236.0
3567,952,87508.0
3568,249,64944.0
3569,966,57736.0
3570,952,71764.0
3571,967,74733.0
3572,249,54540.0
3573,966,71234.0
3574,966,65185.0
3575,959,53485.0
3576,958,54993.0
3577,959,64392.0
3578,249,57359.0
3579,958,73266.0
3580,249,70037.0
3581,959,73862.0
3582,959,55698.0
3583,249,72252.0
3584,968,57536.0
3585,969,54561.0
3586,249,46304.0
3587,966,45723.0
3588,956,56971.0
3589,966,51344.0
3590,958,46366.0
3591,249,52269.0
3592,965,43743.0
3593,249,49656.0
3594,970,44952.0
3595,967,53166.0
3596,956,52759.0
3597,965,44805.0
3598,971,42163.0
3599,966,41837.0
3600,966,47371.0
3601,969,38543.0
3602,959,35655.0
3603,249,33410.0
3604,754,39202.0
3605,249,38832.0
3606,972,43755.0
3607,249,33100.0
3608,959,34084.0
3609,956,39053.0
3610,959,34748.0
3611,969,29169.0
3612,969,28663.0
3613,969,24602.0
3614,956,30890.0
3615,956,21985.0
3616,956,30270.0
3617,956,26973.0
3618,965,24210.0
3619,969,19334.0
3620,969,23459.0
3621,965,21396.0
3622,965,18799.0
3623,973,21388.0
3624,965,23869.0
3625,956,18875.0
3626,965,19871.0
3627,965,14273.0
3628,965,16588.0
3629,965,14241.0
3630,974,17424.0
3631,965,17592.0
3632,965,15536.0
3633,956,11776.0
3634,965,13144.0
3635,975,12683.0
3636,965,11312.0
3637,976,12388.0
3638,965,10953.0
3639,965,9306.0
3640,965,8006.0
3641,965,7404.0
3642,977,6702.0
3643,978,5761.0
3644,979,5278.0
3645,67,5365.0
3646,744,5329.0
3647,980,4151.0
3648,236,4804.0
3649,981,4374.0
3650,398,4327.0
3651,982,5669.0
3652,249,4096.0
3653,983,112674.0
3654,984,97931.0
3655,543,123555.0
3656,984,103423.0
3657,983,85175.0
3658,416,88961.0
3659,983,89754.0
3660,984,92941.0
3661,983,66800.0
3662,985,84529.0
3663,708,85479.0
3664,986,84373.0
3665,984,75002.0
3666,984,74071.0
3667,984,64849.0
3668,983,69169.0
3669,983,60820.0
3670,987,61930.0
3671,984,52135.0
3672,984,58538.0
3673,986,59850.0
3674,986,45405.0
3675,984,58604.0
3676,984,52101.0
3677,984,57546.0
3678,988,48852.0
3679,983,44674.0
3680,983,54253.0
3681,984,41117.0
3682,989,51006.0
3683,983,43684.0
3684,983,43249.0
3685,989,39581.0
3686,987,43757.0
3687,708,38764.0
3688,990,33432.0
3689,991,36390.0
3690,708,29183.0
3691,708,42928.0
3692,989,41449.0
3693,987,30615.0
3694,983,34530.0
3695,983,29573.0
3696,992,31322.0
3697,983,32264.0
3698,987,31233.0
3699,989,23194.0
3700,987,25970.0
3701,989,20628.0
3702,987,27137.0
3703,992,18196.0
3704,708,22856.0
3705,987,23169.0
3706,989,23388.0
3707,986,18446.0
3708,992,25209.0
3709,708,18664.0
3710,987,20922.0
3711,993,17662.0
3712,989,18153.0
3713,983,19729.0
3714,708,18463.0
3715,708,16261.0
3716,708,16063.0
3717,986,17876.0
3718,708,19935.0
3719,992,20876.0
3720,989,15010.0
3721,708,17091.0
3722,989,14990.0
3723,992,14212.0
3724,989,18677.0
3725,986,17890.0
3726,983,14834.0
3727,992,15197.0
3728,992,13636.0
3729,708,18918.0
3730,994,19642.0
3731,989,13750.0
3732,987,14198.0
3733,986,18043.0
3734,992,18272.0
3735,708,14248.0
3736,989,11926.0
3737,992,11672.0
3738,986,14488.0
3739,986,12809.0
3740,987,10824.0
3741,986,13492.0
3742,992,10441.0
3743,987,14337.0
3744,989,11107.0
3745,708,9736.0
3746,986,12349.0
3747,708,11318.0
3748,989,13746.0
3749,708,11634.0
3750,608,10179.0
3751,986,11615.0
3752,708,9503.0
3753,987,11366.0
3754,989,9227.0
3755,994,9682.0
3756,992,7767.0
3757,986,8750.0
3758,987,9971.0
3759,994,9829.0
3760,994,7708.0
3761,994,7700.0
3762,987,9655.0
3763,994,10018.0
3764,992,6939.0
3765,994,7899.0
3766,994,7517.0
3767,992,8884.0
3768,992,6023.0
3769,994,5609.0
3770,994,6872.0
3771,994,5566.0
3772,989,4898.0
3773,994,4682.0
3774,992,4803.0
3775,992,5073.0
3776,992,4336.0
3777,994,5156.0
3778,995,5537.0
3779,992,4549.0
3780,527,4533.0
3781,996,4609.0
3782,278,5669.0
3783,841,4809.0
3784,887,4735.0
3785,887,4327.0
3786,577,5749.0
3787,608,5255.0
3788,278,4838.0
3789,997,4676.0
3790,997,5145.0
3791,187,5720.0
3792,998,4416.0
3793,377,5394.0
3794,999,5127.0
3795,574,5577.0
3796,1000,116571.0
3797,679,78621.0
3798,295,53263.0
3799,1001,70896.0
3800,1002,72691.0
3801,679,42469.0
3802,1002,40697.0
3803,835,45171.0
3804,1003,36403.0
3805,679,35833.0
3806,1002,25297.0
3807,679,25041.0
3808,1002,34543.0
3809,1002,29263.0
3810,679,28836.0
3811,679,23408.0
3812,679,26810.0
3813,1002,25925.0
3814,1004,24081.0
3815,679,24770.0
3816,679,23084.0
3817,1005,21421.0
3818,689,19617.0
3819,1002,19818.0
3820,1006,15454.0
3821,1002,18574.0
3822,1001,13282.0
3823,1002,14661.0
3824,1002,14818.0
3825,1007,11724.0
3826,679,9918.0
3827,679,9790.0
3828,679,11341.0
3829,679,12343.0
3830,1002,8136.0
3831,1002,10849.0
3832,1002,9100.0
3833,1002,7196.0
3834,376,6929.0
3835,1002,4755.0
3836,1008,103045.0
3837,918,40091.0
3838,373,36229.0
3839,232,17521.0
3840,232,19471.0
3841,349,12179.0
3842,232,8918.0
3843,232,8606.0
3844,232,7793.0
3845,1009,8607.0
3846,1010,5761.0
3847,1008,8065.0
3848,1011,6436.0
3849,1012,6380.0
3850,1013,5749.0
3851,1014,4555.0
3852,1015,5327.0
3853,1016,4697.0
3854,232,5849.0
3855,232,4826.0
3856,17,4299.0
3857,1010,5445.0
3858,1012,4601.0
3859,1017,5067.0
3860,1014,5412.0
3861,520,5817.0
3862,1018,5602.0
3863,1014,5368.0
3864,232,5373.0
3865,232,5909.0
3866,1014,4604.0
3867,520,4015.0
3868,1008,4558.0
3869,232,4449.0
3870,1010,5340.0
3871,983,5283.0
3872,232,5200.0
3873,232,4044.0
3874,724,5475.0
3875,1018,4661.0
3876,1010,5346.0
3877,1012,5129.0
3878,1018,4697.0
3879,1019,4281.0
3880,1010,4202.0
3881,520,5682.0
3882,232,5853.0
3883,1020,5317.0
3884,320,4817.0
3885,520,5576.0
3886,1021,4248.0
3887,1018,4013.0
3888,549,5440.0
3889,918,4728.0
3890,520,4523.0
3891,1011,4038.0
3892,1014,5095.0
3893,1018,5720.0
3894,1017,5934.0
3895,1018,5147.0
3896,1018,5043.0
3897,1012,4183.0
3898,1017,5114.0
3899,1014,4775.0
3900,1022,5229.0
3901,1023,4790.0
3902,1008,4494.0
3903,1014,4201.0
3904,932,4643.0
3905,1018,4205.0
3906,918,4367.0
3907,1018,5993.0
3908,918,4904.0
3909,520,5079.0
3910,1018,5765.0
3911,1014,6009.0
3912,1019,5181.0
3913,1024,4668.0
3914,724,4627.0
3915,608,4819.0
3916,918,5362.0
3917,555,5380.0
3918,1014,4643.0
3919,1010,4280.0
3920,1025,5281.0
3921,1019,4269.0
3922,918,5404.0
3923,1026,5417.0
3924,1010,5524.0
3925,1011,5762.0
3926,1017,5015.0
3927,1017,5476.0
3928,520,5255.0
3929,1012,4387.0
3930,918,4584.0
3931,555,4901.0
3932,1019,5250.0
3933,555,5718.0
3934,555,4405.0
3935,918,4266.0
3936,1010,4230.0
3937,1019,4971.0
3938,1027,5187.0
3939,1014,5096.0
3940,724,4184.0
3941,1011,4127.0
3942,555,4224.0
3943,555,5186.0
3944,1017,5103.0
3945,520,4480.0
3946,1017,5292.0
3947,189,5657.0
3948,1019,4096.0
3949,1012,5012.0
3950,918,5394.0
3951,724,4518.0
3952,1012,4629.0
3953,189,5241.0
3954,1017,5636.0
3955,608,5181.0
3956,189,5474.0
3957,1017,4744.0
3958,608,5297.0
3959,918,4393.0
3960,608,5419.0
3961,724,5129.0
3962,918,4731.0
3963,520,5840.0
3964,555,4054.0
3965,1019,4646.0
3966,608,4126.0
3967,278,5550.0
3968,724,5421.0
3969,1016,5367.0
3970,724,4806.0
3971,1019,5530.0
3972,1028,4923.0
3973,1019,4839.0
3974,520,5887.0
3975,918,4515.0
3976,918,4254.0
3977,555,5185.0
3978,1017,5956.0
3979,608,4769.0
3980,1012,4692.0
3981,1029,5026.0
3982,724,4337.0
3983,1016,5332.0
3984,1019,6014.0
3985,555,4919.0
3986,1019,4816.0
3987,1012,4244.0
3988,1018,5785.0
3989,608,4844.0
3990,189,4787.0
3991,1012,5336.0
3992,608,4135.0
3993,1014,5898.0
3994,1017,5314.0
3995,886,5926.0
3996,520,4315.0
3997,1020,5219.0
3998,608,5178.0
3999,632,4817.0
4000,724,4690.0
4001,1014,4265.0
4002,608,4797.0
4003,1030,4334.0
4004,608,5482.0
4005,1010,4430.0
4006,1014,5120.0
4007,918,5206.0
4008,1012,5761.0
4009,520,5169.0
4010,1014,4704.0
4011,1019,5623.0
4012,724,4171.0
4013,1016,5148.0
4014,724,5832.0
4015,608,4605.0
4016,1020,4298.0
4017,1016,4879.0
4018,520,4172.0
4019,1012,5897.0
4020,1016,5676.0
4021,608,4172.0
4022,1019,4968.0
4023,1010,5278.0
4024,1031,5900.0
4025,1032,4260.0
4026,1012,5767.0
4027,653,4367.0
4028,653,4825.0
4029,1031,5048.0
4030,1033,5889.0
4031,653,5361.0
4032,1032,4978.0
4033,555,5635.0
4034,608,5982.0
4035,1019,4573.0
4036,555,4277.0
4037,520,4894.0
4038,632,4774.0
4039,608,4121.0
4040,632,5214.0
4041,1033,5821.0
4042,653,4444.0
4043,555,4901.0
4044,608,4108.0
4045,555,5657.0
4046,1019,5669.0
4047,608,5191.0
4048,632,4719.0
4049,1019,5616.0
4050,632,5277.0
4051,555,5585.0
4052,608,4842.0
4053,608,5933.0
4054,1019,5096.0
4055,1019,4452.0
4056,608,5267.0
4057,1019,4382.0
4058,524,4340.0
4059,1017,4382.0
4060,1031,4784.0
4061,1017,4810.0
4062,1034,430384.0
4063,1035,429678.0
4064,1036,384570.0
4065,289,435785.0
4066,1037,262000.0
4067,1038,293144.0
4068,1039,173769.0
4069,1040,144485.0
4070,34,171689.0
4071,528,161438.0
4072,289,154340.0
4073,289,132071.0
4074,19,118802.0
4075,289,74256.0
4076,1041,75905.0
4077,1042,59556.0
4078,1043,62936.0
4079,289,71324.0
4080,289,73957.0
4081,1042,49448.0
4082,712,69686.0
4083,1044,59333.0
4084,1042,45695.0
4085,799,38946.0
4086,289,40286.0
4087,1042,36896.0
4088,1042,36441.0
4089,289,39749.0
4090,244,32861.0
4091,816,32476.0
4092,289,41025.0
4093,5,35224.0
4094,1042,38211.0
4095,1045,26368.0
4096,1042,28203.0
4097,314,27529.0
4098,579,20614.0
4099,307,18849.0
4100,1042,23788.0
4101,330,22704.0
4102,1042,19728.0
4103,579,19691.0
4104,89,18770.0
4105,1046,15132.0
4106,53,17406.0
4107,1047,15786.0
4108,1042,14939.0
4109,330,20326.0
4110,1042,17726.0
4111,548,17811.0
4112,1042,15071.0
4113,579,13968.0
4114,382,12951.0
4115,382,11775.0
4116,1042,11558.0
4117,1048,12415.0
4118,579,11557.0
4119,1049,8823.0
4120,382,7894.0
4121,170,8913.0
4122,382,5817.0
4123,382,6126.0
4124,1050,6174.0
4125,1048,7007.0
4126,227,7199.0
4127,382,5175.0
4128,382,6623.0
4129,1051,6235.0
4130,579,4855.0
4131,579,5220.0
4132,477,5076.0
4133,1052,6254.0
4134,382,4496.0
4135,1053,5662.0
4136,382,4681.0
4137,16,5477.0
4138,382,4851.0
4139,579,5172.0
4140,382,5679.0
4141,1054,5622.0
4142,1055,5750.0
4143,382,4131.0
4144,1056,5399.0
4145,579,4292.0
4146,37,4844.0
4147,382,5111.0
4148,227,4821.0
4149,1057,5055.0
4150,53,6011.0
4151,227,4284.0
4152,1058,5366.0
4153,1048,4806.0
4154,1059,4276.0
4155,1060,4332.0
4156,1042,5912.0
4157,257,5773.0
4158,227,5831.0
4159,1061,5999.0
4160,227,4431.0
4161,227,4725.0
4162,227,5354.0
4163,227,4981.0
4164,1062,4849.0
4165,1049,4728.0
4166,1063,5203.0
4167,53,5165.0
4168,1064,4335.0
4169,206,4958.0
4170,1065,5121.0
4171,184,5154.0
4172,1066,4432.0
4173,1067,5500.0
4174,1021,51696.0
4175,14,18829.0
4176,321,21844.0
4177,1021,15213.0
4178,1068,13282.0
4179,1021,15102.0
4180,1069,12932.0
4181,1021,13580.0
4182,1021,13276.0
4183,1070,12345.0
4184,1021,11671.0
4185,1071,9489.0
4186,1072,9624.0
4187,213,10090.0
4188,1021,9788.0
4189,1021,9381.0
4190,120,8157.0
4191,1021,7029.0
4192,1073,8548.0
4193,1021,7659.0
4194,507,9016.0
4195,1074,6173.0
4196,1075,7544.0
4197,1076,8262.0
4198,1021,6083.0
4199,1021,6379.0
4200,371,4627.0
4201,1072,5643.0
4202,1072,5271.0
4203,1072,4835.0
4204,1077,5057.0
4205,1078,5808.0
4206,1072,4405.0
4207,1079,4058.0
4208,1072,5738.0
4209,1075,5170.0
4210,1075,5800.0
4211,1075,5211.0
4212,15,5636.0
4213,1072,4873.0
4214,20,5516.0
4215,1075,5844.0
4216,1075,5160.0
4217,1021,4374.0
4218,1075,4549.0
4219,371,4407.0
4220,728,4508.0
4221,1080,4627.0
4222,1081,5124.0
4223,725,5191.0
4224,1071,4869.0
4225,1075,5247.0
4226,1072,4175.0
4227,371,4186.0
4228,1071,4357.0
4229,725,5050.0
4230,1071,4442.0
4231,1075,4580.0
4232,1070,4813.0
4233,1071,5641.0
4234,1071,4041.0
4235,1071,5314.0
4236,127,5352.0
4237,1075,5614.0
4238,725,5884.0
4239,725,4052.0
4240,725,4320.0
4241,1075,5790.0
4242,1075,4932.0
4243,1082,5145.0
4244,1075,5342.0
4245,1071,5376.0
4246,1071,5882.0
4247,1083,6014.0
4248,1084,5458.0
4249,1085,4589.0
4250,1075,5776.0
4251,1071,4111.0
4252,1086,4476.0
4253,1087,5813.0
4254,1088,4526.0
4255,1089,4455.0
4256,1089,4289.0
4257,1090,5735.0
4258,1089,5017.0
4259,1089,5365.0
4260,1088,4491.0
4261,1086,5533.0
4262,1086,5537.0
4263,1091,4639.0
4264,1088,4834.0
4265,1084,4434.0
4266,1088,5972.0
4267,1086,5308.0
4268,1084,5889.0
4269,1088,4621.0
4270,1086,5581.0
4271,1090,5549.0
4272,1086,5399.0
4273,1086,5950.0
4274,1088,4800.0
4275,1086,4275.0
4276,1086,5360.0
4277,1086,5477.0
4278,1088,5166.0
4279,1088,4427.0
4280,1092,5024.0
4281,1086,4638.0
4282,649,4867.0
4283,291,5305.0
4284,1086,5507.0
4285,1086,4478.0
4286,1086,4825.0
4287,1093,4551.0
4288,1086,4411.0
4289,1094,5582.0
4290,1086,5838.0
4291,1086,4755.0
4292,1086,5520.0
4293,1095,5811.0
4294,1095,5709.0
4295,1086,4379.0
4296,1088,5931.0
4297,1095,4768.0
4298,1084,4693.0
4299,1095,4138.0
4300,1096,4989.0
4301,1088,4230.0
4302,1075,4510.0
4303,1097,4646.0
4304,1098,5632.0
4305,486,5768.0
4306,114,4619.0
4307,114,5734.0
4308,1099,5731.0
4309,114,5543.0
4310,1100,74480.0
4311,1101,80969.0
4312,880,57161.0
4313,1007,43803.0
4314,679,34732.0
4315,883,37096.0
4316,1102,31154.0
4317,1103,29994.0
4318,370,34457.0
4319,883,34521.0
4320,883,24837.0
4321,717,33809.0
4322,883,26163.0
4323,883,28001.0
4324,883,28391.0
4325,883,28558.0
4326,1104,29186.0
4327,883,21187.0
4328,883,24769.0
4329,883,18199.0
4330,883,21947.0
4331,8,20218.0
4332,205,16159.0
4333,191,11510.0
4334,205,8841.0
4335,205,11677.0
4336,205,9847.0
4337,205,10835.0
4338,205,8660.0
4339,205,7350.0
4340,205,7788.0
4341,205,6997.0
4342,205,5989.0
4343,205,7401.0
4344,376,6510.0
4345,205,5855.0
4346,770,4935.0
4347,205,5673.0
4348,1105,5674.0
4349,649,5435.0
4350,1051,4222.0
4351,804,5693.0
4352,1106,5356.0
4353,1107,5408.0
4354,1108,4739.0
4355,1109,5774.0
4356,774,5466.0
4357,429,4236.0
4358,234,4829.0
4359,1110,4106.0
4360,1111,45548.0
4361,843,28810.0
4362,1112,20034.0
4363,1113,14437.0
4364,1114,10769.0
4365,1115,12935.0
4366,534,9108.0
4367,1116,9490.0
4368,1117,7386.0
4369,1118,6467.0
4370,843,4502.0
4371,843,5489.0
4372,465,5969.0
4373,1119,4751.0
4374,1120,4726.0
4375,534,4702.0
4376,1121,5055.0
4377,1122,4896.0
4378,843,5775.0
4379,797,5025.0
4380,768,5030.0
4381,1123,4290.0
4382,1124,5980.0
4383,1125,4511.0
4384,1126,4159.0
4385,534,5341.0
4386,768,5206.0
4387,270,4843.0
4388,1127,4858.0
4389,1128,5585.0
4390,534,4403.0
4391,1129,5657.0
4392,2,5313.0
4393,1130,4851.0
4394,830,4929.0
4395,843,4526.0
4396,463,5520.0
4397,843,5039.0
4398,534,4653.0
4399,534,5206.0
4400,1131,6011.0
4401,1132,4884.0
4402,1133,5860.0
4403,1134,4705.0
4404,1135,4122.0
4405,843,4420.0
4406,693,4851.0
4407,1136,4451.0
4408,1132,4012.0
4409,1137,5847.0
4410,1138,5702.0
4411,843,5499.0
4412,534,4347.0
4413,1139,4253.0
4414,1140,4147.0
4415,1141,5464.0
4416,1142,5874.0
4417,122,4874.0
4418,1143,4250.0
4419,1134,5041.0
4420,135,4711.0
4421,1144,4762.0
4422,1145,5257.0
4423,1146,5454.0
4424,1147,4235.0
4425,534,4081.0
4426,1132,6005.0
4427,294,4477.0
4428,135,4119.0
4429,1134,4392.0
4430,1148,4089.0
4431,1149,4797.0
4432,1132,5621.0
4433,768,4695.0
4434,677,4903.0
4435,1134,5368.0
4436,1150,5031.0
4437,959,5737.0
4438,1151,5746.0
4439,768,4031.0
4440,768,5571.0
4441,959,4935.0
4442,1134,5995.0
4443,278,4981.0
4444,1148,5991.0
4445,135,5524.0
4446,1131,4510.0
4447,983,5092.0
4448,1148,6001.0
4449,1152,5731.0
4450,135,4204.0
4451,1134,5428.0
4452,1153,4703.0
4453,1132,4026.0
4454,768,4821.0
4455,135,4481.0
4456,1154,5653.0
4457,135,4686.0
4458,1131,5673.0
4459,1134,4014.0
4460,1131,4631.0
4461,1134,4495.0
4462,1148,4479.0
4463,278,4149.0
4464,135,4385.0
4465,738,5126.0
4466,1155,4597.0
4467,1118,4850.0
4468,1131,4768.0
4469,135,5767.0
4470,1156,5828.0
4471,768,4999.0
4472,135,4673.0
4473,1157,4226.0
4474,959,5923.0
4475,135,4131.0
4476,1158,4610.0
4477,571,4608.0
4478,135,4653.0
4479,249,4340.0
4480,1159,5583.0
4481,1134,4257.0
4482,87,5283.0
4483,1118,4261.0
4484,1160,4154.0
4485,135,5833.0
4486,1118,4393.0
4487,855,5657.0
4488,1158,5105.0
4489,376,4168.0
4490,1118,5930.0
4491,1161,4505.0
4492,371,5735.0
4493,1134,4351.0
4494,1134,5726.0
4495,1162,4039.0
4496,1163,5039.0
4497,278,5557.0
4498,768,5883.0
4499,1158,5835.0
4500,1118,5656.0
4501,135,5791.0
4502,1048,4409.0
4503,479,4579.0
4504,1164,4591.0
4505,1165,4765.0
4506,135,4798.0
4507,278,5104.0
4508,1118,4333.0
4509,1166,5398.0
4510,959,4345.0
4511,53,4633.0
4512,376,5019.0
4513,1167,5610.0
4514,1163,5495.0
4515,959,5304.0
4516,1118,4324.0
4517,959,5108.0
4518,1163,4186.0
4519,959,4766.0
4520,1134,4842.0
4521,1131,4091.0
4522,135,4560.0
4523,1134,5930.0
4524,1168,5926.0
4525,1134,4715.0
4526,1118,4099.0
4527,1169,4373.0
4528,1170,4799.0
4529,1164,5912.0
4530,813,4293.0
4531,407,5543.0
4532,1171,4230.0
4533,1118,5979.0
4534,1131,4777.0
4535,1118,5568.0
4536,376,4697.0
4537,278,5271.0
4538,1131,4398.0
4539,1172,4304.0
4540,959,5891.0
4541,1164,5851.0
4542,376,5789.0
4543,959,5264.0
4544,1131,5635.0
4545,662,4150.0
4546,278,4683.0
4547,1131,4642.0
4548,278,5288.0
4549,1173,4726.0
4550,1167,4311.0
4551,1131,5209.0
4552,959,5644.0
4553,1174,4779.0
4554,1167,4278.0
4555,1131,4407.0
4556,1164,4489.0
4557,1164,5300.0
4558,1175,5214.0
4559,376,5407.0
4560,1164,4739.0
4561,1167,5666.0
4562,1176,4421.0
4563,1177,4952.0
4564,278,5619.0
4565,1118,4373.0
4566,278,4233.0
4567,278,5784.0
4568,1164,4699.0
4569,1167,5383.0
4570,1118,4062.0
4571,1118,5396.0
4572,278,4645.0
4573,1164,4123.0
4574,1167,5236.0
4575,1164,4495.0
4576,1164,4788.0
4577,53,4171.0
4578,1131,4306.0
4579,1178,4608.0
4580,1131,4192.0
4581,1179,5840.0
4582,1180,4024.0
4583,278,4982.0
4584,278,4259.0
4585,300,4628.0
4586,1181,5866.0
4587,53,4334.0
4588,16,5947.0
4589,1164,4424.0
4590,278,5499.0
4591,53,5107.0
4592,1167,5786.0
4593,486,5123.0
4594,1167,5085.0
4595,1170,4405.0
4596,53,4343.0
4597,1167,5850.0
4598,1167,4670.0
4599,640,4757.0
4600,1170,5537.0
4601,53,4690.0
4602,53,5921.0
4603,53,5491.0
4604,1167,5211.0
4605,1167,5779.0
4606,53,4110.0
4607,1170,4528.0
4608,1182,4945.0
4609,53,4466.0
4610,1170,5504.0
4611,1170,5857.0
4612,53,4860.0
4613,53,4696.0
4614,53,5938.0
4615,1170,4905.0
4616,1183,4995.0
4617,1170,4718.0
4618,1183,5836.0
4619,72,5150.0
4620,1183,5542.0
4621,1170,5641.0
4622,1184,4697.0
4623,699,4882.0
4624,1184,5714.0
4625,1184,4741.0
4626,1185,5605.0
4627,1183,5900.0
4628,1184,5262.0
4629,1183,5500.0
4630,1184,5625.0
4631,699,5706.0
4632,1186,4804.0
4633,1187,257360.0
4634,1115,198967.0
4635,3,112358.0
4636,1102,53859.0
4637,1188,53789.0
4638,1189,45371.0
4639,1190,26738.0
4640,3,21072.0
4641,133,26360.0
4642,1191,22825.0
4643,3,19518.0
4644,1192,20217.0
4645,1193,23861.0
4646,3,19715.0
4647,3,17068.0
4648,1193,22388.0
4649,3,20308.0
4650,1194,19797.0
4651,3,16139.0
4652,1195,16327.0
4653,3,18871.0
4654,1196,16162.0
4655,1197,17324.0
4656,1126,12887.0
4657,3,13817.0
4658,1198,11232.0
4659,1199,11388.0
4660,64,10228.0
4661,1193,10379.0
4662,3,14349.0
4663,1200,10562.0
4664,3,12423.0
4665,1007,12875.0
4666,1051,11175.0
4667,684,9102.0
4668,1201,11527.0
4669,1193,10757.0
4670,1201,11201.0
4671,58,10932.0
4672,1193,11245.0
4673,1126,9587.0
4674,1193,7452.0
4675,89,8160.0
4676,77,6288.0
4677,1202,8644.0
4678,124,5646.0
4679,1201,6196.0
4680,1201,7420.0
4681,684,6364.0
4682,1193,5806.0
4683,1193,5867.0
4684,1193,6699.0
4685,684,5183.0
4686,1203,6106.0
4687,1193,4295.0
4688,1201,5569.0
4689,1204,5711.0
4690,1201,4376.0
4691,271,4875.0
4692,1201,4343.0
4693,1193,5429.0
4694,1201,5083.0
4695,1205,5286.0
4696,1206,4406.0
4697,1193,4435.0
4698,1207,4095.0
4699,684,4658.0
4700,1126,5133.0
4701,1208,5731.0
4702,1201,5348.0
4703,1209,4883.0
4704,1201,5921.0
4705,1210,5453.0
4706,66,5877.0
4707,155,5071.0
4708,1211,4531.0
4709,395,4117.0
4710,1212,5469.0
4711,1212,4257.0
4712,1211,4620.0
4713,1212,5082.0
4714,1213,5143.0
4715,1212,5215.0
4716,1212,4347.0
4717,1214,4772.0
4718,1212,5252.0
4719,1215,5956.0
4720,1211,5471.0
4721,1212,5865.0
4722,1216,5538.0
4723,1211,5198.0
4724,1212,4397.0
4725,1211,5349.0
4726,1217,5263.0
4727,1211,5222.0
4728,109,4992.0
4729,1212,5073.0
4730,1211,4683.0
4731,1212,5054.0
4732,1212,4408.0
4733,1212,5628.0
4734,1218,4384.0
4735,574,4180.0
4736,1211,4888.0
4737,1211,5333.0
4738,1211,4889.0
4739,1219,5131.0
4740,1206,4708.0
4741,1218,5882.0
4742,1201,5862.0
4743,818,5017.0
4744,309,4670.0
4745,1070,48300.0
4746,398,28329.0
4747,1220,33503.0
4748,4,24359.0
4749,1221,29449.0
4750,580,16204.0
4751,329,10536.0
4752,1222,10485.0
4753,672,7732.0
4754,50,6271.0
4755,771,8733.0
4756,1072,6077.0
4757,639,6243.0
4758,213,4635.0
4759,398,4979.0
4760,1223,4869.0
4761,672,4162.0
4762,672,4223.0
4763,1048,5690.0
4764,639,4492.0
4765,372,4401.0
4766,1223,5022.0
4767,390,5551.0
4768,672,4135.0
4769,1048,5167.0
4770,395,4249.0
4771,672,4084.0
4772,672,4116.0
4773,1048,5685.0
4774,1223,4248.0
4775,1224,4102.0
4776,322,4888.0
4777,398,5703.0
4778,1225,4537.0
4779,672,4856.0
4780,398,4092.0
4781,672,4909.0
4782,1225,5170.0
4783,672,5155.0
4784,213,4676.0
4785,639,4642.0
4786,398,4225.0
4787,639,4745.0
4788,409,4209.0
4789,213,5546.0
4790,1226,5951.0
4791,1223,5956.0
4792,385,5746.0
4793,1223,5216.0
4794,1223,5415.0
4795,213,4583.0
4796,398,5277.0
4797,1223,4925.0
4798,1048,4977.0
4799,370,4575.0
4800,398,4648.0
4801,213,5864.0
4802,1048,4123.0
4803,777,4984.0
4804,398,5840.0
4805,1227,5233.0
4806,1,5108.0
4807,1227,4510.0
4808,213,4699.0
4809,213,5721.0
4810,1,5132.0
4811,398,5043.0
4812,1228,4210.0
4813,213,4043.0
4814,1227,5941.0
4815,672,4768.0
4816,1227,5219.0
4817,213,4171.0
4818,1227,5382.0
4819,1227,5880.0
4820,1229,5164.0
4821,1227,4263.0
4822,1230,5176.0
4823,213,5547.0
4824,213,4826.0
4825,1231,5774.0
4826,398,5311.0
4827,213,5813.0
4828,213,5261.0
4829,1223,4276.0
4830,1228,4630.0
4831,1049,4415.0
4832,1232,5835.0
4833,1233,5535.0
4834,1223,4614.0
4835,1216,4378.0
4836,1223,5529.0
4837,218,4964.0
4838,754,257791.0
4839,1234,266147.0
4840,754,165786.0
4841,1235,166712.0
4842,1236,168747.0
4843,1234,127766.0
4844,1234,171064.0
4845,754,94655.0
4846,16,88960.0
4847,16,89708.0
4848,754,110599.0
4849,1237,86533.0
4850,1234,85926.0
4851,754,59247.0
4852,754,55890.0
4853,286,58236.0
4854,1234,62897.0
4855,1238,63724.0
4856,754,46044.0
4857,754,55786.0
4858,754,59841.0
4859,1175,48352.0
4860,754,56774.0
4861,1239,41872.0
4862,1234,56027.0
4863,1240,52494.0
4864,369,50856.0
4865,1234,44198.0
4866,16,39123.0
4867,369,47981.0
4868,754,34341.0
4869,1241,34866.0
4870,1234,40175.0
4871,1234,40953.0
4872,754,42975.0
4873,1234,32304.0
4874,1234,39016.0
4875,1234,37346.0
4876,1238,27010.0
4877,369,31239.0
4878,369,29620.0
4879,1242,28863.0
4880,1238,35623.0
4881,1234,29992.0
4882,1243,30644.0
4883,1238,33280.0
4884,1238,25383.0
4885,1244,29860.0
4886,754,23701.0
4887,286,27834.0
4888,1238,20590.0
4889,1245,27428.0
4890,1238,20001.0
4891,286,19970.0
4892,1238,23412.0
4893,16,20143.0
4894,16,21029.0
4895,268,19283.0
4896,1246,20901.0
4897,1238,16418.0
4898,1238,14699.0
4899,1234,16371.0
4900,560,17470.0
4901,16,15314.0
4902,16,16328.0
4903,1247,16311.0
4904,1209,13975.0
4905,369,16775.0
4906,1238,18694.0
4907,1238,13522.0
4908,16,16347.0
4909,113,16524.0
4910,369,14716.0
4911,1248,16048.0
4912,1249,13658.0
4913,286,13863.0
4914,1238,10761.0
4915,1238,14411.0
4916,759,13512.0
4917,759,10001.0
4918,286,11282.0
4919,1238,13977.0
4920,16,10136.0
4921,488,9840.0
4922,754,11220.0
4923,369,10091.0
4924,369,9587.0
4925,16,10145.0
4926,369,10284.0
4927,16,8518.0
4928,369,8306.0
4929,1250,7643.0
4930,16,9320.0
4931,286,8386.0
4932,1250,5884.0
4933,286,8015.0
4934,720,6900.0
4935,286,5511.0
4936,369,6786.0
4937,369,6420.0
4938,286,6392.0
4939,16,4418.0
4940,286,5669.0
4941,378,5130.0
4942,286,4120.0
4943,286,5960.0
4944,16,5039.0
4945,1251,4594.0
4946,759,4953.0
4947,1252,5731.0
4948,1253,4623.0
4949,56,32847.0
4950,1254,16593.0
4951,1255,16280.0
4952,1256,15835.0
4953,1257,9619.0
4954,1258,7094.0
4955,349,5812.0
4956,65,4679.0
4957,482,5897.0
4958,662,4701.0
4959,760,5995.0
4960,1259,4984.0
4961,2,4372.0
4962,306,5798.0
4963,1260,4937.0
4964,1261,5435.0
4965,760,5985.0
4966,760,4112.0
4967,984,4206.0
4968,1262,5457.0
4969,435,4576.0
4970,1133,4383.0
4971,1263,4090.0
4972,1133,4056.0
4973,1133,5566.0
4974,1264,4281.0
4975,1265,4951.0
4976,236,5227.0
4977,1133,4872.0
4978,1265,4067.0
4979,1133,5583.0
4980,482,4033.0
4981,760,5539.0
4982,1265,5805.0
4983,482,4879.0
4984,482,5085.0
4985,779,4966.0
4986,1265,4793.0
4987,1133,5792.0
4988,760,5805.0
4989,760,4683.0
4990,1266,5246.0
4991,1133,5872.0
4992,1263,5943.0
4993,263,5031.0
4994,482,4920.0
4995,482,4569.0
4996,110,5933.0
4997,1266,4299.0
4998,1133,5175.0
4999,1133,4579.0
5000,1267,4573.0
5001,1263,4825.0
5002,1133,6016.0
5003,482,4122.0
5004,482,5171.0
5005,1133,4178.0
5006,1263,4322.0
5007,1265,4894.0
5008,1265,5036.0
5009,1133,4532.0
5010,1265,4647.0
5011,1263,4186.0
5012,1265,4620.0
5013,482,5949.0
5014,1266,5908.0
5015,1268,4683.0
5016,1267,5158.0
5017,672,5836.0
5018,1265,4024.0
5019,1265,5639.0
5020,1266,5915.0
5021,1266,4196.0
5022,373,4336.0
5023,1269,5940.0
5024,1151,5089.0
5025,566,4528.0
5026,1270,4916.0
5027,1271,5401.0
5028,632,5483.0
5029,547,131538.0
5030,89,27088.0
5031,1272,24716.0
5032,232,24303.0
5033,1273,18656.0
5034,851,15990.0
5035,1274,20729.0
5036,1275,14476.0
5037,1276,10567.0
5038,1277,10082.0
5039,851,7986.0
5040,1278,8987.0
5041,547,9338.0
5042,1275,8327.0
5043,1279,8791.0
5044,1272,7638.0
5045,1275,6741.0
5046,851,7433.0
5047,1280,5700.0
5048,851,6183.0
5049,99,5926.0
5050,65,5407.0
5051,1281,6069.0
5052,1273,5168.0
5053,1151,5715.0
5054,1275,5268.0
5055,1282,4697.0
5056,1283,5637.0
5057,232,4490.0
5058,1280,4462.0
5059,232,5024.0
5060,1284,4534.0
5061,1285,4030.0
5062,99,5312.0
5063,232,5037.0
5064,1275,4906.0
5065,232,5951.0
5066,232,5156.0
5067,1279,5744.0
5068,1151,4291.0
5069,99,5153.0
5070,1273,5754.0
5071,99,5180.0
5072,232,5452.0
5073,1286,4757.0
5074,1275,4197.0
5075,1261,4928.0
5076,1273,4803.0
5077,99,5750.0
5078,1275,4502.0
5079,232,5950.0
5080,1275,5936.0
5081,232,4507.0
5082,75,4710.0
5083,1284,5808.0
5084,506,5949.0
5085,851,4901.0
5086,1280,4656.0
5087,1151,5066.0
5088,1287,5392.0
5089,1151,4560.0
5090,99,5488.0
5091,1280,4115.0
5092,1288,4110.0
5093,232,4785.0
5094,1151,4720.0
5095,1151,4644.0
5096,851,4998.0
5097,1289,4653.0
5098,1151,4397.0
5099,1288,4633.0
5100,1290,5967.0
5101,1288,4836.0
5102,851,4905.0
5103,1291,5167.0
5104,1275,5983.0
5105,1275,4497.0
5106,99,5378.0
5107,1151,5447.0
5108,1288,5230.0
5109,1273,4190.0
5110,1275,5369.0
5111,1283,4140.0
5112,1275,5207.0
5113,1279,5495.0
5114,1131,4436.0
5115,1284,5701.0
5116,1292,4072.0
5117,99,5703.0
5118,1283,4935.0
5119,1285,4448.0
5120,851,4281.0
5121,1293,5925.0
5122,188,4156.0
5123,99,4410.0
5124,1275,4710.0
5125,1294,5256.0
5126,1273,5104.0
5127,1280,4263.0
5128,1280,4594.0
5129,1275,4490.0
5130,1279,4441.0
5131,1283,4835.0
5132,1284,5425.0
5133,1275,4449.0
5134,565,4747.0
5135,1285,4795.0
5136,1275,5971.0
5137,1151,5924.0
5138,1275,5618.0
5139,1285,4495.0
5140,1275,4146.0
5141,851,4647.0
5142,1295,4548.0
5143,21,5027.0
5144,1283,5571.0
5145,1280,5734.0
5146,1285,5705.0
5147,1284,4734.0
5148,1279,5390.0
5149,1275,4638.0
5150,1273,4134.0
5151,1151,5417.0
5152,1275,4032.0
5153,1288,4831.0
5154,1275,4673.0
5155,1151,5400.0
5156,1279,5551.0
5157,1284,4622.0
5158,851,5641.0
5159,1285,4599.0
5160,851,4906.0
5161,1275,5471.0
5162,1288,5403.0
5163,1288,5993.0
5164,1285,4462.0
5165,1284,5341.0
5166,1275,5235.0
5167,1285,5846.0
5168,1285,4323.0
5169,1283,5520.0
5170,1280,5152.0
5171,1288,4563.0
5172,1275,4964.0
5173,1288,4679.0
5174,1279,5174.0
5175,1284,5796.0
5176,1275,5152.0
5177,1275,5280.0
5178,1285,5052.0
5179,1283,4113.0
5180,1279,4479.0
5181,851,4999.0
5182,565,4633.0
5183,1279,4376.0
5184,1275,5021.0
5185,1284,4660.0
5186,1279,4530.0
5187,851,4943.0
5188,1279,4279.0
5189,1275,5873.0
5190,1275,5751.0
5191,1288,5430.0
5192,1275,4225.0
5193,743,5565.0
5194,1283,5631.0
5195,1296,5553.0
5196,1279,4240.0
5197,1280,5303.0
5198,1275,5684.0
5199,1100,5168.0
5200,1283,5306.0
5201,1283,4931.0
5202,1275,5071.0
5203,1275,4080.0
5204,1283,5293.0
5205,1279,4176.0
5206,1283,4884.0
5207,1279,4599.0
5208,1275,5106.0
5209,1279,4281.0
5210,577,5401.0
5211,1297,5609.0
5212,1275,4339.0
5213,1298,4222.0
5214,1132,4303.0
5215,1299,5769.0
5216,1300,5072.0
5217,1083,4950.0
5218,1301,4226.0
5219,1083,5315.0
5220,1083,5754.0
5221,1083,5673.0
5222,1083,5268.0
5223,1302,4163.0
5224,1303,4239.0
5225,1304,4111.0
5226,1304,4528.0
5227,984,4285.0
5228,1305,4533.0
5229,1306,4784.0
5230,1307,385473.0
5231,734,185241.0
5232,734,190642.0
5233,734,160319.0
5234,734,107327.0
5235,379,118402.0
5236,86,88674.0
5237,734,90896.0
5238,86,75275.0
5239,734,90782.0
5240,734,68345.0
5241,1308,67514.0
5242,18,84589.0
5243,53,57979.0
5244,242,77149.0
5245,1309,74281.0
5246,734,73633.0
5247,86,76503.0
5248,86,73769.0
5249,1270,49178.0
5250,734,66724.0
5251,89,60968.0
5252,734,59295.0
5253,734,46995.0
5254,767,57371.0
5255,649,61727.0
5256,1310,56837.0
5257,242,47198.0
5258,734,38857.0
5259,734,44512.0
5260,86,52738.0
5261,242,49450.0
5262,734,42146.0
5263,86,34124.0
5264,86,39345.0
5265,86,38608.0
5266,1309,44749.0
5267,1309,39537.0
5268,242,33447.0
5269,1311,35307.0
5270,734,27410.0
5271,649,38621.0
5272,734,30533.0
5273,242,31224.0
5274,1309,28734.0
5275,1312,32630.0
5276,734,31991.0
5277,1309,31578.0
5278,1309,26235.0
5279,649,26644.0
5280,86,22207.0
5281,379,27568.0
5282,379,21058.0
5283,1309,26700.0
5284,649,28615.0
5285,86,28529.0
5286,734,23942.0
5287,830,24027.0
5288,379,19877.0
5289,1309,25544.0
5290,649,26974.0
5291,86,20943.0
5292,1309,22192.0
5293,1313,25931.0
5294,379,25914.0
5295,1314,19753.0
5296,1309,21651.0
5297,379,18110.0
5298,1309,17194.0
5299,1315,23686.0
5300,1316,22250.0
5301,324,20948.0
5302,1309,15323.0
5303,1317,20672.0
5304,1318,17192.0
5305,649,16482.0
5306,530,16198.0
5307,1319,13111.0
5308,1309,17263.0
5309,1309,14956.0
5310,649,11946.0
5311,1309,11606.0
5312,86,10623.0
5313,86,9765.0
5314,1270,11579.0
5315,1318,12266.0
5316,86,8369.0
5317,1309,7745.0
5318,769,8976.0
5319,1320,7512.0
5320,1316,5900.0
5321,734,4714.0
5322,324,5207.0
5323,1321,4559.0
5324,734,4063.0
5325,1322,5483.0
5326,324,5267.0
5327,734,5178.0
5328,734,5499.0
5329,676,5367.0
5330,734,4424.0
5331,530,4720.0
5332,1323,4264.0
5333,16,4273.0
5334,1062,5366.0
5335,734,5733.0
5336,915,5943.0
5337,637,115425.0
5338,746,69209.0
5339,340,35576.0
5340,1324,18064.0
5341,1324,17518.0
5342,1325,15984.0
5343,50,12153.0
5344,1324,12369.0
5345,760,6798.0
5346,387,8457.0
5347,1326,8716.0
5348,1327,6875.0
5349,1239,7893.0
5350,1324,6827.0
5351,1328,7748.0
5352,1324,4798.0
5353,1324,5500.0
5354,1324,4346.0
5355,564,5442.0
5356,1324,4365.0
5357,1324,4485.0
5358,1329,5002.0
5359,1328,5847.0
5360,1330,4437.0
5361,1331,4301.0
5362,252,5535.0
5363,760,5015.0
5364,252,5842.0
5365,166,4305.0
5366,1324,5304.0
5367,1332,4478.0
5368,1333,4327.0
5369,1334,5381.0
5370,1328,5202.0
5371,760,5527.0
5372,760,4632.0
5373,760,4910.0
5374,760,4825.0
5375,1328,5987.0
5376,1324,4598.0
5377,146,4601.0
5378,1324,4723.0
5379,760,5144.0
5380,760,4518.0
5381,760,5848.0
5382,1335,4544.0
5383,1336,5807.0
5384,1337,4221.0
5385,378,5328.0
5386,1338,5829.0
5387,1339,4351.0
5388,657,5953.0
5389,488,4919.0
5390,394,5909.0
5391,1328,5370.0
5392,1340,4616.0
5393,1328,4390.0
5394,252,4621.0
5395,1341,4196.0
5396,378,4300.0
5397,1328,4223.0
5398,161,4860.0
5399,378,5607.0
5400,395,4295.0
5401,378,4272.0
5402,1342,5300.0
5403,378,4406.0
5404,1343,4207.0
5405,564,4347.0
5406,378,5865.0
5407,378,5658.0
5408,1344,4722.0
5409,523,5326.0
5410,958,5089.0
5411,1345,5368.0
5412,378,5379.0
5413,1346,5272.0
5414,1347,4545.0
5415,462,4090.0
5416,472,4923.0
5417,467,5796.0
5418,390,5152.0
5419,1348,5680.0
5420,840,6000.0
5421,1349,4340.0
5422,1350,5399.0
5423,1351,5363.0
5424,1352,5975.0
5425,244,5987.0
5426,1353,5387.0
5427,885,4500.0
5428,1354,5613.0
5429,1355,4225.0
5430,368,5578.0
5431,1356,5837.0
5432,109,4779.0
5433,1357,5278.0
5434,1358,4873.0
5435,1359,4887.0
5436,668,4633.0
5437,1360,5538.0
5438,175,5889.0
5439,1361,5896.0
5440,531,125564.0
5441,1362,141238.0
5442,128,110049.0
5443,747,90467.0
5444,747,78942.0
5445,747,83607.0
5446,747,103681.0
5447,747,91076.0
5448,127,91123.0
5449,747,55681.0
5450,1034,66412.0
5451,747,42958.0
5452,1363,47467.0
5453,576,48878.0
5454,747,39526.0
5455,747,50690.0
5456,747,39580.0
5457,1364,42666.0
5458,1034,38382.0
5459,747,40793.0
5460,1365,33067.0
5461,747,31033.0
5462,118,44520.0
5463,1364,33486.0
5464,63,41260.0
5465,1366,43206.0
5466,1367,31657.0
5467,1364,32345.0
5468,1034,37894.0
5469,747,41535.0
5470,747,40747.0
5471,21,34889.0
5472,1368,38961.0
5473,21,29665.0
5474,576,39925.0
5475,522,39291.0
5476,576,27642.0
5477,248,29142.0
5478,1034,26188.0
5479,576,28019.0
5480,1369,33486.0
5481,1370,27481.0
5482,1364,24046.0
5483,747,26350.0
5484,576,31510.0
5485,1034,26583.0
5486,576,24061.0
5487,1034,21088.0
5488,1364,28840.0
5489,21,26267.0
5490,1371,21162.0
5491,1364,19187.0
5492,1364,17919.0
5493,1034,18473.0
5494,1372,22082.0
5495,1034,24770.0
5496,1364,20839.0
5497,1034,23720.0
5498,1364,20375.0
5499,576,21977.0
5500,21,21951.0
5501,1364,16850.0
5502,248,18135.0
5503,21,19987.0
5504,1373,15434.0
5505,21,17411.0
5506,21,18366.0
5507,1374,21605.0
5508,248,17720.0
5509,1375,19816.0
5510,1034,16895.0
5511,1376,19315.0
5512,330,17420.0
5513,576,18668.0
5514,576,15515.0
5515,1372,16688.0
5516,248,16296.0
5517,1364,14814.0
5518,36,12873.0
5519,248,12036.0
5520,21,11341.0
5521,1034,16156.0
5522,248,12389.0
5523,248,11759.0
5524,576,14390.0
5525,1377,12197.0
5526,21,12911.0
5527,21,10980.0
5528,1378,15029.0
5529,576,14362.0
5530,1367,14389.0
5531,21,11885.0
5532,21,13417.0
5533,1258,10395.0
5534,21,9595.0
5535,1367,9470.0
5536,1034,11731.0
5537,330,10843.0
5538,1367,11048.0
5539,1034,8591.0
5540,1367,10237.0
5541,1378,11358.0
5542,1379,10041.0
5543,1368,11015.0
5544,1380,8965.0
5545,21,11005.0
5546,1034,9935.0
5547,1367,8406.0
5548,1367,8282.0
5549,1381,9284.0
5550,1382,9724.0
5551,1383,8107.0
5552,1376,7527.0
5553,1376,9057.0
5554,1367,8354.0
5555,1367,7491.0
5556,190,7508.0
5557,1372,6455.0
5558,1376,7377.0
5559,1384,6513.0
5560,1376,8255.0
5561,1368,6568.0
5562,1376,6555.0
5563,1372,6721.0
5564,1367,7581.0
5565,1367,7147.0
5566,1385,6054.0
5567,1368,6699.0
5568,1376,6315.0
5569,1386,5848.0
5570,413,4851.0
5571,1368,5394.0
5572,1380,4812.0
5573,1380,6202.0
5574,1382,4839.0
5575,1382,6047.0
5576,1376,5119.0
5577,695,5308.0
5578,1387,5103.0
5579,1034,4271.0
5580,1372,4765.0
5581,1388,4211.0
5582,1372,5262.0
5583,1389,4910.0
5584,1368,5573.0
5585,1390,4456.0
5586,1391,4343.0
5587,1372,4827.0
5588,1368,5871.0
5589,1388,5439.0
5590,1380,4852.0
5591,1372,5050.0
5592,1392,4178.0
5593,555,5985.0
5594,1372,5349.0
5595,1380,4584.0
5596,1376,5188.0
5597,1367,4232.0
5598,1382,5947.0
5599,1376,4362.0
5600,1367,5313.0
5601,1368,4504.0
5602,1393,5453.0
5603,1394,5572.0
5604,1395,5361.0
5605,1396,5242.0
5606,1372,5803.0
5607,1376,4170.0
5608,1376,4675.0
5609,1376,4510.0
5610,1380,5995.0
5611,1378,4794.0
5612,488,5481.0
5613,1376,5386.0
5614,1376,4438.0
5615,1382,4490.0
5616,1380,4576.0
5617,1380,4837.0
5618,1372,4482.0
5619,1133,4050.0
5620,695,5776.0
5621,866,5949.0
5622,1397,4698.0
5623,1368,4691.0
5624,1382,4023.0
5625,1398,5377.0
5626,1380,5668.0
5627,1368,4306.0
5628,1399,4332.0
5629,1372,5598.0
5630,555,5250.0
5631,1380,4101.0
5632,1376,5261.0
5633,1380,4630.0
5634,1380,4753.0
5635,1398,5557.0
5636,1376,5639.0
5637,1398,4816.0
5638,1398,5913.0
5639,1398,4828.0
5640,1398,5559.0
5641,995,4982.0
5642,695,5812.0
5643,1398,5834.0
5644,1398,4188.0
5645,1380,5892.0
5646,1398,5669.0
5647,1380,5601.0
5648,1398,4415.0
5649,1398,5628.0
5650,1398,5717.0
5651,1398,4592.0
5652,1380,4112.0
5653,1398,4313.0
5654,13,5089.0
5655,1372,5168.0
5656,1380,5307.0
5657,1380,5939.0
5658,1400,4103.0
5659,1398,4298.0
5660,1398,4041.0
5661,1398,5150.0
5662,109,5880.0
5663,1372,5347.0
5664,109,5661.0
5665,336,4039.0
5666,1401,5097.0
5667,1402,4934.0
5668,291,5012.0
5669,286,4158.0
5670,699,5384.0
5671,1403,5019.0
5672,109,5544.0
5673,577,4983.0
5674,866,4311.0
5675,1404,5314.0
5676,1405,4357.0
5677,1406,5763.0
5678,1405,5240.0
5679,1407,4327.0
5680,1408,5942.0
5681,1405,5052.0
5682,1405,4157.0
5683,1405,5270.0
5684,1409,4519.0
5685,705,5625.0
5686,1405,5653.0
5687,1037,112133.0
5688,1410,69898.0
5689,1411,60415.0
5690,1412,61672.0
5691,1049,47732.0
5692,1413,42857.0
5693,260,40481.0
5694,1414,23375.0
5695,1415,21315.0
5696,388,24527.0
5697,1415,24516.0
5698,315,17710.0
5699,1415,17093.0
5700,1416,17583.0
5701,256,20122.0
5702,1415,13882.0
5703,1415,17110.0
5704,260,8381.0
5705,1415,9502.0
5706,32,8363.0
5707,387,9229.0
5708,1415,6628.0
5709,1415,7542.0
5710,32,5719.0
5711,1415,6573.0
5712,1417,6912.0
5713,1418,4998.0
5714,569,6679.0
5715,927,5976.0
5716,1419,4629.0
5717,1420,4939.0
5718,1415,4333.0
5719,32,5416.0
5720,32,5535.0
5721,1415,4224.0
5722,32,5026.0
5723,32,5646.0
5724,1049,5889.0
5725,1415,5917.0
5726,32,5087.0
5727,260,4804.0
5728,32,5713.0
5729,1049,5000.0
5730,260,4959.0
5731,1421,4996.0
5732,32,5710.0
5733,260,5682.0
5734,260,4822.0
5735,260,4681.0
5736,1049,4997.0
5737,260,5163.0
5738,260,4491.0
5739,1422,5605.0
5740,32,4987.0
5741,1423,4681.0
5742,1415,4225.0
5743,5,4491.0
5744,260,5917.0
5745,507,4624.0
5746,32,4349.0
5747,32,4936.0
5748,260,4628.0
5749,222,4084.0
5750,1424,4662.0
5751,32,5103.0
5752,32,5117.0
5753,32,4727.0
5754,1425,4909.0
5755,1423,5950.0
5756,1421,4769.0
5757,1426,4530.0
5758,546,4502.0
5759,1425,4928.0
5760,260,5534.0
5761,1423,4426.0
5762,260,5435.0
5763,260,4055.0
5764,1425,4852.0
5765,1425,5568.0
5766,1423,4693.0
5767,1421,5143.0
5768,1417,4424.0
5769,260,5501.0
5770,316,4118.0
5771,1427,5723.0
5772,866,4411.0
5773,1425,5764.0
5774,1417,4721.0
5775,1421,5463.0
5776,1428,4654.0
5777,1421,5829.0
5778,1424,4267.0
5779,337,4370.0
5780,1423,5001.0
5781,1425,4175.0
5782,87,4405.0
5783,1423,5906.0
5784,1423,5970.0
5785,1423,4767.0
5786,1425,5864.0
5787,260,5105.0
5788,1421,4553.0
5789,1425,5421.0
5790,1417,5335.0
5791,1421,5997.0
5792,260,4544.0
5793,1421,5361.0
5794,1417,4117.0
5795,1421,4239.0
5796,1417,4020.0
5797,1423,6018.0
5798,1417,5623.0
5799,1424,5592.0
5800,1417,5035.0
5801,1423,4614.0
5802,1428,4315.0
5803,1424,4583.0
5804,1421,4767.0
5805,1423,5531.0
5806,866,5094.0
5807,1423,4166.0
5808,1421,4048.0
5809,1429,4218.0
5810,1423,4836.0
5811,76,5883.0
5812,866,5292.0
5813,1417,5621.0
5814,1423,4948.0
5815,1421,4738.0
5816,1430,4228.0
5817,1423,5583.0
5818,1421,4350.0
5819,1431,5040.0
5820,1421,4989.0
5821,1432,5266.0
5822,1429,5911.0
5823,1433,5175.0
5824,665,5096.0
5825,1434,4113.0
5826,337,4139.0
5827,1429,4388.0
5828,1062,4077.0
5829,902,5503.0
5830,1374,5464.0
5831,1435,4284.0
5832,668,5685.0
5833,1207,4321.0
5834,373,60539.0
5835,337,45635.0
5836,337,41631.0
5837,524,39285.0
5838,272,43178.0
5839,337,37610.0
5840,1436,45021.0
5841,337,29538.0
5842,165,27265.0
5843,546,24824.0
5844,524,31085.0
5845,39,23583.0
5846,337,29685.0
5847,337,25098.0
5848,524,24824.0
5849,337,21612.0
5850,524,18168.0
5851,524,17267.0
5852,524,17768.0
5853,1437,19232.0
5854,1438,15976.0
5855,689,15106.0
5856,632,20512.0
5857,337,18730.0
5858,524,18389.0
5859,632,15130.0
5860,524,13269.0
5861,1439,12158.0
5862,524,14590.0
5863,1437,14255.0
5864,1440,14496.0
5865,337,14200.0
5866,632,12982.0
5867,524,9589.0
5868,337,9940.0
5869,1437,11973.0
5870,1048,9138.0
5871,1437,8329.0
5872,771,10574.0
5873,337,9227.0
5874,34,10996.0
5875,1437,9960.0
5876,632,7568.0
5877,524,9975.0
5878,170,7520.0
5879,1441,7633.0
5880,1437,7794.0
5881,1437,6553.0
5882,1442,7648.0
5883,1443,6365.0
5884,1437,6995.0
5885,632,6709.0
5886,1201,6698.0
5887,632,6760.0
5888,1437,5024.0
5889,1444,5217.0
5890,771,4917.0
5891,1437,4337.0
5892,455,5612.0
5893,632,5430.0
5894,771,4393.0
5895,1437,4746.0
5896,337,4222.0
5897,1445,5273.0
5898,1183,4256.0
5899,799,5989.0
5900,1437,5576.0
5901,455,4795.0
5902,1397,5172.0
5903,771,5840.0
5904,771,5122.0
5905,429,4360.0
5906,809,4771.0
5907,455,5703.0
5908,771,5303.0
5909,455,5316.0
5910,385,5749.0
5911,1444,5805.0
5912,1446,5858.0
5913,1397,4202.0
5914,92,5103.0
5915,632,5495.0
5916,771,5529.0
5917,1446,5230.0
5918,1397,4346.0
5919,1183,5611.0
5920,1397,5456.0
5921,771,4183.0
5922,455,4943.0
5923,771,4359.0
5924,385,4688.0
5925,771,4047.0
5926,1444,4815.0
5927,1446,5116.0
5928,809,5253.0
5929,546,5341.0
5930,374,5689.0
5931,1183,4444.0
5932,1183,4254.0
5933,181,5720.0
5934,395,4326.0
5935,1446,5966.0
5936,1397,5703.0
5937,809,5015.0
5938,1447,4209.0
5939,1448,5291.0
5940,1449,5113.0
5941,1450,8705.0
5942,1450,6996.0
5943,1450,4524.0
5944,673,5705.0
5945,1451,4403.0
5946,1452,5671.0
5947,1450,5540.0
5948,1452,5443.0
5949,1450,4427.0
5950,1,5152.0
5951,1451,5753.0
5952,1452,4878.0
5953,673,4921.0
5954,1452,4299.0
5955,1450,5921.0
5956,1450,5754.0
5957,1452,5465.0
5958,1450,4635.0
5959,1450,5580.0
5960,1450,4897.0
5961,1451,4779.0
5962,1453,4900.0
5963,1450,4764.0
5964,1450,4748.0
5965,1454,5067.0
5966,1452,5633.0
5967,673,5358.0
5968,1452,4551.0
5969,1452,4570.0
5970,673,5883.0
5971,1450,5461.0
5972,1450,5250.0
5973,673,5034.0
5974,1451,4733.0
5975,1452,4399.0
5976,724,4947.0
5977,673,4119.0
5978,1452,4085.0
5979,1452,5449.0
5980,673,5091.0
5981,1452,5033.0
5982,673,4501.0
5983,1452,4393.0
5984,1452,4936.0
5985,1455,5665.0
5986,1451,4850.0
5987,1451,4158.0
5988,1451,4560.0
5989,1451,5976.0
5990,1451,5209.0
5991,1451,5435.0
5992,1451,4027.0
5993,1303,6256.0
5994,246,4087.0
5995,1456,5154.0
5996,547,5857.0
5997,1261,5954.0
5998,1303,5096.0
5999,1457,4931.0
6000,1303,5908.0
6001,246,5361.0
6002,1458,4142.0
6003,1459,4946.0
6004,246,4493.0
6005,128,4953.0
6006,1458,4925.0
6007,246,5179.0
6008,1460,4728.0
6009,1458,4342.0
6010,1303,5021.0
6011,246,5678.0
6012,246,5342.0
6013,1363,4690.0
6014,1303,5843.0
6015,246,4431.0
6016,246,4091.0
6017,1363,5501.0
6018,1303,5674.0
6019,1363,5953.0
6020,246,5797.0
6021,1363,5215.0
6022,1461,5074.0
6023,1363,4067.0
6024,1363,4507.0
6025,1462,4934.0
6026,127,5273.0
6027,567,5131.0
6028,1363,5502.0
6029,1363,4574.0
6030,341,5145.0
6031,1363,4842.0
6032,1463,5516.0
6033,567,5404.0
6034,1458,6001.0
6035,1363,5012.0
6036,668,4673.0
6037,1363,4894.0
6038,1458,5732.0
6039,1363,5386.0
6040,567,4422.0
6041,1464,5765.0
6042,1363,4130.0
6043,567,5793.0
6044,1303,4672.0
6045,567,4643.0
6046,1303,5040.0
6047,1363,5896.0
6048,567,4108.0
6049,1303,4718.0
6050,218,5732.0
6051,567,4807.0
6052,1458,4411.0
6053,567,4866.0
6054,567,4785.0
6055,567,5849.0
6056,218,5542.0
6057,1465,5026.0
6058,567,5997.0
6059,249,4946.0
6060,185,4129.0
6061,866,4539.0
6062,814,4887.0
6063,278,4326.0
6064,1303,5915.0
6065,152,5552.0
6066,488,4551.0
6067,68,5199.0
6068,1466,5461.0
6069,866,5900.0
6070,1467,5779.0
6071,1002,5044.0
6072,1468,5567.0
6073,307,5138.0
6074,1469,5121.0
6075,1303,4265.0
6076,1113,5075.0
6077,1470,4551.0
6078,1471,4055.0
6079,1472,5462.0
6080,1473,4077.0
6081,152,5207.0
6082,1474,5093.0
6083,181,5956.0
6084,1226,4983.0
6085,887,5700.0
6086,955,6011.0
6087,1458,4875.0
6088,309,4655.0
6089,1475,5830.0
6090,1458,4397.0
6091,16,5247.0
6092,1458,4826.0
6093,89,4713.0
6094,830,4707.0
6095,1051,4543.0
6096,268,5389.0
6097,1051,5914.0
6098,413,4549.0
6099,236,5638.0
6100,413,4122.0
6101,1051,5090.0
6102,1476,4153.0
6103,413,5885.0
6104,1051,5547.0
6105,413,5330.0
6106,413,5664.0
6107,103,5308.0
6108,413,5955.0
6109,1051,5445.0
6110,51,5865.0
6111,820,5049.0
6112,83,4244.0
6113,413,5071.0
6114,413,4265.0
6115,1051,5201.0
6116,1051,4979.0
6117,413,5260.0
6118,507,4032.0
6119,413,4401.0
6120,90,4995.0
6121,413,5918.0
6122,1051,4781.0
6123,1477,317420.0
6124,328,282286.0
6125,1478,239007.0
6126,1477,201770.0
6127,1479,176712.0
6128,1480,145937.0
6129,1314,174407.0
6130,328,123151.0
6131,1480,136106.0
6132,1477,112656.0
6133,461,120049.0
6134,1477,142086.0
6135,1477,107002.0
6136,1478,96475.0
6137,1477,113836.0
6138,1477,90799.0
6139,1477,92021.0
6140,1481,117334.0
6141,47,114717.0
6142,500,118489.0
6143,1482,115475.0
6144,1480,102468.0
6145,1477,77977.0
6146,1479,105206.0
6147,319,105989.0
6148,1477,102585.0
6149,319,89321.0
6150,328,77811.0
6151,1483,94942.0
6152,1484,89604.0
6153,569,95576.0
6154,1480,67462.0
6155,1413,68661.0
6156,1477,67576.0
6157,319,85152.0
6158,1485,65556.0
6159,319,61017.0
6160,1478,86434.0
6161,1477,57252.0
6162,1480,79442.0
6163,319,63394.0
6164,1480,74700.0
6165,1486,63459.0
6166,1479,71991.0
6167,1479,67812.0
6168,319,44155.0
6169,1314,44466.0
6170,328,46895.0
6171,319,55153.0
6172,328,57800.0
6173,1314,48956.0
6174,319,51117.0
6175,1314,42324.0
6176,1479,52620.0
6177,319,55394.0
6178,319,41138.0
6179,1314,45214.0
6180,1314,35811.0
6181,1478,42515.0
6182,1314,40616.0
6183,180,34216.0
6184,1314,38007.0
6185,569,35195.0
6186,1314,34362.0
6187,1487,34544.0
6188,569,26757.0
6189,1314,35969.0
6190,1264,33543.0
6191,1480,27927.0
6192,1314,23367.0
6193,1314,30299.0
6194,1479,30334.0
6195,569,21224.0
6196,1314,20718.0
6197,1314,19034.0
6198,1488,19714.0
6199,569,16119.0
6200,1489,13994.0
6201,213,13309.0
6202,395,12173.0
6203,1225,9544.0
6204,128,9599.0
6205,1490,10022.0
6206,1491,5778.0
6207,328,5432.0
6208,793,4555.0
6209,1492,5495.0
6210,1314,4184.0
6211,14,89776.0
6212,567,58693.0
6213,1493,33965.0
6214,1493,24650.0
6215,1493,20881.0
6216,548,24914.0
6217,1494,21736.0
6218,1495,20006.0
6219,1493,18471.0
6220,1493,18872.0
6221,1496,14935.0
6222,1493,11100.0
6223,1497,9602.0
6224,325,8898.0
6225,1495,10876.0
6226,1498,7519.0
6227,1493,7279.0
6228,331,7410.0
6229,1493,5643.0
6230,53,6427.0
6231,331,5225.0
6232,1493,4339.0
6233,1496,4271.0
6234,1499,5089.0
6235,1500,5890.0
6236,1430,4629.0
6237,331,5756.0
6238,331,5545.0
6239,331,4510.0
6240,1501,4083.0
6241,325,4216.0
6242,1500,5472.0
6243,331,4413.0
6244,331,4757.0
6245,1500,5018.0
6246,1430,5468.0
6247,1502,4239.0
6248,1430,4826.0
6249,1496,4984.0
6250,1501,5095.0
6251,331,5654.0
6252,1496,4355.0
6253,331,5633.0
6254,1496,5401.0
6255,331,5126.0
6256,355,5415.0
6257,331,4839.0
6258,325,4290.0
6259,1496,5346.0
6260,325,5065.0
6261,325,5295.0
6262,331,5832.0
6263,325,5190.0
6264,325,4183.0
6265,325,4914.0
6266,325,5529.0
6267,1503,6795.0
6268,1504,5809.0
6269,614,5388.0
6270,1505,5736.0
6271,1505,4190.0
6272,1506,5748.0
6273,326,4656.0
6274,326,4370.0
6275,1507,4493.0
6276,614,4851.0
6277,614,4515.0
6278,1508,4655.0
6279,614,4282.0
6280,777,4605.0
6281,1509,5160.0
6282,326,4707.0
6283,1507,5510.0
6284,326,5805.0
6285,1510,5530.0
6286,1511,4677.0
6287,326,5506.0
6288,1512,4316.0
6289,554,4273.0
6290,1505,4705.0
6291,1513,5632.0
6292,1514,4507.0
6293,4,4138.0
6294,1515,4277.0
6295,326,5735.0
6296,1514,5284.0
6297,1505,4519.0
6298,1505,5070.0
6299,841,5326.0
6300,394,4478.0
6301,326,5747.0
6302,1507,4633.0
6303,343,5406.0
6304,614,4044.0
6305,1516,4760.0
6306,326,4719.0
6307,1507,5103.0
6308,394,4157.0
6309,1505,5597.0
6310,1508,5370.0
6311,326,5623.0
6312,326,5140.0
6313,1514,5499.0
6314,1508,5339.0
6315,1507,4726.0
6316,614,4602.0
6317,1507,5157.0
6318,1514,5508.0
6319,1505,4771.0
6320,614,4618.0
6321,1505,4932.0
6322,1505,5653.0
6323,614,5877.0
6324,435,5104.0
6325,614,5337.0
6326,614,5822.0
6327,1505,4208.0
6328,614,4476.0
6329,326,5434.0
6330,770,5664.0
6331,326,5731.0
6332,1514,4891.0
6333,1505,4473.0
6334,1517,4596.0
6335,1514,4163.0
6336,1518,5673.0
6337,1505,4870.0
6338,1508,5208.0
6339,326,4192.0
6340,1507,4689.0
6341,1519,5942.0
6342,394,5630.0
6343,1507,4935.0
6344,1505,4460.0
6345,402,5885.0
6346,1518,4702.0
6347,1518,4334.0
6348,1518,5142.0
6349,110,5905.0
6350,1518,4019.0
6351,127,4488.0
6352,1518,5895.0
6353,66,4354.0
6354,614,4240.0
6355,1519,5156.0
6356,614,5739.0
6357,394,4969.0
6358,1514,6007.0
6359,1520,5374.0
6360,614,4159.0
6361,1507,6004.0
6362,1507,4829.0
6363,1508,4588.0
6364,1514,5131.0
6365,614,4621.0
6366,394,4186.0
6367,1508,4014.0
6368,394,4912.0
6369,1310,5689.0
6370,1507,5160.0
6371,394,6015.0
6372,1514,4588.0
6373,1507,4574.0
6374,1310,4330.0
6375,1518,4341.0
6376,1519,4584.0
6377,1519,5602.0
6378,1519,5827.0
6379,1518,5966.0
6380,394,4477.0
6381,394,5779.0
6382,1521,4240.0
6383,394,5286.0
6384,1519,4342.0
6385,1519,4874.0
6386,1518,4588.0
6387,1507,5491.0
6388,394,4921.0
6389,699,5998.0
6390,1519,4123.0
6391,402,4724.0
6392,1508,5021.0
6393,1508,4645.0
6394,394,5474.0
6395,402,5896.0
6396,1519,5627.0
6397,1508,5718.0
6398,402,5116.0
6399,1310,5667.0
6400,402,4619.0
6401,402,4811.0
6402,1519,4648.0
6403,402,4950.0
6404,402,4584.0
6405,1310,5939.0
6406,394,4639.0
6407,402,4209.0
6408,1310,5066.0
6409,394,4126.0
6410,402,4234.0
6411,402,4452.0
6412,402,4944.0
6413,402,4882.0
6414,394,5615.0
6415,402,5495.0
6416,394,4866.0
6417,394,4681.0
6418,1310,4645.0
6419,1227,5564.0
6420,540,4114.0
6421,405,4036.0
6422,543,153795.0
6423,319,55698.0
6424,349,38909.0
6425,1522,36788.0
6426,297,30067.0
6427,1233,29180.0
6428,1522,26178.0
6429,1522,21976.0
6430,288,21067.0
6431,1523,24217.0
6432,794,21684.0
6433,549,14482.0
6434,366,15716.0
6435,1522,11655.0
6436,1524,9908.0
6437,1522,11000.0
6438,366,9757.0
6439,1,11600.0
6440,1522,8212.0
6441,366,9210.0
6442,395,10461.0
6443,1525,10307.0
6444,296,7412.0
6445,877,7565.0
6446,1522,7949.0
6447,1522,6452.0
6448,126,8216.0
6449,1522,7776.0
6450,366,5688.0
6451,1526,5325.0
6452,1527,5211.0
6453,366,6758.0
6454,1522,4974.0
6455,75,5373.0
6456,1522,5287.0
6457,1528,5386.0
6458,366,4260.0
6459,1522,4462.0
6460,181,5879.0
6461,1529,5831.0
6462,101,5577.0
6463,395,4049.0
6464,1522,4665.0
6465,366,5271.0
6466,1522,4562.0
6467,1530,5834.0
6468,395,5279.0
6469,402,4156.0
6470,467,5833.0
6471,1531,5932.0
6472,395,4167.0
6473,366,5078.0
6474,395,4619.0
6475,366,4799.0
6476,1532,4368.0
6477,395,5170.0
6478,1128,5931.0
6479,395,5020.0
6480,395,4178.0
6481,395,5254.0
6482,1062,4692.0
6483,1533,5726.0
6484,395,4882.0
6485,1534,4397.0
6486,395,4392.0
6487,717,5551.0
6488,395,4542.0
6489,1098,5548.0
6490,395,4423.0
6491,1535,4656.0
6492,1536,4945.0
6493,395,5902.0
6494,1537,5879.0
6495,1531,4426.0
6496,1049,83967.0
6497,1538,66351.0
6498,1261,61716.0
6499,1539,58669.0
6500,1540,66674.0
6501,1049,62841.0
6502,310,48393.0
6503,1307,40792.0
6504,1049,46473.0
6505,1136,42455.0
6506,1541,27410.0
6507,311,28512.0
6508,1049,24918.0
6509,1542,21831.0
6510,679,21270.0
6511,1543,19292.0
6512,1049,22781.0
6513,1544,18240.0
6514,1545,14194.0
6515,311,15188.0
6516,311,16957.0
6517,311,15992.0
6518,311,13589.0
6519,679,13195.0
6520,311,16182.0
6521,754,11149.0
6522,679,10159.0
6523,1546,9561.0
6524,1344,8440.0
6525,679,9132.0
6526,754,10553.0
6527,813,9412.0
6528,1344,8011.0
6529,191,9520.0
6530,679,6390.0
6531,679,6544.0
6532,1547,6948.0
6533,311,6944.0
6534,289,5373.0
6535,1548,6195.0
6536,679,6766.0
6537,679,6814.0
6538,679,6580.0
6539,104,5262.0
6540,104,4655.0
6541,1344,5280.0
6542,311,4268.0
6543,104,5910.0
6544,104,4964.0
6545,1549,4648.0
6546,1344,5550.0
6547,1550,5010.0
6548,1551,4633.0
6549,1550,5640.0
6550,548,5750.0
6551,438,5360.0
6552,438,4104.0
6553,1289,5147.0
6554,1552,5542.0
6555,1553,4284.0
6556,1554,4471.0
6557,1554,5784.0
6558,438,4052.0
6559,1554,4964.0
6560,1554,4027.0
6561,1554,5656.0
6562,1554,4732.0
6563,1554,5096.0
6564,1554,5370.0
6565,1555,5421.0
6566,1556,5928.0
6567,1557,179808.0
6568,1038,77474.0
6569,1278,71085.0
6570,776,37634.0
6571,13,18357.0
6572,1038,15465.0
6573,414,15929.0
6574,1038,12417.0
6575,8,10202.0
6576,1558,9152.0
6577,320,8024.0
6578,1559,9003.0
6579,325,5620.0
6580,1560,6230.0
6581,470,6406.0
6582,1038,5350.0
6583,470,5938.0
6584,1038,6081.0
6585,959,5558.0
6586,855,4089.0
6587,1561,4402.0
6588,855,5087.0
6589,89,5886.0
6590,256,5686.0
6591,855,5700.0
6592,717,4619.0
6593,470,4873.0
6594,1038,4954.0
6595,649,4326.0
6596,1038,4073.0
6597,1562,5912.0
6598,855,4493.0
6599,84,4492.0
6600,855,4179.0
6601,855,5872.0
6602,1038,5171.0
6603,1563,5350.0
6604,99,5839.0
6605,855,4704.0
6606,855,5255.0
6607,1564,4089.0
6608,1565,4384.0
6609,617,5679.0
6610,1561,5550.0
6611,579,4714.0
6612,617,4766.0
6613,617,5081.0
6614,28,4012.0
6615,617,4495.0
6616,28,4429.0
6617,1561,4515.0
6618,617,5626.0
6619,28,4572.0
6620,28,4395.0
6621,617,5023.0
6622,617,5747.0
6623,617,4496.0
6624,1561,4170.0
6625,1561,4726.0
6626,28,5511.0
6627,617,5115.0
6628,28,5648.0
6629,1561,5935.0
6630,1561,5602.0
6631,1561,5224.0
6632,28,5001.0
6633,1561,4093.0
6634,1561,5985.0
6635,10,663025.0
6636,398,216387.0
6637,1022,244723.0
6638,398,209164.0
6639,476,227224.0
6640,1566,210009.0
6641,1247,164293.0
6642,398,189357.0
6643,1567,137790.0
6644,1568,139982.0
6645,14,142723.0
6646,349,146510.0
6647,14,152459.0
6648,1567,126658.0
6649,212,137919.0
6650,1569,110952.0
6651,504,148952.0
6652,370,115434.0
6653,504,128406.0
6654,1570,91029.0
6655,524,98742.0
6656,398,109720.0
6657,1247,118986.0
6658,1571,99018.0
6659,14,114009.0
6660,212,91126.0
6661,370,86616.0
6662,1247,73266.0
6663,1572,94314.0
6664,1573,75087.0
6665,398,96000.0
6666,137,95976.0
6667,1247,95389.0
6668,1574,80780.0
6669,504,85423.0
6670,212,86867.0
6671,421,66614.0
6672,14,79449.0
6673,370,61102.0
6674,390,74115.0
6675,1575,63874.0
6676,1576,61837.0
6677,1212,66864.0
6678,398,68167.0
6679,370,72055.0
6680,1572,56635.0
6681,1567,68180.0
6682,504,58285.0
6683,1577,68457.0
6684,1573,69486.0
6685,1578,66784.0
6686,1579,71413.0
6687,14,58490.0
6688,14,68502.0
6689,398,60031.0
6690,1576,61292.0
6691,370,65255.0
6692,1247,48983.0
6693,14,64259.0
6694,1569,63061.0
6695,558,55596.0
6696,1567,49046.0
6697,212,49146.0
6698,370,68297.0
6699,1567,62222.0
6700,1576,49208.0
6701,1573,54313.0
6702,504,59219.0
6703,558,64770.0
6704,1580,46275.0
6705,370,49757.0
6706,370,64133.0
6707,1581,44197.0
6708,1573,48186.0
6709,1247,64292.0
6710,14,56544.0
6711,398,48924.0
6712,14,43155.0
6713,14,41633.0
6714,1568,45560.0
6715,1576,57154.0
6716,370,47577.0
6717,1567,50757.0
6718,14,53406.0
6719,1567,43785.0
6720,370,39847.0
6721,1567,44014.0
6722,1568,50789.0
6723,1582,48835.0
6724,1582,35833.0
6725,1567,46297.0
6726,1568,43842.0
6727,1573,49529.0
6728,1567,35457.0
6729,421,42108.0
6730,370,47210.0
6731,421,39475.0
6732,370,40512.0
6733,398,33606.0
6734,370,36740.0
6735,1567,37290.0
6736,1568,47200.0
6737,1569,36262.0
6738,1577,38896.0
6739,1583,41624.0
6740,370,33646.0
6741,1582,38635.0
6742,504,42386.0
6743,212,44019.0
6744,398,40146.0
6745,398,40428.0
6746,212,31414.0
6747,504,43280.0
6748,504,31275.0
6749,212,40140.0
6750,1576,32654.0
6751,370,41802.0
6752,370,38708.0
6753,1584,37387.0
6754,1567,30086.0
6755,370,33058.0
6756,504,35341.0
6757,558,37296.0
6758,212,28018.0
6759,1568,38767.0
6760,575,37651.0
6761,1247,29504.0
6762,1568,35751.0
6763,1576,31456.0
6764,421,30447.0
6765,212,28137.0
6766,1567,31338.0
6767,398,32173.0
6768,504,28250.0
6769,504,30444.0
6770,504,31179.0
6771,370,31167.0
6772,1567,23506.0
6773,1585,32176.0
6774,1576,27636.0
6775,1586,25427.0
6776,212,24784.0
6777,421,27408.0
6778,1573,31364.0
6779,212,25635.0
6780,1567,29635.0
6781,1587,22362.0
6782,1568,26114.0
6783,749,31415.0
6784,1588,28706.0
6785,1569,22535.0
6786,1572,25013.0
6787,1573,22084.0
6788,1582,23664.0
6789,1568,27250.0
6790,1572,27082.0
6791,212,21326.0
6792,1247,27948.0
6793,212,24763.0
6794,504,22693.0
6795,1571,23738.0
6796,1589,24631.0
6797,1571,24155.0
6798,1582,23251.0
6799,1247,23401.0
6800,1568,20260.0
6801,1576,25544.0
6802,212,23005.0
6803,212,18975.0
6804,1569,23563.0
6805,1247,24975.0
6806,421,24480.0
6807,1051,19384.0
6808,1576,17460.0
6809,1568,20339.0
6810,1568,17052.0
6811,1572,23632.0
6812,1247,17277.0
6813,1576,17640.0
6814,1576,18718.0
6815,1572,18350.0
6816,1582,21046.0
6817,1576,18445.0
6818,1569,16255.0
6819,1582,16766.0
6820,1569,18297.0
6821,1573,15557.0
6822,1568,18705.0
6823,1568,18369.0
6824,137,19257.0
6825,1577,20681.0
6826,137,19861.0
6827,137,20045.0
6828,1589,15027.0
6829,558,14232.0
6830,1590,15324.0
6831,1573,19226.0
6832,1572,19418.0
6833,1576,18514.0
6834,1247,13376.0
6835,1582,18114.0
6836,1247,14867.0
6837,1247,12019.0
6838,1247,14542.0
6839,1573,11838.0
6840,1582,14688.0
6841,421,13337.0
6842,137,13615.0
6843,558,14206.0
6844,137,15568.0
6845,1576,14422.0
6846,421,12729.0
6847,1573,14593.0
6848,137,14977.0
6849,421,10835.0
6850,137,12827.0
6851,137,11515.0
6852,1569,10177.0
6853,1572,13192.0
6854,137,14137.0
6855,1572,10669.0
6856,1569,13727.0
6857,137,13908.0
6858,1573,14126.0
6859,421,10943.0
6860,1582,13968.0
6861,1457,11115.0
6862,1569,11856.0
6863,1567,9382.0
6864,1582,9338.0
6865,558,11754.0
6866,558,10455.0
6867,1582,9545.0
6868,1572,9232.0
6869,1571,11144.0
6870,1247,8244.0
6871,1573,11546.0
6872,318,8485.0
6873,558,8858.0
6874,1573,9581.0
6875,1582,9943.0
6876,1569,9229.0
6877,1573,9054.0
6878,1591,11350.0
6879,1582,10017.0
6880,1573,7646.0
6881,558,9116.0
6882,1582,10620.0
6883,137,8254.0
6884,137,7462.0
6885,1572,9826.0
6886,1572,9206.0
6887,1572,8883.0
6888,137,6810.0
6889,137,7030.0
6890,1582,8574.0
6891,1582,7143.0
6892,1572,8087.0
6893,1572,8101.0
6894,1571,7178.0
6895,558,9024.0
6896,137,8662.0
6897,1577,8110.0
6898,1592,6181.0
6899,137,6103.0
6900,558,7173.0
6901,137,6187.0
6902,1577,8438.0
6903,1571,5975.0
6904,1571,6827.0
6905,1572,6487.0
6906,1593,7243.0
6907,1572,5757.0
6908,1582,6489.0
6909,1573,5956.0
6910,137,7481.0
6911,1569,5285.0
6912,1577,7457.0
6913,1582,7207.0
6914,1577,5823.0
6915,558,7022.0
6916,1582,4977.0
6917,1577,7207.0
6918,1593,6122.0
6919,1582,5447.0
6920,558,5552.0
6921,1594,4832.0
6922,1572,6910.0
6923,137,4565.0
6924,1582,5885.0
6925,1572,5313.0
6926,1582,6336.0
6927,1577,4505.0
6928,558,5078.0
6929,558,4980.0
6930,137,5420.0
6931,1582,4149.0
6932,137,4398.0
6933,558,4443.0
6934,1577,5492.0
6935,1572,4393.0
6936,1577,5162.0
6937,558,4444.0
6938,1579,5742.0
6939,1569,5904.0
6940,1577,5052.0
6941,1577,4720.0
6942,1577,4482.0
6943,107,4111.0
6944,1579,4551.0
6945,1595,5323.0
6946,660,4803.0
6947,663,5403.0
6948,1579,4993.0
6949,887,5042.0
6950,1596,4550.0
6951,1597,4926.0
6952,567,4957.0
6953,1598,5429.0
6954,1579,5896.0
6955,1599,4673.0
6956,429,4096.0
6957,305,5006.0
6958,1571,5103.0
6959,1600,4348.0
6960,1601,5537.0
6961,1492,5988.0
6962,1571,5910.0
6963,1602,4408.0
6964,1571,5769.0
6965,429,5423.0
6966,1102,112801.0
6967,627,73509.0
6968,533,65099.0
6969,1603,49272.0
6970,1604,41840.0
6971,533,35671.0
6972,533,30227.0
6973,533,23198.0
6974,1443,28443.0
6975,533,21730.0
6976,1605,20428.0
6977,533,15306.0
6978,533,17368.0
6979,533,13496.0
6980,498,12103.0
6981,883,12919.0
6982,533,11894.0
6983,533,12591.0
6984,1606,8086.0
6985,1142,8608.0
6986,1258,7660.0
6987,533,9944.0
6988,1607,8118.0
6989,452,8504.0
6990,1608,7109.0
6991,1443,6150.0
6992,883,8180.0
6993,1443,5989.0
6994,1443,6142.0
6995,533,6520.0
6996,1443,4573.0
6997,533,5690.0
6998,1607,5086.0
6999,1443,4567.0
7000,1607,4134.0
7001,456,4337.0
7002,883,5805.0
7003,883,5387.0
7004,1443,4511.0
7005,1609,4142.0
7006,1610,5395.0
7007,1607,5158.0
7008,1611,4823.0
7009,1612,4742.0
7010,883,4446.0
7011,1607,5354.0
7012,1613,5954.0
7013,883,4363.0
7014,1614,5207.0
7015,1607,4908.0
7016,453,4520.0
7017,196,5666.0
7018,1615,4985.0
7019,104,5100.0
7020,915,4619.0
7021,1607,4375.0
7022,1607,4183.0
7023,303,5440.0
7024,207,4404.0
7025,1607,5391.0
7026,1616,4795.0
7027,1607,4845.0
7028,1607,4950.0
7029,236,4748.0
7030,1607,4212.0
7031,1607,4631.0
7032,1617,5343.0
7033,1607,5345.0
7034,182,4583.0
7035,959,4932.0
7036,1145,4399.0
7037,1607,4431.0
7038,1145,4058.0
7039,1618,4432.0
7040,1619,4468.0
7041,407,4573.0
7042,1145,4266.0
7043,1620,5296.0
7044,1145,4164.0
7045,1145,4282.0
7046,1145,5304.0
7047,1145,4694.0
7048,542,5431.0
7049,1145,5131.0
7050,63,4526.0
7051,1145,5318.0
7052,1621,4243.0
7053,1622,5084.0
7054,662,4889.0
7055,1623,4549.0
7056,1145,5223.0
7057,849,6018.0
7058,1145,4823.0
7059,20,324498.0
7060,20,185690.0
7061,20,172360.0
7062,20,129893.0
7063,20,125390.0
7064,20,108463.0
7065,20,125234.0
7066,20,113174.0
7067,20,90748.0
7068,20,71134.0
7069,20,75419.0
7070,20,52931.0
7071,20,68793.0
7072,20,49875.0
7073,20,47269.0
7074,1624,19631.0
7075,1624,12144.0
7076,1625,9126.0
7077,1624,12285.0
7078,1624,10399.0
7079,1624,8909.0
7080,564,8113.0
7081,816,5523.0
7082,600,5006.0
7083,1624,4821.0
7084,1624,5373.0
7085,1624,4856.0
7086,1624,5941.0
7087,1625,5215.0
7088,325,5631.0
7089,1625,4232.0
7090,600,4808.0
7091,1624,4687.0
7092,1624,5153.0
7093,1624,5740.0
7094,1624,4169.0
7095,1624,4157.0
7096,1624,5717.0
7097,600,4438.0
7098,1624,5352.0
7099,1624,5099.0
7100,600,4262.0
7101,600,4272.0
7102,600,5130.0
7103,600,5910.0
7104,600,4844.0
7105,600,4668.0
7106,600,5229.0
7107,600,5878.0
7108,1626,57987.0
7109,1270,41113.0
7110,1270,27043.0
7111,1563,28114.0
7112,263,33482.0
7113,1270,34409.0
7114,378,27799.0
7115,1627,26945.0
7116,378,32413.0
7117,1270,21925.0
7118,1628,25207.0
7119,1270,25101.0
7120,1629,25238.0
7121,1630,25242.0
7122,378,21496.0
7123,1631,23831.0
7124,300,23167.0
7125,68,19509.0
7126,378,19629.0
7127,1270,16659.0
7128,1270,15188.0
7129,1632,15341.0
7130,1270,15831.0
7131,1270,16260.0
7132,68,18302.0
7133,1270,17381.0
7134,378,17104.0
7135,75,14212.0
7136,378,14095.0
7137,1270,14023.0
7138,769,12808.0
7139,68,11932.0
7140,1633,14718.0
7141,1270,15891.0
7142,1563,11479.0
7143,68,10815.0
7144,1627,14506.0
7145,1630,11354.0
7146,1563,13982.0
7147,1627,12354.0
7148,1270,13302.0
7149,884,10383.0
7150,1634,11316.0
7151,10,10129.0
7152,378,10446.0
7153,1631,9523.0
7154,1270,8308.0
7155,1051,9236.0
7156,1270,9237.0
7157,378,9975.0
7158,1563,9508.0
7159,811,9207.0
7160,378,7184.0
7161,385,9167.0
7162,1529,8334.0
7163,1630,9312.0
7164,1627,9289.0
7165,1631,6397.0
7166,1627,8775.0
7167,21,6240.0
7168,1310,7192.0
7169,378,7681.0
7170,1631,6372.0
7171,68,8070.0
7172,103,5273.0
7173,1635,5676.0
7174,811,6608.0
7175,1631,6805.0
7176,1631,7113.0
7177,378,6514.0
7178,68,6331.0
7179,68,5664.0
7180,205,4631.0
7181,1636,4766.0
7182,1630,5663.0
7183,1630,5912.0
7184,242,5245.0
7185,632,5822.0
7186,10,5267.0
7187,1627,4295.0
7188,811,4527.0
7189,1630,5856.0
7190,1630,5606.0
7191,1637,5926.0
7192,612,4319.0
7193,811,6097.0
7194,1638,4499.0
7195,10,4068.0
7196,1563,6022.0
7197,1639,4574.0
7198,811,5350.0
7199,274,4365.0
7200,1630,5173.0
7201,533,5826.0
7202,378,4653.0
7203,1631,5355.0
7204,1630,4388.0
7205,483,5265.0
7206,1630,4685.0
7207,421,4434.0
7208,10,4637.0
7209,811,4370.0
7210,1633,5818.0
7211,679,4808.0
7212,1640,4504.0
7213,1627,4910.0
7214,569,4654.0
7215,142,5504.0
7216,1627,5956.0
7217,10,4888.0
7218,1627,5738.0
7219,1627,5147.0
7220,1627,4326.0
7221,1068,5397.0
7222,811,5040.0
7223,306,5316.0
7224,1641,5795.0
7225,10,4894.0
7226,637,5819.0
7227,1642,5515.0
7228,1643,4992.0
7229,1644,5222.0
7230,1358,4665.0
7231,1547,5983.0
7232,1216,5348.0
7233,1645,4099.0
7234,1216,4667.0
7235,1216,5261.0
7236,1216,4124.0
7237,476,4059.0
7238,1216,4913.0
7239,28,4679.0
7240,470,4891.0
7241,813,4538.0
7242,1216,4341.0
7243,1216,5394.0
7244,1216,5043.0
7245,155,4413.0
7246,1646,4653.0
7247,1647,5199.0
7248,398,4156.0
7249,1648,4307.0
7250,56,4158.0
7251,1216,5640.0
7252,1563,5522.0
7253,1216,5520.0
7254,1566,5448.0
7255,1649,5353.0
7256,79,4968.0
7257,1097,5297.0
7258,866,4088.0
7259,378,5259.0
7260,28,5572.0
7261,434,5013.0
7262,1249,4727.0
7263,1650,4564.0
7264,21,5299.0
7265,1566,5401.0
7266,1651,5760.0
7267,1652,4697.0
7268,1566,5555.0
7269,1566,5138.0
7270,311,5782.0
7271,1566,5069.0
7272,73,5050.0
7273,1566,5171.0
7274,1566,5516.0
7275,1566,5947.0
7276,1566,4160.0
7277,1566,4119.0
7278,1566,5893.0
7279,378,5074.0
7280,1645,5246.0
7281,309,4980.0
7282,1505,5553.0
7283,855,5509.0
7284,1505,4638.0
7285,1505,4627.0
7286,1653,5694.0
7287,331,5780.0
7288,1654,4528.0
7289,1505,5203.0
7290,193,5889.0
7291,1505,5373.0
7292,1654,4845.0
7293,482,5395.0
7294,47,4702.0
7295,717,4567.0
7296,1505,5518.0
7297,1505,4725.0
7298,1655,4075.0
7299,1505,5123.0
7300,482,5087.0
7301,99,5698.0
7302,698,4076.0
7303,331,4748.0
7304,1505,4488.0
7305,482,4909.0
7306,193,5925.0
7307,482,4458.0
7308,482,5862.0
7309,1505,4866.0
7310,1505,5988.0
7311,714,5122.0
7312,1505,5881.0
7313,482,4021.0
7314,1505,5512.0
7315,482,5822.0
7316,558,4205.0
7317,1656,153682.0
7318,390,173907.0
7319,1657,150223.0
7320,1657,112748.0
7321,390,90943.0
7322,1658,69713.0
7323,1659,91095.0
7324,1660,65586.0
7325,1660,82360.0
7326,557,86117.0
7327,390,62101.0
7328,1661,73467.0
7329,1656,53389.0
7330,1657,56979.0
7331,1656,43240.0
7332,1592,53471.0
7333,1662,42942.0
7334,1490,45202.0
7335,390,46681.0
7336,1663,38320.0
7337,1664,45881.0
7338,273,37976.0
7339,1659,41242.0
7340,1162,33207.0
7341,273,38229.0
7342,1657,29570.0
7343,390,32935.0
7344,390,30427.0
7345,1659,36189.0
7346,390,29455.0
7347,390,37378.0
7348,273,36818.0
7349,390,27651.0
7350,1665,32775.0
7351,273,24397.0
7352,1656,27731.0
7353,390,31441.0
7354,1660,30806.0
7355,1661,30192.0
7356,273,24737.0
7357,1657,25722.0
7358,273,21569.0
7359,273,27871.0
7360,390,25410.0
7361,273,27285.0
7362,1659,22489.0
7363,390,23037.0
7364,1592,23031.0
7365,273,19285.0
7366,1656,21620.0
7367,589,25697.0
7368,1592,26144.0
7369,1660,22241.0
7370,273,21481.0
7371,1656,17339.0
7372,1660,24379.0
7373,1660,16841.0
7374,1660,24572.0
7375,358,20437.0
7376,273,17849.0
7377,1661,21903.0
7378,273,15102.0
7379,1661,19189.0
7380,1660,18652.0
7381,1656,16166.0
7382,652,17442.0
7383,1657,18871.0
7384,273,19348.0
7385,1661,13695.0
7386,1656,19862.0
7387,1592,14478.0
7388,1660,13549.0
7389,1657,11354.0
7390,1666,11746.0
7391,273,16318.0
7392,1661,12602.0
7393,1656,10986.0
7394,1661,10656.0
7395,273,13590.0
7396,273,14183.0
7397,213,11115.0
7398,273,9341.0
7399,1592,10192.0
7400,1660,9279.0
7401,916,9286.0
7402,1661,9431.0
7403,1656,10636.0
7404,1659,9407.0
7405,652,12086.0
7406,1657,10362.0
7407,1659,9115.0
7408,1657,9118.0
7409,1657,8842.0
7410,1592,9924.0
7411,1656,8832.0
7412,1660,10206.0
7413,1592,10506.0
7414,1656,8272.0
7415,1656,9039.0
7416,1592,7331.0
7417,1661,7681.0
7418,1592,8280.0
7419,1661,7313.0
7420,652,9317.0
7421,1667,6548.0
7422,1659,7380.0
7423,1660,7690.0
7424,916,7749.0
7425,47,6797.0
7426,1661,8004.0
7427,1668,7158.0
7428,1657,6463.0
7429,1656,5412.0
7430,1661,6328.0
7431,1659,7157.0
7432,1656,6471.0
7433,1661,6899.0
7434,1660,5906.0
7435,1660,4428.0
7436,1661,4179.0
7437,1665,4739.0
7438,1659,5472.0
7439,1665,5598.0
7440,1667,4606.0
7441,1659,4857.0
7442,1665,4476.0
7443,1661,4285.0
7444,1669,4407.0
7445,1665,4122.0
7446,273,4407.0
7447,1665,4031.0
7448,1665,5270.0
7449,1592,5961.0
7450,1667,4400.0
7451,1669,5693.0
7452,1664,4077.0
7453,598,5899.0
7454,1665,5802.0
7455,1657,5101.0
7456,1665,5323.0
7457,1665,4788.0
7458,1664,4102.0
7459,1665,4930.0
7460,1665,5794.0
7461,1665,4223.0
7462,1665,4434.0
7463,1665,4814.0
7464,1657,4313.0
7465,1670,5021.0
7466,1665,4897.0
7467,1665,4997.0
7468,1665,5713.0
7469,1665,5428.0
7470,1665,4995.0
7471,366,30463.0
7472,755,35650.0
7473,366,22020.0
7474,366,13819.0
7475,366,13100.0
7476,366,15438.0
7477,755,11219.0
7478,366,14198.0
7479,366,10044.0
7480,366,12380.0
7481,366,9226.0
7482,755,9235.0
7483,683,10164.0
7484,755,7981.0
7485,366,8024.0
7486,1671,6302.0
7487,366,6127.0
7488,366,6427.0
7489,755,6411.0
7490,755,4943.0
7491,366,4701.0
7492,263,4836.0
7493,1672,5310.0
7494,755,5441.0
7495,755,4371.0
7496,263,4169.0
7497,755,5899.0
7498,263,4534.0
7499,263,5724.0
7500,263,5744.0
7501,755,5560.0
7502,263,4348.0
7503,755,5659.0
7504,263,5551.0
7505,263,5209.0
7506,263,4689.0
7507,263,4538.0
7508,755,4255.0
7509,1673,5034.0
7510,263,5186.0
7511,1674,4733.0
7512,263,4965.0
7513,1263,4742.0
7514,1674,5297.0
7515,1674,5822.0
7516,1062,4339.0
7517,1674,4778.0
7518,1674,4295.0
7519,1674,5266.0
7520,1674,5474.0
7521,1263,5882.0
7522,1263,4572.0
7523,1675,5918.0
7524,1674,4139.0
7525,1674,5221.0
7526,1676,4126.0
7527,1062,5803.0
7528,1263,5076.0
7529,1062,5351.0
7530,1263,5681.0
7531,1674,4314.0
7532,1263,4089.0
7533,1674,5775.0
7534,1062,4641.0
7535,1263,4271.0
7536,1263,4951.0
7537,1674,5213.0
7538,1062,4070.0
7539,1263,4563.0
7540,1677,4078.0
7541,1263,4856.0
7542,1674,5809.0
7543,1062,5982.0
7544,558,5289.0
7545,1675,5830.0
7546,1674,5048.0
7547,1263,4319.0
7548,1263,5860.0
7549,1263,5532.0
7550,77,5476.0
7551,1674,5436.0
7552,1675,4413.0
7553,1263,4435.0
7554,77,5390.0
7555,1675,4453.0
7556,1676,4892.0
7557,1678,5581.0
7558,1263,5584.0
7559,1263,4921.0
7560,1675,5601.0
7561,1675,5695.0
7562,1675,5325.0
7563,1675,4470.0
7564,1676,4561.0
7565,1675,4642.0
7566,1675,4246.0
7567,77,4559.0
7568,1679,4430.0
7569,1676,4926.0
7570,1675,5834.0
7571,1676,4221.0
7572,1675,5456.0
7573,1263,5392.0
7574,1675,4204.0
7575,1263,5862.0
7576,1675,5152.0
7577,1676,4742.0
7578,1675,5528.0
7579,1675,4528.0
7580,1675,5695.0
7581,1676,4910.0
7582,1594,275673.0
7583,1594,85967.0
7584,1680,86289.0
7585,547,77685.0
7586,239,67544.0
7587,677,69895.0
7588,380,60403.0
7589,1594,65692.0
7590,1680,42454.0
7591,1681,42554.0
7592,1594,41245.0
7593,534,35308.0
7594,672,28224.0
7595,1594,27322.0
7596,1594,29373.0
7597,1594,20270.0
7598,672,22077.0
7599,672,23177.0
7600,677,18232.0
7601,1025,18200.0
7602,1682,14195.0
7603,1681,12508.0
7604,393,15653.0
7605,1594,11366.0
7606,672,11645.0
7607,1025,13624.0
7608,668,10897.0
7609,672,13668.0
7610,672,13624.0
7611,677,10141.0
7612,1683,9014.0
7613,380,11798.0
7614,380,10225.0
7615,672,8588.0
7616,380,10726.0
7617,1025,7980.0
7618,1227,11207.0
7619,393,8242.0
7620,1025,8054.0
7621,672,7724.0
7622,677,10505.0
7623,1681,8911.0
7624,393,9223.0
7625,1684,7831.0
7626,380,6932.0
7627,1025,6588.0
7628,1685,6961.0
7629,1686,7075.0
7630,1434,7254.0
7631,677,6029.0
7632,380,7762.0
7633,1646,5639.0
7634,523,7504.0
7635,672,5078.0
7636,393,6165.0
7637,75,5767.0
7638,1681,5907.0
7639,393,6153.0
7640,380,5787.0
7641,1687,5468.0
7642,779,5957.0
7643,1682,5681.0
7644,420,6164.0
7645,380,4607.0
7646,393,5297.0
7647,393,5228.0
7648,677,4754.0
7649,1025,4987.0
7650,393,4640.0
7651,380,4296.0
7652,1688,4440.0
7653,1689,4224.0
7654,380,5381.0
7655,677,5337.0
7656,1682,5920.0
7657,1690,5476.0
7658,1025,4115.0
7659,1691,5783.0
7660,393,5742.0
7661,380,4900.0
7662,1681,5189.0
7663,1692,5971.0
7664,677,5079.0
7665,677,5829.0
7666,393,4177.0
7667,1693,4393.0
7668,1681,4898.0
7669,1681,5186.0
7670,1694,5649.0
7671,1695,5994.0
7672,677,4792.0
7673,1681,4107.0
7674,1696,5618.0
7675,1682,5224.0
7676,1025,4411.0
7677,1220,5003.0
7678,1692,5502.0
7679,1682,5559.0
7680,1696,5013.0
7681,420,4624.0
7682,523,5964.0
7683,1682,5342.0
7684,110,4830.0
7685,1681,4575.0
7686,1687,5478.0
7687,1028,4497.0
7688,786,4355.0
7689,1697,5075.0
7690,420,4592.0
7691,420,5273.0
7692,420,4248.0
7693,1682,5325.0
7694,1682,4581.0
7695,1692,4011.0
7696,420,4265.0
7697,1681,5887.0
7698,1682,5755.0
7699,420,4480.0
7700,1682,5575.0
7701,420,5232.0
7702,1682,5958.0
7703,1698,4762.0
7704,1696,5379.0
7705,1693,4138.0
7706,1682,4804.0
7707,420,5944.0
7708,1682,5093.0
7709,1699,4588.0
7710,420,4252.0
7711,1681,5423.0
7712,1696,5304.0
7713,1696,4761.0
7714,1696,4055.0
7715,567,4622.0
7716,1700,5857.0
7717,959,112521.0
7718,272,29976.0
7719,768,20070.0
7720,689,20856.0
7721,1531,12553.0
7722,66,6281.0
7723,1701,5605.0
7724,331,4377.0
7725,1702,5441.0
7726,504,4783.0
7727,1703,4816.0
7728,724,5583.0
7729,887,5943.0
7730,504,4266.0
7731,355,4854.0
7732,504,4976.0
7733,887,4766.0
7734,504,4739.0
7735,887,4116.0
7736,504,5386.0
7737,887,4887.0
7738,1704,4402.0
7739,887,5646.0
7740,887,5623.0
7741,1211,4987.0
7742,504,4609.0
7743,887,5293.0
7744,887,4590.0
7745,504,4484.0
7746,887,5477.0
7747,887,4092.0
7748,504,4202.0
7749,887,4025.0
7750,504,4318.0
7751,1705,4151.0
7752,887,6009.0
7753,1706,4590.0
7754,887,4310.0
7755,1707,4494.0
7756,1708,5888.0
7757,1709,1501925.0
7758,1344,449044.0
7759,637,351121.0
7760,1617,229363.0
7761,1038,154416.0
7762,1133,122826.0
7763,961,115465.0
7764,1223,111453.0
7765,725,118277.0
7766,1133,97033.0
7767,1072,108512.0
7768,961,76343.0
7769,1072,79509.0
7770,1072,85856.0
7771,1133,96418.0
7772,961,76634.0
7773,1617,79846.0
7774,1617,64400.0
7775,1617,57626.0
7776,1133,55285.0
7777,961,59778.0
7778,1133,54810.0
7779,1710,50868.0
7780,1710,62559.0
7781,1711,45274.0
7782,961,56756.0
7783,1710,52581.0
7784,1617,55049.0
7785,1072,56081.0
7786,961,50612.0
7787,1133,48948.0
7788,725,58271.0
7789,1100,60898.0
7790,1237,45711.0
7791,961,43546.0
7792,1072,58662.0
7793,961,45939.0
7794,214,46725.0
7795,1133,42100.0
7796,1072,35566.0
7797,961,43019.0
7798,1617,41916.0
7799,1617,35937.0
7800,1072,38431.0
7801,966,41866.0
7802,1712,37460.0
7803,725,29878.0
7804,725,33353.0
7805,1712,34600.0
7806,1713,35657.0
7807,1072,33480.0
7808,725,27104.0
7809,1133,33775.0
7810,725,32913.0
7811,1133,24581.0
7812,1710,28052.0
7813,1714,26329.0
7814,725,29981.0
7815,1133,23727.0
7816,1072,27705.0
7817,1072,30466.0
7818,1617,28893.0
7819,1710,29957.0
7820,1072,30051.0
7821,725,20255.0
7822,1710,26363.0
7823,725,23993.0
7824,1133,28336.0
7825,1617,21607.0
7826,725,28568.0
7827,1617,23027.0
7828,1710,24585.0
7829,1133,18186.0
7830,1628,18870.0
7831,725,23756.0
7832,1712,17210.0
7833,1710,23105.0
7834,1628,16264.0
7835,1628,21300.0
7836,725,18715.0
7837,725,20344.0
7838,961,20730.0
7839,1628,17974.0
7840,1617,16157.0
7841,1617,15704.0
7842,1710,19549.0
7843,1072,19033.0
7844,1712,19524.0
7845,1710,17541.0
7846,1715,16721.0
7847,1712,16485.0
7848,725,13881.0
7849,1628,15569.0
7850,725,19536.0
7851,1710,18689.0
7852,1710,15012.0
7853,725,16258.0
7854,1710,17794.0
7855,1628,13267.0
7856,1716,10092.0
7857,1628,10177.0
7858,1628,11660.0
7859,1628,13563.0
7860,1628,12042.0
7861,1710,9063.0
7862,1628,9132.0
7863,1712,11298.0
7864,1712,11485.0
7865,1712,9816.0
7866,1717,9616.0
7867,1628,6912.0
7868,1712,9460.0
7869,1712,9282.0
7870,1712,7492.0
7871,577,8755.0
7872,1712,7086.0
7873,1712,6407.0
7874,1712,6645.0
7875,1718,6462.0
7876,1718,6888.0
7877,1719,7040.0
7878,1628,7244.0
7879,1712,6778.0
7880,1712,6070.0
7881,1714,5313.0
7882,1720,6582.0
7883,1712,5866.0
7884,1721,4888.0
7885,1722,5509.0
7886,1723,5731.0
7887,1718,5005.0
7888,1718,4275.0
7889,1718,5410.0
7890,1718,4426.0
7891,1718,4899.0
7892,1718,4142.0
7893,1724,5667.0
7894,1718,4265.0
7895,652,5821.0
7896,1718,5746.0
7897,1725,4944.0
7898,1726,5504.0
7899,1727,5253.0
7900,1728,5589.0
7901,1725,4988.0
7902,699,4940.0
7903,699,5589.0
7904,1725,5126.0
7905,1725,4374.0
7906,1725,4950.0
7907,699,5955.0
7908,100,5636.0
7909,1133,4077.0
7910,1725,4950.0
7911,1725,5310.0
7912,1725,5679.0
7913,1729,4109.0
7914,1730,5114.0
7915,1725,4407.0
7916,417,4647.0
7917,235,4575.0
7918,1731,5076.0
7919,546,215050.0
7920,1732,170933.0
7921,785,160718.0
7922,495,86657.0
7923,56,67393.0
7924,329,69534.0
7925,1733,71336.0
7926,329,64056.0
7927,329,55667.0
7928,1734,58637.0
7929,1588,52644.0
7930,1735,41415.0
7931,1049,41862.0
7932,56,46493.0
7933,689,44512.0
7934,56,50570.0
7935,329,46338.0
7936,1736,42588.0
7937,1732,38197.0
7938,1539,38176.0
7939,1732,42334.0
7940,1732,38477.0
7941,672,39736.0
7942,127,29691.0
7943,1737,34319.0
7944,1732,34474.0
7945,436,25973.0
7946,1732,27758.0
7947,1738,32916.0
7948,268,25468.0
7949,1732,28075.0
7950,56,22446.0
7951,329,26461.0
7952,63,21165.0
7953,329,29734.0
7954,1739,26479.0
7955,268,25709.0
7956,1740,22618.0
7957,268,21221.0
7958,1598,19907.0
7959,1658,23068.0
7960,56,23077.0
7961,1732,19090.0
7962,1741,21463.0
7963,56,18551.0
7964,1742,17617.0
7965,436,16951.0
7966,1743,15218.0
7967,1734,13740.0
7968,56,15015.0
7969,632,16559.0
7970,329,15558.0
7971,1477,15653.0
7972,1744,18308.0
7973,1151,12623.0
7974,184,13108.0
7975,56,11304.0
7976,1734,10120.0
7977,63,13714.0
7978,1745,12623.0
7979,1741,13329.0
7980,1732,10371.0
7981,436,11904.0
7982,883,10134.0
7983,436,9735.0
7984,63,8674.0
7985,63,8864.0
7986,63,8966.0
7987,1746,8064.0
7988,416,11202.0
7989,546,8657.0
7990,56,7724.0
7991,1732,7742.0
7992,436,9025.0
7993,268,7157.0
7994,546,9702.0
7995,1734,9975.0
7996,1747,7410.0
7997,436,7985.0
7998,1734,6542.0
7999,416,8526.0
8000,416,7065.0
8001,1748,6664.0
8002,84,7868.0
8003,436,7034.0
8004,436,6300.0
8005,1749,7078.0
8006,1734,6410.0
8007,63,7112.0
8008,3,5236.0
8009,268,6895.0
8010,1698,6608.0
8011,99,5135.0
8012,1734,6443.0
8013,546,5832.0
8014,1750,6722.0
8015,1734,4793.0
8016,1751,5843.0
8017,1751,5230.0
8018,1151,6463.0
8019,1068,5048.0
8020,1748,6345.0
8021,416,6161.0
8022,1006,4771.0
8023,1752,5850.0
8024,268,6042.0
8025,496,4517.0
8026,1247,4888.0
8027,1748,5056.0
8028,1151,4604.0
8029,1151,4042.0
8030,416,4452.0
8031,416,4577.0
8032,1753,4903.0
8033,1753,4355.0
8034,1754,5764.0
8035,1755,5424.0
8036,1741,4182.0
8037,1756,5316.0
8038,329,5324.0
8039,546,5928.0
8040,416,4509.0
8041,416,5873.0
8042,1734,5880.0
8043,1141,5457.0
8044,1757,5550.0
8045,1151,4194.0
8046,268,5041.0
8047,268,4475.0
8048,1758,4373.0
8049,1151,5636.0
8050,1046,4283.0
8051,268,4951.0
8052,1734,5895.0
8053,662,4385.0
8054,1759,5976.0
8055,63,6005.0
8056,63,5125.0
8057,1151,4351.0
8058,416,4645.0
8059,1734,4864.0
8060,1760,4631.0
8061,503,4574.0
8062,1431,5963.0
8063,1748,4320.0
8064,63,5480.0
8065,1761,4012.0
8066,63,5205.0
8067,268,5848.0
8068,1151,4587.0
8069,416,4383.0
8070,1762,5321.0
8071,63,5440.0
8072,63,5390.0
8073,1748,4653.0
8074,1757,4518.0
8075,1431,5930.0
8076,63,5860.0
8077,51,4928.0
8078,416,4917.0
8079,349,4864.0
8080,416,4323.0
8081,1763,4868.0
8082,1764,5089.0
8083,416,4056.0
8084,721,4902.0
8085,416,5576.0
8086,1750,5377.0
8087,416,5284.0
8088,1765,5836.0
8089,416,4044.0
8090,1748,5129.0
8091,1761,5590.0
8092,416,5095.0
8093,1748,4287.0
8094,1761,5788.0
8095,1761,4954.0
8096,1748,5773.0
8097,1761,5185.0
8098,878,5365.0
8099,1748,5626.0
8100,1748,5335.0
8101,1748,4811.0
8102,1748,5042.0
8103,1748,5622.0
8104,1734,4760.0
8105,1748,4789.0
8106,1732,4204.0
8107,792,5846.0
8108,132,4193.0
8109,1766,318092.0
8110,1767,280372.0
8111,373,189140.0
8112,1768,157397.0
8113,1769,116317.0
8114,1769,140545.0
8115,195,142087.0
8116,239,133769.0
8117,1490,97244.0
8118,195,110188.0
8119,373,100739.0
8120,1310,102867.0
8121,373,78569.0
8122,60,69275.0
8123,373,78273.0
8124,60,77671.0
8125,60,65511.0
8126,195,57694.0
8127,1310,57424.0
8128,373,55777.0
8129,60,52908.0
8130,1770,51881.0
8131,60,64623.0
8132,4,43797.0
8133,1145,56301.0
8134,60,43622.0
8135,195,45499.0
8136,1310,39569.0
8137,1225,43006.0
8138,373,51833.0
8139,60,53412.0
8140,373,40287.0
8141,1771,41574.0
8142,373,41318.0
8143,1310,46522.0
8144,1310,43361.0
8145,1540,39029.0
8146,1772,39301.0
8147,1773,41660.0
8148,373,29399.0
8149,1310,34774.0
8150,60,39945.0
8151,1310,37613.0
8152,1310,34779.0
8153,756,31143.0
8154,60,28750.0
8155,373,30361.0
8156,1310,31004.0
8157,60,27512.0
8158,1310,30094.0
8159,1310,31402.0
8160,195,22782.0
8161,60,25521.0
8162,47,24890.0
8163,1774,25382.0
8164,1310,20839.0
8165,60,20668.0
8166,373,21336.0
8167,689,16688.0
8168,1775,19266.0
8169,1769,18549.0
8170,60,12974.0
8171,175,13514.0
8172,682,16058.0
8173,496,15876.0
8174,1776,10809.0
8175,175,10073.0
8176,175,10036.0
8177,1270,13806.0
8178,195,9946.0
8179,1777,11362.0
8180,1778,11665.0
8181,1337,7972.0
8182,1284,10120.0
8183,175,8777.0
8184,655,9643.0
8185,175,7682.0
8186,175,8784.0
8187,684,8557.0
8188,770,6821.0
8189,684,5603.0
8190,1779,6393.0
8191,175,5820.0
8192,175,7096.0
8193,175,6979.0
8194,175,5314.0
8195,175,5528.0
8196,770,5222.0
8197,770,5670.0
8198,175,4864.0
8199,1780,4562.0
8200,175,4543.0
8201,453,5086.0
8202,770,4912.0
8203,306,4895.0
8204,175,4193.0
8205,1781,5453.0
8206,770,4439.0
8207,684,4406.0
8208,138,4839.0
8209,684,4467.0
8210,1782,5183.0
8211,1783,4756.0
8212,684,4911.0
8213,684,5088.0
8214,684,4419.0
8215,684,4323.0
8216,684,5775.0
8217,684,4880.0
8218,684,4837.0
8219,684,4081.0
8220,684,5008.0
8221,684,5122.0
8222,684,5130.0
8223,831,5430.0
8224,831,4368.0
8225,1487,28151.0
8226,1259,34212.0
8227,1259,15931.0
8228,1259,8902.0
8229,1784,8531.0
8230,1259,5573.0
8231,1259,5060.0
8232,1785,5648.0
8233,1259,5433.0
8234,1259,5080.0
8235,1786,4301.0
8236,1259,4029.0
8237,1787,5634.0
8238,1259,4362.0
8239,1788,5227.0
8240,1259,4687.0
8241,719,5186.0
8242,1259,4645.0
8243,1789,4186.0
8244,1002,4458.0
8245,1790,4390.0
8246,1259,4869.0
8247,28,5331.0
8248,1791,4541.0
8249,1792,5052.0
8250,250,5224.0
8251,1259,5941.0
8252,719,5195.0
8253,1792,4957.0
8254,1002,5871.0
8255,1259,5672.0
8256,1792,4487.0
8257,1793,4538.0
8258,719,5023.0
8259,1792,5503.0
8260,539,5020.0
8261,1002,4147.0
8262,1787,5465.0
8263,1789,5629.0
8264,719,4592.0
8265,1792,4868.0
8266,1792,5795.0
8267,317,5706.0
8268,719,5066.0
8269,101,5398.0
8270,1789,5785.0
8271,1790,5008.0
8272,719,4641.0
8273,719,5524.0
8274,719,4455.0
8275,1792,4790.0
8276,1789,4823.0
8277,93,4441.0
8278,719,4726.0
8279,101,4580.0
8280,589,4365.0
8281,1523,5503.0
8282,101,4516.0
8283,101,4922.0
8284,1002,4784.0
8285,1789,5982.0
8286,1789,4797.0
8287,1792,4172.0
8288,101,4191.0
8289,1688,5215.0
8290,1789,4852.0
8291,101,4118.0
8292,1792,5049.0
8293,1792,5024.0
8294,719,4312.0
8295,1789,4221.0
8296,1002,4258.0
8297,101,5234.0
8298,1790,4407.0
8299,719,4517.0
8300,719,5934.0
8301,1002,4473.0
8302,719,4670.0
8303,1380,5000.0
8304,101,4050.0
8305,1789,5060.0
8306,101,5622.0
8307,1380,5599.0
8308,921,4354.0
8309,515,4522.0
8310,1002,4539.0
8311,1790,5128.0
8312,1380,5913.0
8313,1002,4264.0
8314,1789,5961.0
8315,1002,4473.0
8316,1790,5564.0
8317,1380,4691.0
8318,278,4299.0
8319,1380,5731.0
8320,1380,4632.0
8321,1794,5334.0
8322,1380,5148.0
8323,1795,117180.0
8324,843,59246.0
8325,129,43074.0
8326,1796,55021.0
8327,498,44977.0
8328,412,20608.0
8329,1797,19187.0
8330,1798,23434.0
8331,1258,20482.0
8332,467,17602.0
8333,1106,13973.0
8334,319,16068.0
8335,160,11501.0
8336,798,13221.0
8337,1329,13416.0
8338,250,9328.0
8339,1237,9928.0
8340,453,11056.0
8341,474,6572.0
8342,191,6546.0
8343,191,5338.0
8344,191,5777.0
8345,1528,4196.0
8346,250,4257.0
8347,496,4419.0
8348,1549,4817.0
8349,191,5709.0
8350,1329,4706.0
8351,250,5321.0
8352,250,5434.0
8353,811,5188.0
8354,250,4728.0
8355,811,5169.0
8356,250,4697.0
8357,250,4180.0
8358,1799,6003.0
8359,191,4267.0
8360,811,4157.0
8361,1764,5773.0
8362,250,4615.0
8363,811,5316.0
8364,191,4671.0
8365,1366,4797.0
8366,811,4536.0
8367,811,4701.0
8368,1800,4835.0
8369,242,5457.0
8370,811,5039.0
8371,811,5903.0
8372,1801,4096.0
8373,1563,5021.0
8374,333,5182.0
8375,53,5857.0
8376,1802,4110.0
8377,1803,5161.0
8378,53,5724.0
8379,382,4497.0
8380,813,4051.0
8381,53,5480.0
8382,53,5883.0
8383,53,5330.0
8384,1688,4893.0
8385,53,4102.0
8386,53,5857.0
8387,53,4955.0
8388,53,4070.0
8389,72,5395.0
8390,53,4978.0
8391,53,4261.0
8392,1804,4441.0
8393,79,4142.0
8394,218,5165.0
8395,924,5258.0
8396,1379,5027.0
8397,1805,5651.0
8398,1806,386420.0
8399,340,182346.0
8400,340,126783.0
8401,1807,135991.0
8402,340,96512.0
8403,1808,85595.0
8404,340,77133.0
8405,381,66469.0
8406,1809,79613.0
8407,340,53023.0
8408,340,62501.0
8409,1810,46077.0
8410,1051,49375.0
8411,340,35254.0
8412,99,31913.0
8413,1811,32280.0
8414,340,28970.0
8415,1808,32400.0
8416,99,28722.0
8417,1812,23065.0
8418,1813,29018.0
8419,1234,27766.0
8420,1814,27779.0
8421,652,26975.0
8422,1234,21679.0
8423,1051,19583.0
8424,1808,26583.0
8425,99,21749.0
8426,340,17456.0
8427,1808,18101.0
8428,1051,19317.0
8429,1051,20122.0
8430,1051,15668.0
8431,1051,22144.0
8432,1051,17646.0
8433,479,21706.0
8434,1806,18092.0
8435,1051,17249.0
8436,1051,16051.0
8437,1809,15250.0
8438,886,14790.0
8439,1815,14690.0
8440,1808,13961.0
8441,1808,15350.0
8442,652,13528.0
8443,1234,13917.0
8444,1808,10035.0
8445,1808,8489.0
8446,1811,9692.0
8447,1808,9157.0
8448,1808,10264.0
8449,1813,8626.0
8450,1051,7925.0
8451,415,6275.0
8452,1813,8040.0
8453,652,8626.0
8454,652,6310.0
8455,652,7581.0
8456,1808,7004.0
8457,1808,5256.0
8458,1806,7286.0
8459,1808,5712.0
8460,1813,5515.0
8461,1813,5305.0
8462,1813,4187.0
8463,652,5804.0
8464,1813,4792.0
8465,1813,4641.0
8466,1813,4940.0
8467,1813,4796.0
8468,1813,5745.0
8469,1808,5874.0
8470,1813,4620.0
8471,1808,5580.0
8472,415,4505.0
8473,1813,5666.0
8474,1813,4022.0
8475,1813,4660.0
8476,1816,5305.0
8477,1817,5724.0
8478,415,4544.0
8479,1264,5054.0
8480,1818,5129.0
8481,415,5491.0
8482,1819,5156.0
8483,1820,4243.0
8484,245,4563.0
8485,1821,5458.0
8486,1822,4678.0
8487,1823,5525.0
8488,1824,5314.0
8489,1825,5290.0
8490,1826,321189.0
8491,1827,194019.0
8492,1828,221332.0
8493,391,165162.0
8494,1594,195492.0
8495,381,136744.0
8496,1671,121482.0
8497,1671,103856.0
8498,1557,82267.0
8499,1138,86102.0
8500,480,83533.0
8501,962,73966.0
8502,415,75038.0
8503,471,63983.0
8504,480,86827.0
8505,480,58245.0
8506,480,77915.0
8507,1829,73999.0
8508,480,62049.0
8509,480,56608.0
8510,480,42966.0
8511,1225,46224.0
8512,114,40747.0
8513,1827,39303.0
8514,1624,43789.0
8515,1830,42389.0
8516,1684,41499.0
8517,480,36006.0
8518,1827,34628.0
8519,1671,29986.0
8520,471,28849.0
8521,46,31412.0
8522,1831,28740.0
8523,480,27417.0
8524,1832,34317.0
8525,1557,24862.0
8526,639,32066.0
8527,1557,27367.0
8528,1122,34340.0
8529,997,29684.0
8530,639,27323.0
8531,1833,28678.0
8532,1827,26998.0
8533,1072,28313.0
8534,1557,22684.0
8535,480,30964.0
8536,1827,23701.0
8537,471,22847.0
8538,471,26021.0
8539,962,22683.0
8540,256,26946.0
8541,639,23178.0
8542,1834,24848.0
8543,639,19074.0
8544,1557,23946.0
8545,1671,22661.0
8546,1326,18284.0
8547,471,17728.0
8548,1264,18817.0
8549,1835,24158.0
8550,639,18012.0
8551,1671,19324.0
8552,962,15909.0
8553,639,18643.0
8554,1836,19327.0
8555,1671,21325.0
8556,1827,18008.0
8557,1827,20165.0
8558,639,16962.0
8559,962,13585.0
8560,1671,15244.0
8561,1836,16549.0
8562,639,18559.0
8563,1713,17724.0
8564,1831,13738.0
8565,471,13604.0
8566,1827,13401.0
8567,1557,17669.0
8568,1827,17110.0
8569,1671,15758.0
8570,1837,13371.0
8571,1557,13683.0
8572,1671,13290.0
8573,1671,11934.0
8574,471,13262.0
8575,962,10665.0
8576,1671,11081.0
8577,639,14499.0
8578,1827,13820.0
8579,1836,11713.0
8580,1831,11867.0
8581,1671,11160.0
8582,1831,12752.0
8583,1671,12889.0
8584,639,12778.0
8585,1557,11674.0
8586,1557,9301.0
8587,1838,9529.0
8588,1557,9961.0
8589,46,9270.0
8590,1827,10745.0
8591,1557,8964.0
8592,962,8015.0
8593,46,8993.0
8594,639,10834.0
8595,1831,7885.0
8596,1839,8997.0
8597,37,8243.0
8598,471,6848.0
8599,471,8109.0
8600,750,8152.0
8601,415,7577.0
8602,1836,8566.0
8603,1840,6262.0
8604,471,5625.0
8605,962,7581.0
8606,1831,5998.0
8607,46,6475.0
8608,1462,6701.0
8609,962,5561.0
8610,471,6323.0
8611,1831,4857.0
8612,546,5130.0
8613,962,4510.0
8614,238,5639.0
8615,1831,5451.0
8616,1831,5903.0
8617,1831,5070.0
8618,1831,5095.0
8619,1841,4935.0
8620,1831,4663.0
8621,46,5988.0
8622,1842,14800.0
8623,760,12819.0
8624,1842,9956.0
8625,1842,7561.0
8626,1842,9298.0
8627,1843,7537.0
8628,760,7392.0
8629,760,6876.0
8630,760,5509.0
8631,760,5853.0
8632,1842,5050.0
8633,760,4659.0
8634,760,5251.0
8635,1842,4824.0
8636,760,4409.0
8637,760,5939.0
8638,760,5483.0
8639,760,4836.0
8640,760,4725.0
8641,1842,4834.0
8642,760,5101.0
8643,1842,5009.0
8644,760,4351.0
8645,1844,5223.0
8646,1842,4818.0
8647,1842,4752.0
8648,1842,5657.0
8649,1842,4358.0
8650,1842,4162.0
8651,1845,4477.0
8652,1845,4242.0
8653,1845,5475.0
8654,1845,4012.0
8655,47,19834.0
8656,813,8604.0
8657,679,8432.0
8658,1846,4044.0
8659,1846,5885.0
8660,1847,5637.0
8661,1846,5692.0
8662,679,4199.0
8663,1848,5493.0
8664,679,5937.0
8665,1849,5372.0
8666,1238,5155.0
8667,679,5908.0
8668,1846,4901.0
8669,1846,5215.0
8670,679,4967.0
8671,1846,5884.0
8672,679,4164.0
8673,1849,5017.0
8674,679,5388.0
8675,1846,5599.0
8676,679,5180.0
8677,1846,5836.0
8678,1846,5903.0
8679,1846,4140.0
8680,679,4819.0
8681,1846,4059.0
8682,219,4672.0
8683,1846,5088.0
8684,1846,5840.0
8685,1846,5710.0
8686,1846,4267.0
8687,1848,4198.0
8688,1850,5194.0
8689,1848,5080.0
8690,1848,4546.0
8691,1848,5816.0
8692,1848,5872.0
8693,1848,4821.0
8694,1850,5799.0
8695,1850,4782.0
8696,1850,5492.0
8697,1848,4966.0
8698,1848,5872.0
8699,1848,4213.0
8700,1850,5398.0
8701,1848,4682.0
8702,1848,5407.0
8703,1848,5413.0
8704,1850,4999.0
8705,1850,5848.0
8706,1708,4992.0
8707,1850,4411.0
8708,1850,4511.0
8709,1848,4622.0
8710,1848,5558.0
8711,1848,4668.0
8712,1850,4499.0
8713,524,5566.0
8714,393,4273.0
8715,1848,4923.0
8716,306,5636.0
8717,124,4100.0
8718,1851,4608.0
8719,1851,4575.0
8720,124,4304.0
8721,1852,4593.0
8722,1853,4635.0
8723,124,5058.0
8724,1851,5345.0
8725,1588,4777.0
8726,1464,5456.0
8727,1464,4686.0
8728,1854,4594.0
8729,124,5096.0
8730,449,4059.0
8731,449,4171.0
8732,632,4850.0
8733,1855,5901.0
8734,549,5460.0
8735,124,4187.0
8736,124,5708.0
8737,567,5482.0
8738,567,5239.0
8739,1632,5657.0
8740,549,4823.0
8741,549,4456.0
8742,1851,5041.0
8743,549,5111.0
8744,1464,5092.0
8745,1856,5146.0
8746,1464,5916.0
8747,1464,5821.0
8748,549,5768.0
8749,1851,5621.0
8750,124,5905.0
8751,1851,4210.0
8752,449,4543.0
8753,743,5005.0
8754,449,5709.0
8755,1857,5025.0
8756,1858,5514.0
8757,124,4290.0
8758,124,4518.0
8759,449,5479.0
8760,124,4342.0
8761,1851,4717.0
8762,1856,4543.0
8763,449,4713.0
8764,1547,5433.0
8765,1856,4749.0
8766,1856,5125.0
8767,1856,4212.0
8768,1856,5627.0
8769,1856,4753.0
8770,1856,5314.0
8771,1859,5468.0
8772,1860,94388.0
8773,1749,109973.0
8774,1749,83444.0
8775,1749,65723.0
8776,1628,50930.0
8777,53,68022.0
8778,1749,56576.0
8779,1749,21386.0
8780,1749,22111.0
8781,263,20771.0
8782,1749,19422.0
8783,1749,18039.0
8784,835,15611.0
8785,1749,16985.0
8786,554,14799.0
8787,1861,12157.0
8788,1749,14051.0
8789,1749,15738.0
8790,389,9659.0
8791,420,10200.0
8792,1749,10369.0
8793,1322,9557.0
8794,1749,10033.0
8795,306,9544.0
8796,9,6720.0
8797,306,8146.0
8798,825,7016.0
8799,1862,6803.0
8800,1863,5316.0
8801,1749,5728.0
8802,1864,4237.0
8803,773,4707.0
8804,1865,5771.0
8805,306,4415.0
8806,1866,4166.0
8807,306,5592.0
8808,306,5686.0
8809,1867,4337.0
8810,1544,5723.0
8811,13,5388.0
8812,1227,68401.0
8813,1227,55306.0
8814,449,32269.0
8815,76,28469.0
8816,1285,25143.0
8817,488,25379.0
8818,1227,22869.0
8819,1227,21736.0
8820,1868,19716.0
8821,1869,14596.0
8822,1227,15633.0
8823,1227,12166.0
8824,1227,11169.0
8825,539,14690.0
8826,1227,10422.0
8827,1227,10967.0
8828,1227,12053.0
8829,1227,10483.0
8830,1227,11895.0
8831,1870,8995.0
8832,263,6685.0
8833,1227,7572.0
8834,1227,8462.0
8835,93,6103.0
8836,1002,6500.0
8837,1227,7345.0
8838,263,7054.0
8839,1227,5063.0
8840,263,5040.0
8841,263,5112.0
8842,263,5914.0
8843,1227,6015.0
8844,110,4483.0
8845,182,5470.0
8846,263,4768.0
8847,110,4027.0
8848,110,4030.0
8849,579,4936.0
8850,110,4990.0
8851,1871,4056.0
8852,110,5389.0
8853,110,4600.0
8854,1872,5133.0
8855,110,4615.0
8856,110,4347.0
8857,110,4827.0
8858,1873,4477.0
8859,84,5081.0
8860,1874,4409.0
8861,1875,5029.0
8862,643,44623.0
8863,798,30655.0
8864,1876,25687.0
8865,1254,15026.0
8866,1877,16275.0
8867,1878,10403.0
8868,777,9571.0
8869,472,4872.0
8870,256,5069.0
8871,256,5048.0
8872,462,5865.0
8873,256,5112.0
8874,1879,5180.0
8875,256,4815.0
8876,256,5914.0
8877,1880,5568.0
8878,256,4582.0
8879,1881,5702.0
8880,256,4877.0
8881,1882,5674.0
8882,63,5660.0
8883,5,4389.0
8884,1883,5417.0
8885,855,4595.0
8886,1884,4606.0
8887,746,4606.0
8888,1885,5468.0
8889,1885,4473.0
8890,395,4013.0
8891,383,5442.0
8892,1886,4354.0
8893,378,4220.0
8894,64,4487.0
8895,1887,4774.0
8896,1888,4965.0
8897,1632,4099.0
8898,486,5956.0
8899,1887,5447.0
8900,1887,4658.0
8901,1887,4652.0
8902,1887,4911.0
8903,236,5267.0
8904,236,4304.0
8905,236,4389.0
8906,257,123734.0
8907,678,94037.0
8908,7,57529.0
8909,257,44219.0
8910,257,39891.0
8911,429,33734.0
8912,5,37412.0
8913,1889,26657.0
8914,1890,35026.0
8915,1891,31821.0
8916,257,32232.0
8917,5,30996.0
8918,1615,29715.0
8919,257,28927.0
8920,1227,24923.0
8921,240,23007.0
8922,240,21423.0
8923,1217,23196.0
8924,1892,23469.0
8925,530,17328.0
8926,240,22838.0
8927,5,21745.0
8928,1261,22431.0
8929,1237,20684.0
8930,5,15854.0
8931,530,14639.0
8932,5,14611.0
8933,1237,15614.0
8934,530,16530.0
8935,5,17651.0
8936,240,17752.0
8937,240,15831.0
8938,381,11825.0
8939,1237,12608.0
8940,1237,12018.0
8941,5,13201.0
8942,5,13568.0
8943,5,10958.0
8944,794,12567.0
8945,240,11151.0
8946,232,13046.0
8947,1893,11734.0
8948,5,11655.0
8949,240,11221.0
8950,133,13485.0
8951,137,9146.0
8952,530,10216.0
8953,240,10925.0
8954,133,10077.0
8955,5,11404.0
8956,1237,8612.0
8957,1237,8650.0
8958,1006,7301.0
8959,240,9052.0
8960,684,7719.0
8961,1237,7220.0
8962,1237,7948.0
8963,1894,7860.0
8964,133,6359.0
8965,133,8255.0
8966,1352,7947.0
8967,1895,6620.0
8968,530,7324.0
8969,1893,6904.0
8970,288,5618.0
8971,1893,5271.0
8972,133,4827.0
8973,288,5238.0
8974,1896,5894.0
8975,133,5358.0
8976,1897,4163.0
8977,133,4934.0
8978,133,5797.0
8979,1736,4202.0
8980,288,5996.0
8981,1893,5917.0
8982,1898,4169.0
8983,133,5882.0
8984,1899,4738.0
8985,288,5707.0
8986,288,4852.0
8987,288,4895.0
8988,1278,5284.0
8989,1893,5565.0
8990,9,4078.0
8991,133,5201.0
8992,9,4385.0
8993,288,4705.0
8994,137,4710.0
8995,1237,4952.0
8996,1900,4682.0
8997,133,4228.0
8998,1893,4304.0
8999,9,4079.0
9000,9,4954.0
9001,133,5925.0
9002,554,4241.0
9003,133,5909.0
9004,9,5482.0
9005,133,5288.0
9006,288,5305.0
9007,1893,5671.0
9008,133,4226.0
9009,133,5023.0
9010,1901,5411.0
9011,1893,5188.0
9012,9,5681.0
9013,9,4156.0
9014,1893,5396.0
9015,288,5083.0
9016,9,4771.0
9017,133,4693.0
9018,133,5258.0
9019,9,5799.0
9020,9,5007.0
9021,137,5667.0
9022,133,4816.0
9023,288,4218.0
9024,9,4134.0
9025,288,4114.0
9026,137,4774.0
9027,288,4688.0
9028,288,5451.0
9029,303,5499.0
9030,1893,4114.0
9031,288,4454.0
9032,1893,4562.0
9033,9,5108.0
9034,288,4301.0
9035,288,4278.0
9036,1893,5906.0
9037,540,5625.0
9038,540,4374.0
9039,1902,4826.0
9040,223,4725.0
9041,884,5597.0
9042,288,5033.0
9043,137,4266.0
9044,137,5492.0
9045,540,4808.0
9046,153,4540.0
9047,1246,4764.0
9048,540,5009.0
9049,540,4698.0
9050,288,4495.0
9051,540,4809.0
9052,540,4050.0
9053,137,5561.0
9054,540,4354.0
9055,542,4100.0
9056,1903,5323.0
9057,97,5564.0
9058,1904,5645.0
9059,1905,5000.0
9060,1049,281569.0
9061,1653,285475.0
9062,1653,271821.0
9063,414,193146.0
9064,769,223094.0
9065,470,154391.0
9066,219,193049.0
9067,1906,165828.0
9068,117,149738.0
9069,1653,163488.0
9070,1907,141295.0
9071,1907,105326.0
9072,878,112882.0
9073,1908,93807.0
9074,1909,107872.0
9075,1653,114931.0
9076,1910,96523.0
9077,503,91963.0
9078,117,101808.0
9079,1909,111116.0
9080,117,78280.0
9081,1907,90892.0
9082,1539,81661.0
9083,1653,99606.0
9084,117,76357.0
9085,117,93835.0
9086,1907,74502.0
9087,1784,70705.0
9088,1909,94347.0
9089,1908,62379.0
9090,1909,72302.0
9091,504,58577.0
9092,503,70848.0
9093,1653,68205.0
9094,117,62234.0
9095,503,57042.0
9096,1909,61729.0
9097,1909,68250.0
9098,759,70689.0
9099,1653,62723.0
9100,1909,62968.0
9101,117,52251.0
9102,1909,53161.0
9103,1909,49446.0
9104,504,51103.0
9105,117,49075.0
9106,1911,55421.0
9107,117,54289.0
9108,358,61776.0
9109,1907,42457.0
9110,1653,50689.0
9111,1653,53745.0
9112,1909,47370.0
9113,1909,41198.0
9114,1909,39159.0
9115,1909,34725.0
9116,503,39151.0
9117,1909,45971.0
9118,1908,34162.0
9119,1909,36519.0
9120,1549,43889.0
9121,769,44890.0
9122,1909,39237.0
9123,1907,42161.0
9124,1908,35126.0
9125,117,31376.0
9126,1907,32205.0
9127,1912,34481.0
9128,1653,38539.0
9129,503,25750.0
9130,79,30907.0
9131,1909,28436.0
9132,503,28863.0
9133,79,22363.0
9134,720,25317.0
9135,1907,30815.0
9136,1908,27673.0
9137,1908,26494.0
9138,1913,24603.0
9139,296,24071.0
9140,79,24783.0
9141,1908,28042.0
9142,79,27502.0
9143,1907,22541.0
9144,1907,21454.0
9145,79,25022.0
9146,1908,20486.0
9147,503,21542.0
9148,79,18178.0
9149,1908,21490.0
9150,503,19637.0
9151,79,21493.0
9152,79,20685.0
9153,1913,16002.0
9154,79,19616.0
9155,1907,20105.0
9156,1913,16423.0
9157,1908,15062.0
9158,79,13800.0
9159,503,16709.0
9160,1913,16004.0
9161,1653,16537.0
9162,503,14098.0
9163,296,18163.0
9164,296,13480.0
9165,503,13135.0
9166,1907,14259.0
9167,79,14234.0
9168,79,12423.0
9169,1913,12705.0
9170,79,11792.0
9171,503,14215.0
9172,213,14392.0
9173,1908,12601.0
9174,1914,13663.0
9175,1915,13636.0
9176,503,10538.0
9177,79,14311.0
9178,296,13394.0
9179,1916,10382.0
9180,296,9937.0
9181,503,9654.0
9182,1908,9477.0
9183,1917,11282.0
9184,503,10113.0
9185,378,11289.0
9186,79,9850.0
9187,1913,9147.0
9188,278,8078.0
9189,358,5910.0
9190,1908,6492.0
9191,225,6666.0
9192,1918,4603.0
9193,1908,6258.0
9194,13,5870.0
9195,358,4633.0
9196,358,5393.0
9197,1919,5601.0
9198,278,4628.0
9199,1913,4083.0
9200,213,5880.0
9201,358,4704.0
9202,1908,4223.0
9203,1920,4998.0
9204,278,4458.0
9205,358,4551.0
9206,119,4497.0
9207,1921,5165.0
9208,1913,5868.0
9209,278,5959.0
9210,358,5786.0
9211,358,5283.0
9212,358,5540.0
9213,278,5992.0
9214,358,4374.0
9215,1922,5547.0
9216,1919,4691.0
9217,1923,4363.0
9218,1919,4857.0
9219,1919,5604.0
9220,1919,5089.0
9221,1919,6007.0
9222,1919,5245.0
9223,1919,4745.0
9224,1919,4798.0
9225,1919,5892.0
9226,1744,4436.0
9227,1744,4517.0
9228,1744,5050.0
9229,1744,4542.0
9230,1924,5043.0
9231,799,5161.0
9232,241,5869.0
9233,1009,38136.0
9234,551,26409.0
9235,436,18975.0
9236,1549,13720.0
9237,1310,9360.0
9238,551,8056.0
9239,1480,7839.0
9240,2,7394.0
9241,551,7341.0
9242,531,6942.0
9243,1480,6486.0
9244,551,6921.0
9245,1925,5710.0
9246,1480,4488.0
9247,1926,5672.0
9248,551,4517.0
9249,551,5569.0
9250,551,5930.0
9251,551,5409.0
9252,2,5205.0
9253,2,4935.0
9254,2,4743.0
9255,2,4719.0
9256,551,5287.0
9257,551,5516.0
9258,2,5370.0
9259,66,4410.0
9260,136,5003.0
9261,1927,5598.0
9262,1928,4963.0
9263,1929,5087.0
9264,203,5557.0
9265,672,5339.0
9266,1930,4834.0
9267,1930,4338.0
9268,505,6010.0
9269,417,4248.0
9270,1930,4042.0
9271,1930,5797.0
9272,886,4505.0
9273,806,5475.0
9274,1930,5638.0
9275,1118,5735.0
9276,886,6003.0
9277,1930,4602.0
9278,1930,5436.0
9279,1930,4828.0
9280,1930,5714.0
9281,1931,4750.0
9282,248,5197.0
9283,841,5021.0
9284,1118,5308.0
9285,886,5963.0
9286,1930,4124.0
9287,1931,5164.0
9288,886,4979.0
9289,1118,4171.0
9290,1932,4678.0
9291,1933,4324.0
9292,886,5716.0
9293,1118,5060.0
9294,886,5885.0
9295,1931,5629.0
9296,1931,5402.0
9297,886,4023.0
9298,1934,5840.0
9299,1118,4362.0
9300,886,5049.0
9301,886,4433.0
9302,1931,5214.0
9303,1118,4758.0
9304,886,4860.0
9305,1935,4744.0
9306,886,5891.0
9307,886,5363.0
9308,1118,4382.0
9309,1118,4607.0
9310,1118,5452.0
9311,1118,5642.0
9312,1118,5456.0
9313,1118,5477.0
9314,639,4213.0
9315,329,371039.0
9316,329,197447.0
9317,1936,177659.0
9318,329,196212.0
9319,1937,144938.0
9320,2,134761.0
9321,1938,138096.0
9322,1939,112260.0
9323,1939,125343.0
9324,1939,83449.0
9325,1936,90434.0
9326,329,80135.0
9327,1939,89962.0
9328,1939,109567.0
9329,1939,78988.0
9330,1939,98137.0
9331,1940,90108.0
9332,2,103847.0
9333,329,61620.0
9334,2,62541.0
9335,329,57054.0
9336,1941,58611.0
9337,329,51776.0
9338,2,64851.0
9339,2,53212.0
9340,1939,51498.0
9341,1936,49856.0
9342,1939,40656.0
9343,329,44101.0
9344,329,53153.0
9345,1936,48121.0
9346,2,47371.0
9347,2,45665.0
9348,2,33441.0
9349,329,34832.0
9350,1939,30249.0
9351,1936,34212.0
9352,1936,29522.0
9353,2,33689.0
9354,2,35707.0
9355,2,36178.0
9356,855,34496.0
9357,855,34708.0
9358,2,23225.0
9359,1942,22722.0
9360,2,28534.0
9361,329,24455.0
9362,1939,22986.0
9363,329,22996.0
9364,855,21874.0
9365,2,24096.0
9366,411,22913.0
9367,1941,22930.0
9368,255,23396.0
9369,329,20315.0
9370,1711,19001.0
9371,1936,17089.0
9372,329,17907.0
9373,1936,20401.0
9374,1943,20050.0
9375,1944,17227.0
9376,379,14419.0
9377,855,16557.0
9378,379,16053.0
9379,855,14830.0
9380,379,14943.0
9381,1936,13725.0
9382,1941,13105.0
9383,1945,12303.0
9384,835,8718.0
9385,1270,10933.0
9386,379,7792.0
9387,1946,6962.0
9388,1947,8456.0
9389,379,7743.0
9390,379,5335.0
9391,379,6215.0
9392,379,4682.0
9393,379,4985.0
9394,379,5676.0
9395,379,5918.0
9396,379,5282.0
9397,385,4720.0
9398,271,5223.0
9399,600,4638.0
9400,1948,5837.0
9401,1949,5756.0
9402,1950,5131.0
9403,13,4662.0
9404,1951,4598.0
9405,309,4078.0
9406,155,156816.0
9407,1819,119113.0
9408,1952,93966.0
9409,1953,83954.0
9410,743,90647.0
9411,1954,62365.0
9412,535,77114.0
9413,155,76064.0
9414,1955,77300.0
9415,535,59009.0
9416,1956,52463.0
9417,721,55817.0
9418,1957,53900.0
9419,1958,48534.0
9420,155,55168.0
9421,155,50622.0
9422,1959,52436.0
9423,155,36997.0
9424,155,47705.0
9425,155,49197.0
9426,1960,43642.0
9427,155,44700.0
9428,721,40570.0
9429,155,41985.0
9430,1961,33062.0
9431,1005,33424.0
9432,155,26415.0
9433,1652,26161.0
9434,376,28618.0
9435,155,26755.0
9436,1761,27987.0
9437,535,26312.0
9438,155,22460.0
9439,1176,32034.0
9440,721,22049.0
9441,1962,29914.0
9442,1963,22487.0
9443,1613,29111.0
9444,1964,28706.0
9445,1965,26024.0
9446,1966,25921.0
9447,535,19362.0
9448,1967,27171.0
9449,376,25855.0
9450,1968,25568.0
9451,482,22980.0
9452,1969,19729.0
9453,1970,24188.0
9454,721,18993.0
9455,857,20878.0
9456,482,16925.0
9457,1971,23150.0
9458,721,16961.0
9459,155,17508.0
9460,376,19930.0
9461,1972,21344.0
9462,535,20188.0
9463,101,16941.0
9464,721,15158.0
9465,376,20690.0
9466,155,22386.0
9467,482,20829.0
9468,1973,17533.0
9469,721,20295.0
9470,1613,16449.0
9471,1974,16918.0
9472,820,16302.0
9473,376,16054.0
9474,1975,17824.0
9475,482,15690.0
9476,376,13683.0
9477,1237,13137.0
9478,482,11471.0
9479,1957,14468.0
9480,809,12377.0
9481,535,11382.0
9482,388,14040.0
9483,376,14188.0
9484,376,14499.0
9485,1881,12547.0
9486,721,14500.0
9487,916,14230.0
9488,773,13390.0
9489,721,12383.0
9490,376,10662.0
9491,482,13527.0
9492,1976,10076.0
9493,1957,9259.0
9494,66,9848.0
9495,1208,8201.0
9496,1957,11772.0
9497,1957,10177.0
9498,376,9933.0
9499,1957,10291.0
9500,721,9470.0
9501,1957,7379.0
9502,1977,9212.0
9503,721,9560.0
9504,721,8466.0
9505,482,9475.0
9506,1957,7609.0
9507,482,7484.0
9508,1978,6856.0
9509,1979,7386.0
9510,1178,8809.0
9511,721,8547.0
9512,376,7097.0
9513,66,7711.0
9514,1957,7778.0
9515,1980,6308.0
9516,482,5903.0
9517,721,7927.0
9518,482,6413.0
9519,66,7050.0
9520,1799,5118.0
9521,1981,5814.0
9522,287,4626.0
9523,66,4536.0
9524,436,5038.0
9525,1982,4653.0
9526,66,4347.0
9527,482,4536.0
9528,1983,4081.0
9529,1958,5426.0
9530,1984,4997.0
9531,1985,4199.0
9532,1278,4357.0
9533,577,4219.0
9534,1278,5241.0
9535,1278,4200.0
9536,551,5526.0
9537,1278,4052.0
9538,771,4511.0
9539,1384,5798.0
9540,1594,5453.0
9541,1278,4158.0
9542,177,5658.0
9543,177,5002.0
9544,21,5707.0
9545,177,5217.0
9546,634,5379.0
9547,155,6004.0
9548,743,4478.0
9549,177,5262.0
9550,480,4933.0
9551,721,4091.0
9552,810,4041.0
9553,13,4250.0
9554,1673,5310.0
9555,177,5149.0
9556,177,5123.0
9557,285,4075.0
9558,296,4953.0
9559,285,4809.0
9560,376,5585.0
9561,155,5054.0
9562,1986,5731.0
9563,1987,4797.0
9564,982,5792.0
9565,679,4492.0
9566,1988,4574.0
9567,1175,4116.0
9568,1626,5606.0
9569,1532,4848.0
9570,177,4471.0
9571,1966,4476.0
9572,177,5819.0
9573,794,5682.0
9574,1741,14608.0
9575,1989,5396.0
9576,1882,4961.0
9577,1989,4798.0
9578,619,5849.0
9579,250,4263.0
9580,1265,4853.0
9581,1508,4703.0
9582,1990,5011.0
9583,1990,4930.0
9584,1991,5052.0
9585,1989,4292.0
9586,1992,5042.0
9587,1989,4498.0
9588,1993,4382.0
9589,1462,4142.0
9590,1994,5542.0
9591,1989,4870.0
9592,1995,5270.0
9593,1996,5472.0
9594,1766,5373.0
9595,340,4954.0
9596,1992,4792.0
9597,1997,4765.0
9598,1998,5294.0
9599,1999,5003.0
9600,1989,5715.0
9601,860,5765.0
9602,1989,4354.0
9603,2000,4285.0
9604,2001,5276.0
9605,2002,4615.0
9606,1992,4049.0
9607,2003,5795.0
9608,2004,4466.0
9609,1265,5878.0
9610,1989,5452.0
9611,2005,5541.0
9612,1462,4417.0
9613,1994,4481.0
9614,1265,5058.0
9615,2006,4357.0
9616,462,4623.0
9617,1462,4656.0
9618,1994,4332.0
9619,1462,4424.0
9620,566,5596.0
9621,2007,4348.0
9622,2008,4067.0
9623,2009,5273.0
9624,2010,5971.0
9625,2011,4676.0
9626,2012,4251.0
9627,1994,5157.0
9628,1462,5830.0
9629,2013,5585.0
9630,2014,5260.0
9631,1989,4643.0
9632,1462,4195.0
9633,2015,5375.0
9634,1265,5467.0
9635,2016,5945.0
9636,2015,4534.0
9637,1992,4049.0
9638,2017,5106.0
9639,1356,5427.0
9640,1994,5598.0
9641,1462,4400.0
9642,2018,5042.0
9643,2015,4675.0
9644,2018,5739.0
9645,1265,4963.0
9646,2019,5615.0
9647,1265,5177.0
9648,2015,5561.0
9649,1627,4679.0
9650,1992,5680.0
9651,2020,4562.0
9652,1996,5107.0
9653,1462,4441.0
9654,2021,4965.0
9655,1992,4547.0
9656,470,5949.0
9657,2017,4333.0
9658,332,5592.0
9659,1627,5985.0
9660,1627,4051.0
9661,1271,5414.0
9662,1271,4093.0
9663,1627,4819.0
9664,1265,5886.0
9665,2020,4033.0
9666,2015,5192.0
9667,1994,5018.0
9668,1989,5765.0
9669,1992,4181.0
9670,418,5379.0
9671,2020,5375.0
9672,1265,5904.0
9673,1627,5661.0
9674,844,4094.0
9675,1627,4956.0
9676,1994,4810.0
9677,1271,4633.0
9678,1994,4917.0
9679,1992,4783.0
9680,2022,4881.0
9681,2023,5975.0
9682,1992,5864.0
9683,1271,4973.0
9684,1994,5264.0
9685,2024,5676.0
9686,1627,4734.0
9687,2025,4876.0
9688,1994,4763.0
9689,1265,5868.0
9690,27,4231.0
9691,2018,4229.0
9692,2020,4869.0
9693,2018,4210.0
9694,2018,4300.0
9695,603,5060.0
9696,552,4026.0
9697,1265,5764.0
9698,2015,4733.0
9699,23,4102.0
9700,2026,5839.0
9701,2027,5655.0
9702,161,4266.0
9703,251,6013.0
9704,977,5461.0
9705,567,5833.0
9706,2028,4484.0
9707,2029,4632.0
9708,603,5970.0
9709,603,5432.0
9710,603,5080.0
9711,193,4968.0
9712,603,4457.0
9713,2030,5426.0
9714,2023,5119.0
9715,2031,4517.0
9716,1431,5930.0
9717,567,4071.0
9718,1992,4411.0
9719,603,4497.0
9720,1201,4840.0
9721,2032,4477.0
9722,522,4997.0
9723,76,5761.0
9724,2033,5439.0
9725,1750,5177.0
9726,2034,4188.0
9727,1155,5404.0
9728,603,4347.0
9729,2035,5590.0
9730,603,4513.0
9731,2036,4848.0
9732,2037,4715.0
9733,485,5732.0
9734,1038,4265.0
9735,1368,5147.0
9736,413,4296.0
9737,2038,5421.0
9738,1931,64342.0
9739,2039,27975.0
9740,2040,21361.0
9741,1931,24696.0
9742,2039,20103.0
9743,2041,19822.0
9744,501,19120.0
9745,2041,18481.0
9746,1931,13194.0
9747,1931,17082.0
9748,760,12445.0
9749,2039,10213.0
9750,2042,13159.0
9751,4,11084.0
9752,2039,9612.0
9753,2043,10133.0
9754,1237,10824.0
9755,2044,10749.0
9756,2039,10619.0
9757,2041,10293.0
9758,2039,6303.0
9759,2040,7405.0
9760,2043,8446.0
9761,2039,6680.0
9762,4,6794.0
9763,533,6758.0
9764,2045,5846.0
9765,736,6737.0
9766,2046,5591.0
9767,2047,5050.0
9768,2039,6113.0
9769,2048,5060.0
9770,2039,4370.0
9771,4,5040.0
9772,2043,5644.0
9773,683,5572.0
9774,673,5595.0
9775,2040,5433.0
9776,2043,4521.0
9777,2047,5742.0
9778,2049,5805.0
9779,4,4402.0
9780,2047,4275.0
9781,1931,5970.0
9782,1592,5753.0
9783,2043,5803.0
9784,4,5790.0
9785,2040,5100.0
9786,2039,5309.0
9787,4,5104.0
9788,2050,4115.0
9789,1931,5507.0
9790,110,5023.0
9791,417,5309.0
9792,2040,5022.0
9793,1931,4998.0
9794,2039,4356.0
9795,2051,4572.0
9796,2041,4329.0
9797,2039,4405.0
9798,2039,5964.0
9799,2039,4320.0
9800,533,4551.0
9801,1931,5196.0
9802,2040,5237.0
9803,2045,4322.0
9804,574,5604.0
9805,1672,5589.0
9806,2039,4488.0
9807,2040,4591.0
9808,2043,5893.0
9809,2039,5668.0
9810,271,5410.0
9811,1931,4178.0
9812,310,4852.0
9813,1931,5133.0
9814,2041,5217.0
9815,2040,4668.0
9816,2052,5579.0
9817,2045,5699.0
9818,2040,4663.0
9819,142,5693.0
9820,2047,4220.0
9821,2047,5693.0
9822,1931,4319.0
9823,2053,4178.0
9824,2047,4959.0
9825,2045,5834.0
9826,2054,4740.0
9827,313,4587.0
9828,2055,5015.0
9829,110,4926.0
9830,2041,4703.0
9831,2044,5405.0
9832,682,5534.0
9833,1931,5724.0
9834,2040,5964.0
9835,2054,4547.0
9836,2047,5449.0
9837,2040,4801.0
9838,449,5370.0
9839,2045,4967.0
9840,1931,6005.0
9841,110,5473.0
9842,2041,5923.0
9843,2040,5688.0
9844,1931,5823.0
9845,2054,5646.0
9846,2045,4933.0
9847,2040,4517.0
9848,2054,4755.0
9849,1931,4052.0
9850,2041,5063.0
9851,110,5024.0
9852,2041,5065.0
9853,2054,5968.0
9854,2042,5841.0
9855,2041,4336.0
9856,2047,4752.0
9857,682,4861.0
9858,2040,4736.0
9859,110,5612.0
9860,2056,5064.0
9861,2041,5160.0
9862,682,5722.0
9863,2042,5628.0
9864,2041,4277.0
9865,2054,5441.0
9866,2041,4886.0
9867,2047,4603.0
9868,110,4111.0
9869,2054,4989.0
9870,2054,4725.0
9871,2044,4517.0
9872,2045,5405.0
9873,682,5555.0
9874,2042,4503.0
9875,110,4109.0
9876,2057,5715.0
9877,682,4031.0
9878,2058,5893.0
9879,2042,5272.0
9880,1592,4659.0
9881,2054,4507.0
9882,682,4030.0
9883,2041,4484.0
9884,110,4287.0
9885,2042,5240.0
9886,110,4345.0
9887,110,5071.0
9888,1997,5195.0
9889,346,4609.0
9890,682,4081.0
9891,2047,4087.0
9892,2059,4064.0
9893,2041,5494.0
9894,2042,4650.0
9895,2045,5610.0
9896,2041,4879.0
9897,2050,4921.0
9898,2042,5040.0
9899,2054,4558.0
9900,2041,4255.0
9901,2059,5128.0
9902,2042,4667.0
9903,77,4899.0
9904,155,5310.0
9905,110,5002.0
9906,2050,5257.0
9907,2059,5105.0
9908,2053,5497.0
9909,110,5424.0
9910,2054,5083.0
9911,2053,5374.0
9912,682,5764.0
9913,2050,4880.0
9914,2054,4840.0
9915,2042,5545.0
9916,2060,5181.0
9917,2054,4154.0
9918,2050,5802.0
9919,2054,4074.0
9920,2044,5514.0
9921,1931,5922.0
9922,2059,4121.0
9923,682,5210.0
9924,1714,4871.0
9925,682,4674.0
9926,2050,4193.0
9927,2054,5140.0
9928,2061,4222.0
9929,2045,5493.0
9930,2050,5553.0
9931,2062,5830.0
9932,1592,4835.0
9933,1592,5925.0
9934,1592,5749.0
9935,2054,4604.0
9936,2063,4332.0
9937,2042,4886.0
9938,2064,4819.0
9939,2050,5517.0
9940,2050,5034.0
9941,2042,4221.0
9942,2061,5732.0
9943,2065,4634.0
9944,2054,5961.0
9945,2040,4249.0
9946,2050,5935.0
9947,2054,4195.0
9948,2066,4475.0
9949,2064,4105.0
9950,2064,5427.0
9951,2050,5717.0
9952,1592,4884.0
9953,2066,5197.0
9954,2042,5276.0
9955,2041,5707.0
9956,2067,4723.0
9957,2042,5819.0
9958,2050,5973.0
9959,2044,5822.0
9960,2050,4268.0
9961,2059,5665.0
9962,291,4834.0
9963,2066,5124.0
9964,2044,5074.0
9965,2040,4656.0
9966,2061,4162.0
9967,2066,5808.0
9968,1592,5623.0
9969,93,4292.0
9970,1592,5570.0
9971,2065,5267.0
9972,2066,4832.0
9973,2066,4522.0
9974,2068,5737.0
9975,2064,5417.0
9976,182,5111.0
9977,2061,4195.0
9978,1714,4963.0
9979,2044,4401.0
9980,2058,4430.0
9981,2044,5338.0
9982,2066,5841.0
9983,2065,4429.0
9984,798,5313.0
9985,2045,5759.0
9986,1592,5516.0
9987,2044,5754.0
9988,2066,5521.0
9989,2066,4711.0
9990,1592,4794.0
9991,2069,5038.0
9992,2054,5873.0
9993,1810,5765.0
9994,2066,4281.0
9995,2070,4359.0
9996,1592,4730.0
9997,2044,4597.0
9998,2064,5824.0
9999,2059,5943.0
10000,2050,5325.0
10001,2061,5694.0
10002,2066,5065.0
10003,2042,4429.0
10004,2044,5065.0
10005,2071,5126.0
10006,2072,5502.0
10007,2054,4453.0
10008,2073,4742.0
10009,2064,5936.0
10010,2064,4902.0
10011,2074,5526.0
10012,1931,5518.0
10013,2064,4545.0
10014,2047,5160.0
10015,2075,5804.0
10016,2044,4966.0
10017,2044,5907.0
10018,1714,4443.0
10019,2064,4159.0
10020,2068,5801.0
10021,2076,5713.0
10022,2077,6004.0
10023,2066,5374.0
10024,2064,5892.0
10025,2070,5670.0
10026,2074,5707.0
10027,2078,5153.0
10028,2057,5886.0
10029,2079,4880.0
10030,1714,5093.0
10031,2077,4907.0
10032,2070,5147.0
10033,2064,4954.0
10034,1714,4109.0
10035,1714,5782.0
10036,2080,4904.0
10037,2070,5195.0
10038,2081,4292.0
10039,2079,4020.0
10040,1714,4505.0
10041,2074,5426.0
10042,2065,4211.0
10043,758,5835.0
10044,2057,4444.0
10045,2082,4423.0
10046,2074,4376.0
10047,2057,4040.0
10048,2064,5560.0
10049,1714,5768.0
10050,2077,5246.0
10051,2074,4389.0
10052,2074,4585.0
10053,2077,4967.0
10054,2077,4508.0
10055,168,5479.0
10056,2044,4892.0
10057,2074,4609.0
10058,1714,4926.0
10059,2083,4154.0
10060,2074,5615.0
10061,2057,4500.0
10062,2057,5468.0
10063,2044,4148.0
10064,2074,5927.0
10065,2074,4400.0
10066,2074,5783.0
10067,1177,5635.0
10068,2084,5955.0
10069,2085,32722.0
10070,17,33381.0
10071,2086,24372.0
10072,1457,20782.0
10073,369,17259.0
10074,373,12615.0
10075,1655,17252.0
10076,1530,10430.0
10077,1445,11873.0
10078,271,10759.0
10079,240,9991.0
10080,885,10247.0
10081,366,6933.0
10082,272,8220.0
10083,369,6937.0
10084,369,7851.0
10085,616,7249.0
10086,983,7609.0
10087,850,5190.0
10088,677,5753.0
10089,1655,5517.0
10090,77,4977.0
10091,1121,5490.0
10092,1409,6411.0
10093,2087,5278.0
10094,1530,5889.0
10095,1689,6414.0
10096,983,5951.0
10097,1551,4804.0
10098,1655,4759.0
10099,369,4925.0
10100,1445,4367.0
10101,2088,5284.0
10102,983,4741.0
10103,547,5720.0
10104,548,5529.0
10105,369,5236.0
10106,1142,4743.0
10107,1530,4433.0
10108,820,5570.0
10109,1530,4986.0
10110,803,4461.0
10111,1539,4403.0
10112,1445,4342.0
10113,175,5570.0
10114,1247,4472.0
10115,794,5067.0
10116,983,4916.0
10117,482,5172.0
10118,505,5770.0
10119,2089,5750.0
10120,1445,4916.0
10121,1530,4042.0
10122,89,4866.0
10123,306,5228.0
10124,983,5130.0
10125,734,5317.0
10126,794,4319.0
10127,2090,5308.0
10128,1530,4377.0
10129,983,5517.0
10130,2091,4692.0
10131,1238,5438.0
10132,983,4108.0
10133,2092,4831.0
10134,427,5426.0
10135,369,4465.0
10136,1530,5605.0
10137,1655,5277.0
10138,369,5190.0
10139,2093,4722.0
10140,794,4978.0
10141,983,5210.0
10142,1411,4959.0
10143,1123,5412.0
10144,1655,4881.0
10145,1655,4416.0
10146,1838,4441.0
10147,1445,4024.0
10148,378,4615.0
10149,1324,5515.0
10150,1445,5605.0
10151,1655,4418.0
10152,1655,5934.0
10153,2094,5018.0
10154,1861,5850.0
10155,794,5429.0
10156,1445,5461.0
10157,369,4183.0
10158,794,4453.0
10159,1655,4028.0
10160,794,5449.0
10161,1655,4702.0
10162,369,5588.0
10163,794,4689.0
10164,1527,5656.0
10165,1298,4275.0
10166,794,4360.0
10167,794,4695.0
10168,794,4829.0
10169,205,4710.0
10170,1655,5543.0
10171,1247,4207.0
10172,2095,4717.0
10173,369,5691.0
10174,109,4145.0
10175,13,5901.0
10176,1298,5991.0
10177,190,109080.0
10178,2096,52796.0
10179,2097,52342.0
10180,1628,55697.0
10181,1892,45629.0
10182,1073,42915.0
10183,1764,39944.0
10184,2098,29121.0
10185,575,37258.0
10186,2099,35154.0
10187,482,31761.0
10188,498,35159.0
10189,689,32496.0
10190,324,25994.0
10191,1001,27579.0
10192,2096,25330.0
10193,9,20258.0
10194,1001,27740.0
10195,2100,13964.0
10196,2096,17451.0
10197,2101,15753.0
10198,684,12454.0
10199,1001,17077.0
10200,2096,15212.0
10201,534,13421.0
10202,2102,11702.0
10203,1073,11131.0
10204,1655,12267.0
10205,2096,11474.0
10206,2103,12379.0
10207,1001,14428.0
10208,2104,12432.0
10209,2105,13720.0
10210,2096,11951.0
10211,2102,10374.0
10212,1536,11893.0
10213,1011,9249.0
10214,2106,10467.0
10215,1001,7249.0
10216,1001,6484.0
10217,1001,8681.0
10218,2107,7862.0
10219,1001,8514.0
10220,2107,8457.0
10221,2108,5519.0
10222,1696,6572.0
10223,36,6289.0
10224,1073,6708.0
10225,1073,6982.0
10226,2102,5350.0
10227,688,5798.0
10228,1001,6122.0
10229,1001,4683.0
10230,184,5890.0
10231,2102,5345.0
10232,2096,5917.0
10233,692,4692.0
10234,1001,4228.0
10235,1073,5027.0
10236,1073,4183.0
10237,1001,5956.0
10238,2109,4090.0
10239,1073,5522.0
10240,1529,5063.0
10241,2110,4752.0
10242,2096,4144.0
10243,1073,5257.0
10244,1073,5185.0
10245,1001,4575.0
10246,2107,5837.0
10247,2102,4622.0
10248,464,4913.0
10249,1073,5100.0
10250,2096,4213.0
10251,2096,5883.0
10252,2111,4764.0
10253,2096,4174.0
10254,1073,4787.0
10255,2110,5214.0
10256,2108,5042.0
10257,1073,5402.0
10258,2102,4123.0
10259,1073,4581.0
10260,2096,5655.0
10261,298,4170.0
10262,2096,5729.0
10263,2107,4196.0
10264,2102,5685.0
10265,2107,4736.0
10266,2102,5240.0
10267,2102,4319.0
10268,2102,4144.0
10269,2108,4445.0
10270,2102,4269.0
10271,2102,4639.0
10272,752,5044.0
10273,2108,5194.0
10274,2112,5594.0
10275,2108,5329.0
10276,2102,5233.0
10277,2102,4838.0
10278,2102,4963.0
10279,2108,4844.0
10280,2096,5702.0
10281,2102,4474.0
10282,2108,4022.0
10283,2113,5319.0
10284,2096,4419.0
10285,2107,5796.0
10286,567,5737.0
10287,2096,4166.0
10288,2107,4226.0
10289,2108,5005.0
10290,2102,5234.0
10291,2108,4563.0
10292,2107,5449.0
10293,2102,5205.0
10294,2096,4663.0
10295,2096,4063.0
10296,1579,5516.0
10297,2107,4443.0
10298,2107,5687.0
10299,2108,4855.0
10300,2107,5169.0
10301,2114,5764.0
10302,2107,5745.0
10303,2107,4756.0
10304,1001,4431.0
10305,2110,5566.0
10306,2110,4398.0
10307,2107,5827.0
10308,2107,4408.0
10309,2114,4063.0
10310,2107,4052.0
10311,2107,5260.0
10312,1579,5340.0
10313,2107,4635.0
10314,1579,4653.0
10315,2110,4693.0
10316,2107,5376.0
10317,1579,4130.0
10318,1579,5875.0
10319,2107,4458.0
10320,1579,6018.0
10321,2110,4356.0
10322,1551,5559.0
10323,2115,4461.0
10324,1579,4174.0
10325,2110,5735.0
10326,1579,4821.0
10327,2110,5421.0
10328,2110,5130.0
10329,2110,5723.0
10330,1579,4644.0
10331,1579,5062.0
10332,1579,4984.0
10333,2110,5801.0
10334,2110,5169.0
10335,2110,5330.0
10336,2116,5353.0
10337,2117,4910.0
10338,1917,5892.0
10339,684,4726.0
10340,2118,367322.0
10341,2118,331549.0
10342,2118,288950.0
10343,2118,272267.0
10344,2118,336030.0
10345,2118,268050.0
10346,2118,261863.0
10347,429,263306.0
10348,773,251979.0
10349,2118,209952.0
10350,773,242450.0
10351,1487,192057.0
10352,773,231715.0
10353,2118,190358.0
10354,2118,151895.0
10355,2118,165840.0
10356,1986,165590.0
10357,773,135714.0
10358,773,157265.0
10359,773,140126.0
10360,2118,120616.0
10361,132,168588.0
10362,773,150893.0
10363,1487,155109.0
10364,523,139421.0
10365,132,119184.0
10366,741,126268.0
10367,1487,125670.0
10368,773,138419.0
10369,523,103686.0
10370,2118,128802.0
10371,773,128522.0
10372,1487,117346.0
10373,773,122643.0
10374,773,96441.0
10375,2119,117100.0
10376,2118,107087.0
10377,1487,79090.0
10378,132,109349.0
10379,132,92797.0
10380,1487,91808.0
10381,1371,88761.0
10382,432,71784.0
10383,2118,81356.0
10384,1487,90063.0
10385,2120,63060.0
10386,741,70706.0
10387,56,62300.0
10388,2121,75156.0
10389,132,84809.0
10390,132,86179.0
10391,1487,88616.0
10392,773,78374.0
10393,1487,66827.0
10394,132,85420.0
10395,1487,78939.0
10396,1487,71443.0
10397,1487,74487.0
10398,1986,79224.0
10399,2122,70450.0
10400,132,61061.0
10401,1986,67799.0
10402,132,45877.0
10403,132,52244.0
10404,1986,49943.0
10405,1372,44875.0
10406,1986,40259.0
10407,132,42229.0
10408,1275,50330.0
10409,132,52400.0
10410,2120,55647.0
10411,1326,43397.0
10412,2,47571.0
10413,2120,53678.0
10414,132,37459.0
10415,2123,44510.0
10416,2124,44983.0
10417,1986,33816.0
10418,1423,43814.0
10419,504,42484.0
10420,1839,30664.0
10421,2125,31515.0
10422,1487,30622.0
10423,1275,33629.0
10424,1487,35663.0
10425,523,34501.0
10426,2126,29832.0
10427,1986,31056.0
10428,2120,26374.0
10429,56,29367.0
10430,741,31885.0
10431,2120,29791.0
10432,1986,24145.0
10433,2127,30670.0
10434,1798,32546.0
10435,2128,24783.0
10436,1529,24974.0
10437,2129,27115.0
10438,523,27322.0
10439,504,23847.0
10440,2130,27816.0
10441,1986,24251.0
10442,1275,23189.0
10443,56,24445.0
10444,1255,25872.0
10445,2120,24158.0
10446,523,17578.0
10447,2120,19262.0
10448,1986,20381.0
10449,1986,18508.0
10450,2120,21577.0
10451,887,20896.0
10452,1275,20185.0
10453,2125,15899.0
10454,887,20009.0
10455,1275,19058.0
10456,2120,16221.0
10457,2120,18358.0
10458,2125,13831.0
10459,2131,17528.0
10460,887,14767.0
10461,1275,13309.0
10462,2132,15008.0
10463,2120,14601.0
10464,2125,12148.0
10465,2122,11116.0
10466,258,13218.0
10467,2133,13687.0
10468,56,14956.0
10469,2120,15178.0
10470,1275,12056.0
10471,1275,13071.0
10472,2120,10960.0
10473,1632,12169.0
10474,1275,9185.0
10475,2120,9840.0
10476,2125,10880.0
10477,2125,8027.0
10478,2125,10704.0
10479,56,8739.0
10480,2134,8544.0
10481,1275,9075.0
10482,2135,7724.0
10483,978,6256.0
10484,2136,6334.0
10485,2137,6613.0
10486,355,5891.0
10487,56,4920.0
10488,2125,6055.0
10489,2138,5394.0
10490,2139,5551.0
10491,2125,5899.0
10492,1901,4445.0
10493,2130,5560.0
10494,2122,4052.0
10495,504,4953.0
10496,504,4706.0
10497,2120,5743.0
10498,2034,5726.0
10499,425,4055.0
10500,504,5236.0
10501,2140,4846.0
10502,886,5681.0
10503,2141,4633.0
10504,2142,5904.0
10505,571,4370.0
10506,504,5340.0
10507,2118,5359.0
10508,504,4517.0
10509,2059,4663.0
10510,2143,5686.0
10511,2059,5540.0
10512,358,4672.0
10513,652,5084.0
10514,883,36965.0
10515,877,16106.0
