ID_track_FK,ID_artist_FK,role
1,79,main
2,79,main
3,79,main
4,79,main
5,79,main
6,79,main
7,79,main
8,79,main
9,79,main
10,79,main
11,79,main
12,79,main
13,79,main
14,79,main
15,79,main
16,79,main
17,79,main
18,79,main
19,79,main
20,79,main
21,79,main
22,79,main
23,79,main
24,79,main
25,79,main
26,79,main
27,79,main
28,79,main
29,79,main
30,79,main
31,79,main
32,79,main
33,79,main
34,79,main
35,79,main
36,79,main
37,79,main
38,79,main
39,79,main
40,79,main
41,79,main
42,79,main
43,79,main
44,79,main
45,79,main
46,79,main
47,79,main
48,79,main
49,79,main
50,79,main
51,79,main
52,79,main
53,79,main
54,79,main
55,79,main
56,79,main
57,79,main
58,79,main
59,79,main
60,79,main
61,79,main
62,79,main
63,79,main
64,79,main
65,79,main
66,79,main
67,79,main
68,79,main
69,79,main
70,79,main
126,3,main
127,3,main
128,3,main
129,3,main
130,3,main
131,3,main
132,3,main
133,3,main
134,3,main
135,3,main
136,3,main
137,3,main
138,3,main
139,3,main
140,3,main
141,3,main
142,3,main
143,3,main
144,3,main
145,3,main
146,3,main
147,3,main
148,3,main
149,3,main
150,3,main
151,3,main
152,3,main
153,3,main
154,3,main
155,3,main
156,3,main
157,3,main
158,3,main
159,3,main
160,3,main
161,3,main
162,3,main
163,3,main
164,3,main
165,3,main
166,3,main
167,3,main
168,3,main
169,3,main
170,3,main
171,3,main
172,3,main
173,3,main
174,3,main
175,3,main
176,3,main
177,3,main
178,3,main
179,3,main
180,3,main
181,3,main
182,3,main
183,3,main
184,3,main
185,3,main
186,3,main
187,3,main
188,3,main
189,3,main
190,3,main
191,3,main
192,3,main
193,3,main
194,3,main
195,3,main
196,3,main
197,3,main
198,3,main
199,92,main
200,92,main
201,92,main
202,92,main
203,92,main
204,92,main
205,92,main
206,92,main
207,92,main
208,92,main
209,92,main
210,92,main
211,92,main
212,92,main
213,92,main
214,92,main
215,92,main
216,92,main
217,92,main
218,92,main
219,92,main
220,92,main
221,92,main
222,92,main
223,92,main
224,92,main
225,92,main
226,92,main
227,92,main
228,92,main
229,92,main
230,92,main
231,92,main
232,92,main
233,92,main
234,92,main
235,92,main
236,92,main
237,92,main
238,92,main
239,92,main
240,92,main
241,92,main
242,92,main
243,92,main
244,92,main
245,92,main
246,92,main
247,92,main
248,92,main
249,92,main
250,92,main
251,92,main
252,92,main
253,92,main
254,92,main
255,92,main
256,92,main
257,92,main
258,92,main
259,92,main
260,92,main
261,92,main
262,92,main
263,92,main
264,92,main
265,92,main
266,92,main
267,92,main
268,92,main
269,92,main
270,92,main
271,92,main
272,92,main
273,92,main
274,92,main
275,92,main
276,92,main
277,92,main
278,92,main
279,92,main
280,92,main
281,92,main
282,92,main
283,92,main
284,92,main
285,92,main
286,92,main
287,92,main
288,92,main
289,92,main
290,92,main
291,92,main
292,92,main
293,92,main
294,92,main
295,92,main
296,92,main
297,92,main
298,92,main
299,92,main
300,92,main
301,92,main
302,92,main
303,92,main
304,92,main
305,99,main
306,99,main
307,99,main
308,99,main
309,99,main
310,99,main
311,99,main
312,99,main
313,99,main
314,99,main
315,99,main
316,99,main
317,99,main
318,99,main
319,99,main
320,99,main
321,99,main
322,99,main
323,99,main
324,99,main
325,99,main
326,99,main
327,51,main
328,51,main
329,51,main
330,51,main
331,51,main
332,51,main
333,51,main
334,51,main
335,51,main
336,51,main
337,51,main
338,51,main
339,51,main
340,51,main
341,51,main
342,51,main
343,51,main
344,51,main
345,51,main
346,51,main
347,51,main
348,51,main
349,51,main
350,51,main
351,51,main
352,51,main
353,51,main
354,51,main
355,51,main
356,51,main
357,51,main
358,51,main
359,51,main
360,51,main
361,51,main
362,51,main
363,51,main
364,51,main
365,51,main
366,51,main
367,51,main
368,51,main
369,51,main
370,51,main
371,51,main
372,51,main
373,51,main
374,51,main
375,51,main
376,51,main
377,51,main
378,51,main
379,51,main
380,51,main
381,51,main
382,51,main
383,51,main
384,51,main
385,51,main
386,51,main
387,51,main
388,51,main
389,51,main
390,51,main
391,51,main
392,51,main
393,51,main
394,51,main
395,51,main
396,51,main
397,51,main
398,51,main
399,51,main
400,51,main
401,51,main
402,51,main
403,51,main
404,51,main
405,51,main
406,51,main
407,51,main
408,51,main
409,51,main
410,51,main
411,51,main
412,51,main
413,51,main
414,51,main
415,51,main
416,51,main
417,51,main
418,51,main
419,51,main
420,51,main
421,51,main
422,51,main
423,51,main
424,51,main
425,51,main
426,51,main
427,51,main
428,51,main
429,51,main
430,51,main
431,51,main
432,51,main
433,51,main
434,51,main
435,51,main
436,51,main
437,51,main
438,51,main
439,51,main
440,51,main
441,51,main
442,51,main
443,51,main
444,51,main
445,51,main
446,51,main
447,51,main
448,51,main
449,51,main
450,51,main
451,51,main
452,51,main
453,51,main
454,51,main
455,51,main
456,51,main
457,51,main
458,51,main
459,51,main
460,51,main
461,51,main
462,51,main
463,51,main
464,51,main
465,51,main
466,51,main
467,51,main
468,51,main
469,51,main
470,51,main
471,51,main
472,51,main
473,51,main
474,51,main
475,51,main
476,51,main
477,51,main
478,51,main
479,51,main
480,51,main
481,51,main
482,51,main
483,51,main
484,51,main
485,51,main
486,51,main
487,51,main
488,51,main
489,51,main
490,51,main
491,51,main
492,51,main
493,51,main
494,51,main
495,51,main
496,51,main
497,51,main
498,51,main
499,51,main
500,51,main
501,51,main
502,51,main
503,51,main
504,51,main
505,51,main
506,51,main
507,51,main
508,51,main
509,51,main
510,51,main
511,51,main
512,51,main
513,51,main
686,6,main
687,6,main
688,6,main
689,6,main
690,6,main
691,6,main
692,6,main
693,6,main
694,6,main
695,6,main
696,6,main
697,6,main
698,6,main
699,6,main
700,6,main
701,6,main
702,6,main
703,6,main
704,6,main
705,6,main
706,6,main
707,6,main
708,6,main
709,6,main
710,6,main
711,6,main
712,6,main
713,6,main
714,6,main
715,6,main
716,6,main
717,6,main
718,6,main
719,6,main
720,6,main
721,6,main
722,6,main
723,6,main
724,6,main
725,6,main
726,6,main
727,6,main
728,6,main
729,6,main
730,6,main
731,6,main
732,6,main
733,6,main
734,6,main
735,6,main
736,6,main
737,6,main
738,6,main
739,6,main
740,6,main
741,6,main
742,6,main
743,6,main
744,6,main
745,6,main
746,6,main
747,6,main
748,6,main
749,6,main
750,6,main
751,6,main
752,6,main
753,6,main
754,6,main
755,6,main
756,6,main
757,6,main
758,6,main
759,6,main
760,6,main
761,6,main
762,6,main
763,6,main
764,6,main
765,68,main
766,68,main
767,68,main
768,68,main
769,68,main
770,68,main
771,68,main
772,68,main
773,68,main
774,68,main
775,68,main
776,68,main
777,68,main
778,68,main
779,68,main
780,68,main
781,68,main
782,68,main
783,68,main
784,68,main
785,68,main
786,68,main
787,68,main
788,68,main
789,68,main
790,68,main
791,68,main
792,68,main
793,68,main
794,68,main
795,68,main
796,40,main
797,40,main
798,40,main
799,40,main
800,40,main
801,40,main
802,40,main
803,40,main
804,40,main
805,40,main
806,40,main
807,40,main
808,40,main
809,40,main
810,40,main
811,40,main
812,40,main
813,40,main
814,40,main
815,40,main
816,40,main
817,40,main
818,40,main
819,40,main
820,40,main
821,40,main
822,40,main
823,40,main
824,40,main
825,40,main
826,40,main
827,40,main
828,40,main
829,40,main
830,40,main
831,40,main
832,40,main
833,40,main
834,40,main
835,40,main
836,40,main
837,40,main
838,40,main
839,40,main
840,40,main
841,40,main
842,40,main
843,40,main
844,40,main
845,40,main
846,40,main
847,40,main
848,40,main
849,40,main
850,40,main
851,40,main
852,40,main
853,40,main
854,40,main
855,40,main
856,40,main
857,40,main
858,40,main
859,40,main
860,40,main
861,40,main
862,40,main
863,40,main
864,40,main
865,40,main
866,40,main
867,40,main
868,40,main
869,40,main
870,40,main
871,40,main
872,40,main
873,40,main
874,40,main
875,40,main
876,40,main
877,40,main
878,40,main
879,40,main
880,40,main
881,40,main
882,40,main
883,40,main
884,40,main
885,40,main
886,40,main
887,40,main
888,40,main
889,40,main
890,40,main
891,40,main
892,40,main
893,40,main
894,40,main
895,40,main
896,40,main
897,40,main
898,40,main
899,40,main
900,40,main
901,40,main
902,40,main
903,40,main
904,40,main
905,40,main
906,40,main
907,40,main
908,40,main
909,40,main
910,40,main
911,40,main
912,40,main
913,40,main
914,40,main
915,40,main
916,40,main
917,40,main
918,40,main
919,40,main
920,40,main
921,40,main
922,40,main
923,40,main
924,40,main
925,40,main
926,40,main
927,40,main
928,40,main
929,40,main
930,40,main
931,40,main
932,40,main
933,40,main
934,40,main
935,40,main
936,40,main
937,40,main
938,40,main
939,40,main
940,40,main
941,40,main
942,40,main
943,40,main
944,40,main
945,40,main
946,40,main
947,40,main
948,40,main
949,40,main
950,40,main
951,40,main
952,40,main
953,40,main
954,40,main
955,40,main
956,40,main
957,40,main
958,40,main
959,40,main
960,40,main
961,40,main
962,40,main
963,40,main
964,40,main
965,40,main
966,40,main
967,40,main
968,40,main
969,40,main
970,40,main
971,40,main
972,40,main
973,40,main
974,40,main
975,40,main
976,40,main
977,40,main
978,40,main
979,40,main
980,40,main
981,40,main
982,40,main
983,40,main
984,40,main
985,40,main
986,40,main
987,40,main
988,40,main
989,40,main
990,40,main
991,40,main
992,40,main
993,40,main
994,40,main
995,40,main
996,40,main
997,40,main
998,40,main
999,40,main
1000,40,main
1001,40,main
1002,40,main
1003,40,main
1004,40,main
1005,40,main
1006,40,main
1007,40,main
1008,40,main
1009,40,main
1010,40,main
1011,40,main
1012,40,main
1013,40,main
1014,40,main
1015,40,main
1016,40,main
1017,40,main
1018,40,main
1019,40,main
1020,40,main
1021,40,main
1022,40,main
1023,40,main
1024,40,main
1025,40,main
1026,40,main
1027,40,main
1028,40,main
1029,40,main
1030,40,main
1031,40,main
1032,40,main
1033,40,main
1034,40,main
1035,40,main
1036,40,main
1037,40,main
1038,40,main
1039,40,main
1040,40,main
1041,40,main
1042,40,main
1043,40,main
1044,40,main
1045,40,main
1046,40,main
1047,40,main
1048,40,main
1049,40,main
1050,40,main
1051,40,main
1052,40,main
1053,40,main
1054,40,main
1055,40,main
1056,40,main
1057,40,main
1058,40,main
1059,40,main
1060,40,main
1061,40,main
1062,40,main
1063,40,main
1064,40,main
1065,40,main
1066,40,main
1067,40,main
1068,40,main
1069,40,main
1070,40,main
1071,40,main
1072,40,main
1073,40,main
1074,40,main
1075,40,main
1076,40,main
1077,40,main
1078,40,main
1079,40,main
1080,40,main
1081,40,main
1082,40,main
1083,40,main
1084,40,main
1085,40,main
1086,40,main
1087,40,main
1088,40,main
1089,40,main
1090,40,main
1091,40,main
1092,40,main
1093,40,main
1094,40,main
1095,40,main
1096,40,main
1097,40,main
1098,40,main
1099,40,main
1100,40,main
1101,40,main
1102,40,main
1103,40,main
1104,40,main
1105,40,main
1106,40,main
1107,40,main
1108,40,main
1109,40,main
1110,40,main
1111,40,main
1112,40,main
1113,40,main
1114,40,main
1115,40,main
1116,40,main
1117,40,main
1118,40,main
1119,40,main
1120,40,main
1121,40,main
1122,40,main
1123,40,main
1124,40,main
1125,40,main
1126,40,main
1127,40,main
1128,40,main
1129,65,main
1130,65,main
1131,65,main
1132,65,main
1133,65,main
1134,65,main
1135,65,main
1136,65,main
1137,65,main
1138,65,main
1139,65,main
1140,65,main
1141,65,main
1142,65,main
1143,65,main
1144,65,main
1145,65,main
1146,65,main
1147,65,main
1148,65,main
1149,65,main
1150,65,main
1151,65,main
1152,65,main
1153,65,main
1154,65,main
1155,65,main
1156,65,main
1157,65,main
1158,65,main
1159,65,main
1160,65,main
1161,65,main
1162,65,main
1163,65,main
1164,65,main
1165,65,main
1166,65,main
1167,65,main
1168,65,main
1169,65,main
1170,65,main
1171,65,main
1172,65,main
1173,65,main
1174,65,main
1175,65,main
1176,81,main
1177,81,main
1178,81,main
1179,81,main
1180,81,main
1181,81,main
1182,81,main
1183,81,main
1184,81,main
1185,81,main
1186,81,main
1187,81,main
1188,81,main
1189,81,main
1190,81,main
1191,81,main
1192,81,main
1193,81,main
1194,81,main
1195,81,main
1196,81,main
1197,81,main
1198,12,main
1199,12,main
1200,12,main
1201,12,main
1202,12,main
1203,12,main
1204,12,main
1205,12,main
1206,12,main
1207,12,main
1208,12,main
1209,12,main
1210,12,main
1211,12,main
1212,12,main
1213,12,main
1214,12,main
1215,12,main
1216,12,main
1217,12,main
1218,12,main
1219,12,main
1220,12,main
1221,12,main
1222,12,main
1223,12,main
1224,12,main
1225,12,main
1226,12,main
1227,12,main
1228,12,main
1229,12,main
1230,12,main
1231,12,main
1232,12,main
1233,12,main
1234,12,main
1235,12,main
1236,12,main
1237,12,main
1238,12,main
1239,12,main
1240,12,main
1241,12,main
1242,12,main
1243,12,main
1244,12,main
1245,12,main
1246,12,main
1247,12,main
1248,12,main
1249,12,main
1250,12,main
1251,12,main
1252,12,main
1253,12,main
1254,12,main
1255,12,main
1256,12,main
1257,12,main
1258,12,main
1259,12,main
1260,12,main
1261,12,main
1262,12,main
1263,12,main
1264,12,main
1265,12,main
1266,12,main
1267,12,main
1268,12,main
1269,12,main
1270,12,main
1271,12,main
1272,12,main
1273,12,main
1274,12,main
1275,12,main
1276,12,main
1277,12,main
1278,12,main
1279,12,main
1280,12,main
1281,12,main
1282,12,main
1283,12,main
1284,12,main
1285,12,main
1286,12,main
1287,12,main
1288,12,main
1289,12,main
1290,12,main
1291,12,main
1292,12,main
1293,12,main
1294,12,main
1295,12,main
1296,12,main
1297,12,main
1298,12,main
1299,12,main
1300,12,main
1301,12,main
1302,12,main
1303,12,main
1304,12,main
1305,12,main
1306,12,main
1307,12,main
1308,12,main
1309,12,main
1310,12,main
1311,58,main
1312,58,main
1313,58,main
1314,58,main
1315,58,main
1316,58,main
1317,58,main
1318,58,main
1319,58,main
1320,58,main
1321,58,main
1322,58,main
1323,58,main
1324,58,main
1325,58,main
1326,58,main
1327,58,main
1328,58,main
1329,58,main
1330,58,main
1331,58,main
1332,58,main
1333,58,main
1334,58,main
1335,58,main
1336,58,main
1337,58,main
1338,58,main
1339,58,main
1340,58,main
1341,58,main
1342,58,main
1343,58,main
1344,58,main
1345,58,main
1346,58,main
1347,58,main
1348,58,main
1349,58,main
1350,58,main
1351,58,main
1352,58,main
1353,58,main
1354,58,main
1355,58,main
1356,58,main
1357,58,main
1358,58,main
1359,58,main
1360,58,main
1361,58,main
1362,58,main
1363,58,main
1364,58,main
1365,58,main
1366,58,main
1367,58,main
1368,58,main
1369,58,main
1370,58,main
1371,58,main
1372,58,main
1373,58,main
1374,58,main
1375,58,main
1376,58,main
1377,58,main
1378,58,main
1379,58,main
1380,88,main
1381,88,main
1382,88,main
1383,88,main
1384,88,main
1385,88,main
1386,88,main
1387,88,main
1388,88,main
1389,88,main
1390,88,main
1391,88,main
1392,88,main
1393,88,main
1394,88,main
1395,88,main
1396,88,main
1397,88,main
1398,88,main
1399,88,main
1400,88,main
1401,88,main
1402,88,main
1403,88,main
1404,88,main
1405,88,main
1406,88,main
1407,88,main
1408,88,main
1409,88,main
1410,88,main
1411,88,main
1412,88,main
1413,88,main
1414,88,main
1415,88,main
1416,88,main
1417,88,main
1418,88,main
1419,88,main
1420,88,main
1421,88,main
1422,88,main
1423,88,main
1424,88,main
1425,88,main
1426,88,main
1427,88,main
1428,88,main
1429,88,main
1430,88,main
1431,88,main
1432,88,main
1433,88,main
1434,88,main
1435,88,main
1436,88,main
1437,88,main
1438,88,main
1439,88,main
1440,88,main
1441,88,main
1442,88,main
1443,88,main
1444,88,main
1445,88,main
1446,88,main
1447,88,main
1448,88,main
1449,88,main
1450,88,main
1451,88,main
1452,88,main
1453,88,main
1454,88,main
1455,88,main
1456,88,main
1457,88,main
1458,88,main
1459,88,main
1460,88,main
1461,88,main
1462,88,main
1463,88,main
1464,88,main
1465,88,main
1466,88,main
1467,88,main
1468,88,main
1469,88,main
1470,88,main
1471,88,main
1472,88,main
1473,55,main
1474,55,main
1475,55,main
1476,55,main
1477,55,main
1478,55,main
1479,55,main
1480,55,main
1481,55,main
1482,55,main
1483,55,main
1484,55,main
1485,55,main
1486,55,main
1487,55,main
1488,55,main
1489,55,main
1490,55,main
1491,55,main
1492,55,main
1493,55,main
1494,55,main
1495,55,main
1496,55,main
1497,55,main
1498,55,main
1499,55,main
1500,55,main
1501,55,main
1502,55,main
1503,55,main
1504,55,main
1505,55,main
1506,55,main
1507,55,main
1508,55,main
1509,55,main
1510,55,main
1511,55,main
1512,55,main
1513,55,main
1514,55,main
1515,55,main
1516,55,main
1517,55,main
1518,55,main
1519,55,main
1520,55,main
1521,55,main
1522,55,main
1523,55,main
1524,55,main
1525,55,main
1526,55,main
1527,55,main
1528,55,main
1529,55,main
1530,55,main
1531,55,main
1532,73,main
1533,73,main
1534,73,main
1535,73,main
1536,73,main
1537,73,main
1538,73,main
1539,73,main
1540,73,main
1541,73,main
1542,73,main
1543,73,main
1544,73,main
1545,73,main
1546,73,main
1547,73,main
1548,73,main
1549,73,main
1550,73,main
1551,73,main
1552,73,main
1553,73,main
1554,73,main
1555,73,main
1556,73,main
1557,73,main
1558,73,main
1559,73,main
1560,73,main
1561,73,main
1562,73,main
1563,73,main
1564,73,main
1565,73,main
1566,73,main
1567,73,main
1568,73,main
1569,73,main
1570,73,main
1571,73,main
1572,73,main
1573,73,main
1574,73,main
1575,73,main
1576,73,main
1577,73,main
1578,73,main
1579,73,main
1580,73,main
1581,73,main
1582,73,main
1583,73,main
1584,73,main
1585,73,main
1586,73,main
1587,73,main
1588,73,main
1589,73,main
1590,73,main
1591,73,main
1592,73,main
1593,73,main
1594,73,main
1595,73,main
1596,73,main
1597,73,main
1598,73,main
1599,73,main
1600,73,main
1601,73,main
1602,73,main
1603,73,main
1604,73,main
1605,73,main
1606,73,main
1607,73,main
1608,73,main
1609,73,main
1610,73,main
1611,73,main
1612,73,main
1613,73,main
1614,73,main
1615,73,main
1616,73,main
1617,73,main
1618,73,main
1619,73,main
1620,73,main
1621,73,main
1622,73,main
1623,73,main
1624,73,main
1625,73,main
1626,73,main
1627,73,main
1628,73,main
1629,73,main
1630,13,main
1631,13,main
1632,13,main
1633,13,main
1634,13,main
1635,13,main
1636,13,main
1637,13,main
1638,13,main
1639,13,main
1640,13,main
1641,13,main
1642,13,main
1643,13,main
1644,13,main
1645,13,main
1646,13,main
1647,13,main
1648,13,main
1649,13,main
1650,13,main
1651,13,main
1652,13,main
1653,13,main
1654,13,main
1655,13,main
1656,14,main
1657,14,main
1658,14,main
1659,14,main
1660,14,main
1661,14,main
1662,14,main
1663,14,main
1664,14,main
1665,14,main
1666,14,main
1667,14,main
1668,14,main
1669,14,main
1670,14,main
1671,14,main
1672,14,main
1673,14,main
1674,14,main
1675,14,main
1676,14,main
1677,14,main
1678,14,main
1679,14,main
1680,14,main
1681,14,main
1682,14,main
1683,14,main
1684,14,main
1685,14,main
1686,14,main
1687,14,main
1688,14,main
1689,14,main
1690,14,main
1691,14,main
1692,14,main
1693,14,main
1694,14,main
1695,14,main
1696,14,main
1697,14,main
1698,14,main
1699,14,main
1700,14,main
1701,14,main
1702,14,main
1703,14,main
1704,14,main
1705,14,main
1706,14,main
1707,14,main
1708,14,main
1709,14,main
1710,14,main
1711,14,main
1712,14,main
1713,14,main
1714,14,main
1715,14,main
1716,14,main
1717,14,main
1718,14,main
1719,14,main
1720,14,main
1721,14,main
1722,14,main
1723,14,main
1724,14,main
1725,14,main
1726,14,main
1727,14,main
1728,14,main
1729,14,main
1730,14,main
1731,14,main
1732,14,main
1733,14,main
1734,14,main
1735,14,main
1736,14,main
1737,14,main
1738,14,main
1739,14,main
1740,14,main
1741,14,main
1742,14,main
1743,14,main
1744,14,main
1745,14,main
1746,14,main
1747,14,main
1748,14,main
1749,14,main
1750,14,main
1751,14,main
1752,14,main
1753,14,main
1754,14,main
1755,14,main
1756,14,main
1757,14,main
1758,14,main
1759,14,main
1760,14,main
1761,14,main
1762,14,main
1763,14,main
1764,14,main
1765,14,main
1766,14,main
1767,14,main
1768,14,main
1769,14,main
1770,14,main
1771,14,main
1772,14,main
1773,14,main
1774,14,main
1775,14,main
1776,14,main
1777,14,main
1778,14,main
1779,14,main
1780,14,main
1781,14,main
1782,14,main
1783,14,main
1784,14,main
1785,14,main
1786,14,main
1787,14,main
1788,14,main
1789,14,main
1790,14,main
1791,14,main
1792,14,main
1793,14,main
1794,14,main
1795,14,main
1796,14,main
1797,14,main
1798,14,main
1799,14,main
1800,14,main
1801,14,main
1802,14,main
1803,14,main
1804,14,main
1805,14,main
1806,14,main
1807,15,main
1808,15,main
1809,15,main
1810,15,main
1811,15,main
1812,15,main
1813,15,main
1814,15,main
1815,15,main
1816,15,main
1817,15,main
1818,15,main
1819,15,main
1820,15,main
1821,15,main
1822,15,main
1823,15,main
1824,15,main
1825,15,main
1826,15,main
1827,15,main
1828,15,main
1829,15,main
1830,15,main
1831,15,main
1832,15,main
1833,15,main
1834,15,main
1835,15,main
1836,15,main
1837,15,main
1838,15,main
1839,15,main
1840,15,main
1841,15,main
1842,15,main
1843,15,main
1844,15,main
1845,15,main
1846,15,main
1847,15,main
1848,15,main
1849,15,main
1850,15,main
1851,15,main
1852,15,main
1853,15,main
1854,15,main
1855,15,main
1856,15,main
1857,15,main
1858,15,main
1859,15,main
1860,15,main
1861,15,main
1862,15,main
1863,15,main
1864,15,main
1865,15,main
1866,15,main
1867,15,main
1868,15,main
1869,15,main
1870,15,main
1871,15,main
1872,15,main
1873,15,main
1874,15,main
1875,15,main
1876,15,main
1877,15,main
1878,15,main
1879,15,main
1880,15,main
1881,15,main
1882,15,main
1883,15,main
1884,15,main
1885,15,main
1886,15,main
1887,15,main
1888,15,main
1889,15,main
1890,15,main
1891,15,main
1892,15,main
1893,15,main
1894,15,main
1895,15,main
1896,15,main
1897,15,main
1898,15,main
1899,15,main
1900,15,main
1901,15,main
1902,15,main
1903,15,main
1904,15,main
1905,15,main
1906,15,main
1907,15,main
1908,15,main
1909,15,main
1910,15,main
1911,15,main
1912,15,main
1913,15,main
1914,15,main
1915,15,main
1916,15,main
1917,15,main
1918,15,main
1919,15,main
1920,15,main
1921,15,main
1922,15,main
1923,15,main
1924,15,main
1925,15,main
1926,15,main
1927,15,main
1928,15,main
1929,15,main
1930,15,main
1931,15,main
1932,15,main
1933,15,main
1934,15,main
1935,15,main
1936,15,main
1937,15,main
1938,15,main
1939,15,main
1940,15,main
1941,15,main
1942,15,main
1943,15,main
1944,15,main
1945,15,main
1946,15,main
1947,15,main
1948,15,main
1949,15,main
1950,15,main
1951,15,main
1952,50,main
1953,50,main
1954,50,main
1955,50,main
1956,50,main
1957,50,main
1958,50,main
1959,50,main
1960,50,main
1961,50,main
1962,50,main
1963,50,main
1964,50,main
1965,50,main
1966,50,main
1967,50,main
1968,50,main
1969,50,main
1970,50,main
1971,50,main
1972,50,main
1973,50,main
1974,50,main
1975,50,main
1976,50,main
1977,50,main
1978,50,main
1979,50,main
1980,50,main
1981,50,main
1982,50,main
1983,50,main
1984,42,main
1985,42,main
1986,42,main
1987,30,main
1988,30,main
1989,30,main
1990,30,main
1991,30,main
1992,30,main
1993,30,main
1994,30,main
1995,30,main
1996,30,main
1997,30,main
1998,30,main
1999,30,main
2000,30,main
2001,30,main
2002,30,main
2003,30,main
2004,30,main
2005,30,main
2006,30,main
2007,30,main
2008,30,main
2009,30,main
2010,30,main
2011,30,main
2012,30,main
2013,30,main
2014,30,main
2015,30,main
2016,30,main
2017,30,main
2018,30,main
2019,30,main
2020,30,main
2021,30,main
2022,30,main
2023,30,main
2024,30,main
2025,30,main
2026,30,main
2027,30,main
2028,30,main
2029,30,main
2030,30,main
2031,30,main
2032,30,main
2033,30,main
2034,30,main
2035,30,main
2036,30,main
2037,30,main
2038,30,main
2039,30,main
2040,30,main
2041,30,main
2042,30,main
2043,30,main
2044,30,main
2045,30,main
2046,30,main
2047,30,main
2048,30,main
2049,30,main
2050,30,main
2051,30,main
2052,30,main
2053,30,main
2054,30,main
2055,30,main
2056,30,main
2057,30,main
2058,30,main
2059,30,main
2060,30,main
2061,30,main
2062,30,main
2063,30,main
2064,30,main
2065,30,main
2066,30,main
2067,30,main
2068,30,main
2069,30,main
2070,30,main
2071,30,main
2072,30,main
2073,30,main
2074,30,main
2075,30,main
2076,30,main
2077,30,main
2078,30,main
2079,30,main
2080,30,main
2081,30,main
2082,30,main
2083,30,main
2084,30,main
2085,30,main
2086,30,main
2087,30,main
2088,30,main
2089,30,main
2090,30,main
2091,30,main
2092,30,main
2093,30,main
2094,30,main
2095,30,main
2096,30,main
2097,30,main
2098,30,main
2099,30,main
2100,30,main
2101,30,main
2102,30,main
2103,30,main
2104,30,main
2105,30,main
2106,30,main
2107,30,main
2108,30,main
2109,30,main
2110,30,main
2111,30,main
2112,30,main
2113,30,main
2114,30,main
2115,30,main
2116,30,main
2117,30,main
2118,30,main
2119,30,main
2120,30,main
2121,30,main
2122,30,main
2123,30,main
2124,30,main
2125,30,main
2126,30,main
2127,30,main
2128,30,main
2129,30,main
2130,30,main
2131,30,main
2132,30,main
2133,30,main
2134,30,main
2135,30,main
2136,30,main
2137,30,main
2138,30,main
2139,30,main
2140,30,main
2141,30,main
2142,30,main
2143,30,main
2144,30,main
2145,30,main
2146,30,main
2147,30,main
2148,30,main
2149,30,main
2150,30,main
2151,30,main
2152,30,main
2153,30,main
2154,30,main
2155,30,main
2156,30,main
2157,30,main
2158,30,main
2159,30,main
2160,30,main
2161,30,main
2162,30,main
2163,30,main
2164,30,main
2165,30,main
2166,30,main
2167,30,main
2168,30,main
2169,30,main
2170,30,main
2171,30,main
2172,30,main
2173,30,main
2174,30,main
2175,30,main
2176,30,main
2177,30,main
2178,30,main
2179,30,main
2180,30,main
2181,30,main
2182,30,main
2183,30,main
2184,30,main
2185,30,main
2186,30,main
2187,30,main
2188,30,main
2189,30,main
2190,30,main
2191,30,main
2192,30,main
2193,30,main
2194,30,main
2195,30,main
2196,30,main
2197,30,main
2198,30,main
2199,30,main
2200,30,main
2201,30,main
2202,30,main
2203,30,main
2204,30,main
2205,30,main
2206,30,main
2207,30,main
2208,30,main
2209,30,main
2210,30,main
2211,30,main
2212,30,main
2213,30,main
2214,30,main
2215,30,main
2216,30,main
2217,30,main
2218,30,main
2219,30,main
2220,30,main
2221,30,main
2222,30,main
2223,30,main
2224,30,main
2225,30,main
2226,30,main
2227,30,main
2228,30,main
2229,30,main
2230,30,main
2231,30,main
2232,30,main
2233,30,main
2234,30,main
2235,30,main
2236,30,main
2237,30,main
2238,30,main
2239,30,main
2240,30,main
2241,30,main
2242,30,main
2243,30,main
2244,30,main
2245,30,main
2246,30,main
2247,30,main
2248,30,main
2249,30,main
2250,30,main
2251,30,main
2252,30,main
2253,30,main
2254,30,main
2255,30,main
2256,30,main
2257,30,main
2258,30,main
2259,30,main
2260,30,main
2261,30,main
2262,77,main
2263,77,main
2264,77,main
2265,77,main
2266,77,main
2267,77,main
2268,77,main
2269,77,main
2270,77,main
2271,77,main
2272,77,main
2273,77,main
2274,77,main
2275,77,main
2276,77,main
2277,77,main
2278,77,main
2279,77,main
2280,77,main
2281,77,main
2282,77,main
2283,77,main
2284,77,main
2285,77,main
2286,77,main
2287,77,main
2288,77,main
2289,77,main
2290,77,main
2291,77,main
2292,77,main
2293,77,main
2294,77,main
2295,77,main
2296,77,main
2297,77,main
2298,77,main
2299,77,main
2300,77,main
2301,77,main
2302,77,main
2303,77,main
2304,77,main
2305,77,main
2306,77,main
2307,77,main
2308,77,main
2309,77,main
2310,77,main
2311,77,main
2312,77,main
2313,77,main
2314,77,main
2315,77,main
2316,77,main
2317,77,main
2318,77,main
2319,77,main
2320,77,main
2321,77,main
2322,77,main
2323,77,main
2324,77,main
2325,77,main
2326,77,main
2327,77,main
2328,77,main
2329,77,main
2330,77,main
2331,77,main
2332,77,main
2333,77,main
2334,77,main
2335,77,main
2336,77,main
2337,77,main
2338,77,main
2339,77,main
2340,77,main
2341,77,main
2342,77,main
2343,77,main
2344,77,main
2345,77,main
2346,77,main
2347,77,main
2348,77,main
2349,77,main
2350,77,main
2351,77,main
2352,77,main
2353,77,main
2354,77,main
2355,77,main
2356,77,main
2357,77,main
2358,77,main
2359,77,main
2360,77,main
2361,77,main
2362,77,main
2363,77,main
2364,77,main
2365,77,main
2366,77,main
2367,77,main
2368,77,main
2369,77,main
2370,77,main
2371,77,main
2372,77,main
2373,77,main
2374,77,main
2375,77,main
2376,77,main
2377,77,main
2378,77,main
2379,77,main
2380,77,main
2381,77,main
2382,77,main
2383,77,main
2384,77,main
2385,77,main
2386,77,main
2387,77,main
2388,77,main
2389,77,main
2390,77,main
2391,77,main
2392,77,main
2393,77,main
2394,77,main
2395,77,main
2396,77,main
2397,77,main
2398,77,main
2399,77,main
2400,77,main
2401,77,main
2402,77,main
2403,77,main
2404,61,main
2405,61,main
2406,61,main
2407,62,main
2408,62,main
2409,62,main
2410,62,main
2411,62,main
2412,62,main
2413,62,main
2414,62,main
2415,62,main
2416,62,main
2417,62,main
2418,62,main
2419,62,main
2420,62,main
2421,62,main
2422,62,main
2423,62,main
2424,62,main
2425,62,main
2426,62,main
2427,62,main
2428,62,main
2429,62,main
2430,62,main
2431,62,main
2432,62,main
2433,62,main
2434,62,main
2435,62,main
2436,62,main
2437,62,main
2438,62,main
2439,62,main
2440,62,main
2441,62,main
2442,62,main
2443,62,main
2444,62,main
2445,62,main
2446,62,main
2447,62,main
2448,62,main
2449,62,main
2450,62,main
2451,62,main
2452,62,main
2453,62,main
2454,62,main
2455,62,main
2456,62,main
2457,62,main
2458,62,main
2459,62,main
2460,62,main
2461,62,main
2462,62,main
2463,62,main
2464,62,main
2465,62,main
2466,62,main
2467,62,main
2468,62,main
2469,62,main
2470,62,main
2471,62,main
2472,62,main
2473,62,main
2474,62,main
2475,62,main
2476,62,main
2477,62,main
2478,62,main
2479,62,main
2480,62,main
2481,62,main
2482,62,main
2483,62,main
2484,62,main
2485,62,main
2486,62,main
2487,62,main
2488,62,main
2489,62,main
2490,62,main
2491,62,main
2492,62,main
2493,62,main
2494,62,main
2495,62,main
2496,62,main
2497,62,main
2498,62,main
2499,62,main
2500,62,main
2501,62,main
2502,62,main
2503,62,main
2504,62,main
2505,62,main
2506,62,main
2507,62,main
2508,62,main
2509,62,main
2510,62,main
2511,62,main
2512,44,main
2513,44,main
2514,44,main
2515,44,main
2516,44,main
2517,44,main
2518,44,main
2519,44,main
2520,44,main
2521,44,main
2522,44,main
2523,44,main
2524,44,main
2525,44,main
2526,44,main
2527,44,main
2528,44,main
2529,44,main
2530,44,main
2531,44,main
2532,44,main
2533,44,main
2534,44,main
2535,44,main
2536,44,main
2537,44,main
2538,44,main
2539,44,main
2540,44,main
2541,44,main
2542,44,main
2543,44,main
2544,44,main
2545,44,main
2546,44,main
2547,44,main
2548,44,main
2549,44,main
2550,44,main
2551,44,main
2552,44,main
2553,44,main
2554,44,main
2555,44,main
2556,44,main
2557,44,main
2558,44,main
2559,44,main
2560,44,main
2561,44,main
2562,44,main
2563,44,main
2564,44,main
2565,44,main
2566,44,main
2567,44,main
2568,44,main
2569,44,main
2570,44,main
2571,44,main
2572,44,main
2573,44,main
2574,44,main
2575,44,main
2576,44,main
2577,44,main
2578,44,main
2579,44,main
2580,44,main
2581,44,main
2582,44,main
2583,44,main
2584,44,main
2585,44,main
2586,44,main
2587,44,main
2588,44,main
2589,44,main
2590,44,main
2591,44,main
2592,44,main
2593,44,main
2594,44,main
2595,44,main
2596,44,main
2597,44,main
2598,44,main
2599,44,main
2600,44,main
2601,44,main
2602,44,main
2603,44,main
2604,44,main
2605,44,main
2606,44,main
2607,44,main
2608,44,main
2609,44,main
2610,44,main
2611,44,main
2612,44,main
2613,44,main
2614,44,main
2615,44,main
2616,44,main
2617,44,main
2618,44,main
2619,44,main
2620,44,main
2621,44,main
2622,44,main
2623,44,main
2624,44,main
2625,44,main
2626,44,main
2627,44,main
2628,44,main
2629,44,main
2630,44,main
2631,44,main
2632,44,main
2633,44,main
2634,44,main
2635,44,main
2636,44,main
2637,44,main
2638,44,main
2639,44,main
2640,44,main
2641,44,main
2642,44,main
2643,44,main
2644,44,main
2645,44,main
2646,44,main
2647,44,main
2648,44,main
2649,44,main
2650,44,main
2651,44,main
2652,44,main
2653,44,main
2654,44,main
2655,44,main
2656,44,main
2657,44,main
2658,44,main
2659,44,main
2660,44,main
2661,44,main
2662,44,main
2663,44,main
2664,44,main
2665,44,main
2666,44,main
2667,44,main
2668,44,main
2669,44,main
2670,44,main
2671,44,main
2672,44,main
2673,44,main
2674,44,main
2675,44,main
2676,44,main
2677,44,main
2678,44,main
2679,44,main
2680,44,main
2681,44,main
2682,44,main
2683,44,main
2684,29,main
2685,29,main
2686,29,main
2687,29,main
2688,29,main
2689,29,main
2690,29,main
2691,29,main
2692,29,main
2693,29,main
2694,29,main
2695,29,main
2696,29,main
2697,71,main
2698,71,main
2699,47,main
2700,47,main
2701,47,main
2702,47,main
2703,47,main
2704,47,main
2705,47,main
2706,47,main
2707,47,main
2708,47,main
2709,47,main
2710,47,main
2711,47,main
2712,47,main
2713,47,main
2714,47,main
2715,47,main
2716,47,main
2717,47,main
2718,47,main
2719,47,main
2720,47,main
2721,47,main
2722,47,main
2723,47,main
2724,47,main
2725,47,main
2726,47,main
2727,47,main
2728,47,main
2729,47,main
2730,47,main
2731,47,main
2732,47,main
2733,47,main
2734,47,main
2735,47,main
2736,47,main
2737,47,main
2738,47,main
2739,47,main
2740,47,main
2741,47,main
2742,47,main
2743,47,main
2744,47,main
2745,47,main
2746,47,main
2747,47,main
2748,47,main
2749,47,main
2750,47,main
2751,47,main
2752,47,main
2753,47,main
2754,47,main
2755,47,main
2756,47,main
2757,47,main
2758,47,main
2759,47,main
2760,47,main
2761,47,main
2762,47,main
2763,47,main
2764,47,main
2765,47,main
2766,47,main
2767,47,main
2768,47,main
2769,47,main
2770,22,main
2771,22,main
2772,22,main
2773,22,main
2774,22,main
2775,22,main
2776,22,main
2777,22,main
2778,22,main
2779,22,main
2780,22,main
2781,22,main
2782,22,main
2783,22,main
2784,22,main
2785,22,main
2786,22,main
2787,22,main
2788,22,main
2789,22,main
2790,22,main
2791,22,main
2792,22,main
2793,22,main
2794,22,main
2795,22,main
2796,22,main
2797,22,main
2798,22,main
2799,98,main
2800,98,main
2801,98,main
2802,98,main
2803,98,main
2804,98,main
2805,98,main
2806,98,main
2807,98,main
2808,98,main
2809,98,main
2810,98,main
2811,49,main
2812,49,main
2813,49,main
2814,49,main
2815,49,main
2816,49,main
2817,49,main
2818,49,main
2819,49,main
2820,49,main
2821,49,main
2822,49,main
2823,49,main
2824,49,main
2825,49,main
2826,49,main
2827,49,main
2828,49,main
2829,49,main
2830,49,main
2831,49,main
2832,49,main
2833,49,main
2834,49,main
2835,49,main
2836,49,main
2837,49,main
2838,49,main
2839,49,main
2840,49,main
2841,49,main
2842,49,main
2843,49,main
2844,49,main
2845,49,main
2846,49,main
2847,49,main
2848,49,main
2849,49,main
2850,49,main
2851,49,main
2852,49,main
2853,49,main
2854,49,main
2855,49,main
2856,49,main
2857,49,main
2858,49,main
2859,49,main
2860,49,main
2861,49,main
2862,49,main
2863,49,main
2864,49,main
2865,49,main
2866,49,main
2867,49,main
2868,49,main
2869,49,main
2870,49,main
2871,49,main
2872,49,main
2873,49,main
2874,49,main
2875,49,main
2876,49,main
2877,49,main
2878,49,main
2879,49,main
2880,49,main
2881,49,main
2882,49,main
2883,49,main
2884,49,main
2885,49,main
2886,49,main
2887,49,main
2888,49,main
2889,49,main
2890,49,main
2891,49,main
2892,49,main
2893,49,main
2894,49,main
2895,49,main
2896,49,main
2897,49,main
2898,49,main
2899,49,main
2900,49,main
2901,49,main
2902,49,main
2903,80,main
2904,80,main
2905,80,main
2906,80,main
2907,80,main
2908,80,main
2909,80,main
2910,80,main
2911,80,main
2912,80,main
2913,80,main
2914,80,main
2915,80,main
2916,80,main
2917,80,main
2918,80,main
2919,80,main
2920,80,main
2921,80,main
2922,80,main
2923,80,main
2924,80,main
2925,80,main
2926,80,main
2927,80,main
2928,80,main
2929,80,main
2930,80,main
2931,80,main
2932,80,main
2933,80,main
2934,80,main
2935,80,main
2936,80,main
2937,80,main
2938,80,main
2939,80,main
2940,80,main
2941,80,main
2942,80,main
2943,80,main
2944,80,main
2945,80,main
2946,80,main
2947,80,main
2948,80,main
2949,80,main
2950,80,main
2951,80,main
2952,80,main
2953,80,main
2954,80,main
2955,80,main
2956,80,main
2957,80,main
2958,80,main
2959,80,main
2960,80,main
2961,80,main
2962,78,main
2963,78,main
2964,78,main
2965,78,main
2966,78,main
2967,78,main
2968,78,main
2969,78,main
2970,78,main
2971,78,main
2972,78,main
2973,78,main
2974,78,main
2975,78,main
2976,78,main
2977,78,main
2978,78,main
2979,78,main
2980,78,main
2981,78,main
2982,78,main
2983,78,main
2984,78,main
2985,78,main
2986,78,main
2987,78,main
2988,78,main
2989,78,main
2990,78,main
2991,78,main
2992,78,main
2993,78,main
2994,78,main
2995,78,main
2996,78,main
2997,78,main
2998,78,main
2999,78,main
3000,78,main
3001,78,main
3002,78,main
3003,78,main
3004,78,main
3005,78,main
3006,78,main
3007,78,main
3008,78,main
3009,78,main
3010,78,main
3011,78,main
3012,78,main
3013,78,main
3014,78,main
3015,78,main
3016,78,main
3017,78,main
3018,78,main
3019,78,main
3020,78,main
3021,78,main
3022,78,main
3023,78,main
3024,78,main
3025,78,main
3026,78,main
3027,78,main
3028,78,main
3029,78,main
3030,78,main
3031,78,main
3032,78,main
3033,78,main
3034,78,main
3035,78,main
3036,78,main
3037,78,main
3038,78,main
3039,78,main
3040,78,main
3041,78,main
3042,78,main
3043,78,main
3044,78,main
3045,78,main
3046,78,main
3047,84,main
3048,84,main
3049,84,main
3050,84,main
3051,84,main
3052,84,main
3053,84,main
3054,84,main
3055,84,main
3056,84,main
3057,84,main
3058,84,main
3059,84,main
3060,84,main
3061,84,main
3062,84,main
3063,84,main
3064,84,main
3065,84,main
3066,84,main
3067,84,main
3068,84,main
3069,84,main
3070,84,main
3071,84,main
3072,84,main
3073,84,main
3074,84,main
3075,84,main
3076,84,main
3077,84,main
3078,84,main
3079,84,main
3080,84,main
3081,84,main
3082,84,main
3083,84,main
3084,84,main
3085,84,main
3086,84,main
3087,84,main
3088,84,main
3089,84,main
3090,84,main
3091,84,main
3092,84,main
3093,84,main
3094,84,main
3095,84,main
3096,84,main
3097,84,main
3098,84,main
3099,84,main
3100,84,main
3101,84,main
3102,84,main
3103,84,main
3104,84,main
3105,84,main
3106,84,main
3107,84,main
3108,84,main
3109,84,main
3110,84,main
3111,84,main
3112,84,main
3113,84,main
3114,84,main
3115,84,main
3116,84,main
3117,84,main
3118,84,main
3119,84,main
3120,84,main
3121,84,main
3122,84,main
3123,84,main
3124,84,main
3125,84,main
3126,84,main
3127,84,main
3128,84,main
3129,84,main
3130,84,main
3131,84,main
3132,84,main
3133,84,main
3134,84,main
3135,84,main
3136,84,main
3137,84,main
3138,84,main
3139,84,main
3140,84,main
3141,84,main
3142,84,main
3143,84,main
3144,84,main
3145,84,main
3146,84,main
3147,84,main
3148,84,main
3149,84,main
3150,84,main
3151,84,main
3152,84,main
3153,84,main
3154,84,main
3155,84,main
3156,84,main
3157,84,main
3158,84,main
3159,84,main
3160,84,main
3161,84,main
3162,84,main
3163,84,main
3164,84,main
3165,84,main
3166,84,main
3167,84,main
3168,84,main
3169,84,main
3170,84,main
3171,84,main
3172,84,main
3173,84,main
3174,84,main
3175,84,main
3176,84,main
3177,84,main
3178,84,main
3179,84,main
3180,84,main
3181,84,main
3182,84,main
3183,38,main
3184,38,main
3185,38,main
3186,38,main
3187,38,main
3188,38,main
3189,38,main
3190,38,main
3191,38,main
3192,38,main
3193,38,main
3194,38,main
3195,38,main
3196,38,main
3197,38,main
3198,38,main
3199,38,main
3200,38,main
3201,38,main
3202,38,main
3203,38,main
3204,38,main
3205,38,main
3206,38,main
3207,38,main
3208,38,main
3209,38,main
3210,38,main
3211,38,main
3212,38,main
3213,38,main
3214,38,main
3215,38,main
3216,38,main
3217,38,main
3218,38,main
3219,38,main
3220,38,main
3221,38,main
3222,38,main
3223,38,main
3224,38,main
3225,38,main
3226,38,main
3227,38,main
3228,38,main
3229,38,main
3230,38,main
3231,38,main
3232,38,main
3233,38,main
3234,38,main
3235,38,main
3236,38,main
3237,38,main
3238,38,main
3239,38,main
3240,38,main
3241,38,main
3242,38,main
3243,38,main
3244,38,main
3245,38,main
3246,38,main
3247,38,main
3248,38,main
3249,38,main
3250,38,main
3251,38,main
3252,38,main
3253,38,main
3254,38,main
3255,38,main
3256,38,main
3257,38,main
3258,38,main
3259,38,main
3260,38,main
3261,38,main
3262,38,main
3263,38,main
3264,38,main
3265,38,main
3266,38,main
3267,38,main
3268,38,main
3269,38,main
3270,38,main
3271,38,main
3272,38,main
3273,38,main
3274,38,main
3275,38,main
3276,38,main
3277,38,main
3278,38,main
3279,38,main
3280,38,main
3281,38,main
3282,38,main
3283,38,main
3284,38,main
3285,38,main
3286,38,main
3287,38,main
3288,38,main
3289,38,main
3290,38,main
3291,38,main
3292,38,main
3293,38,main
3294,38,main
3295,38,main
3296,38,main
3297,38,main
3298,38,main
3299,38,main
3300,38,main
3301,38,main
3302,38,main
3303,38,main
3304,38,main
3305,38,main
3306,38,main
3307,38,main
3308,38,main
3309,38,main
3310,38,main
3311,38,main
3312,38,main
3313,38,main
3314,38,main
3315,38,main
3316,38,main
3317,38,main
3318,38,main
3319,38,main
3320,38,main
3321,38,main
3322,38,main
3323,38,main
3324,38,main
3325,38,main
3326,38,main
3327,38,main
3328,38,main
3329,38,main
3330,38,main
3331,38,main
3332,38,main
3333,38,main
3334,38,main
3335,38,main
3336,38,main
3337,38,main
3338,38,main
3339,38,main
3340,38,main
3341,38,main
3342,38,main
3343,38,main
3344,38,main
3345,38,main
3346,38,main
3347,38,main
3348,38,main
3349,38,main
3350,38,main
3351,38,main
3352,38,main
3353,38,main
3354,38,main
3355,38,main
3356,38,main
3357,38,main
3358,38,main
3359,38,main
3360,5,main
3361,5,main
3362,5,main
3363,5,main
3364,5,main
3365,5,main
3366,5,main
3367,5,main
3368,5,main
3369,5,main
3370,5,main
3371,5,main
3372,5,main
3373,5,main
3374,5,main
3375,5,main
3376,5,main
3377,5,main
3378,5,main
3379,5,main
3380,5,main
3381,5,main
3382,5,main
3383,5,main
3384,5,main
3385,5,main
3386,5,main
3387,5,main
3388,5,main
3389,5,main
3390,5,main
3391,5,main
3392,5,main
3393,5,main
3394,5,main
3395,5,main
3396,5,main
3397,5,main
3398,5,main
3399,5,main
3400,5,main
3401,5,main
3402,5,main
3403,5,main
3404,5,main
3405,5,main
3406,5,main
3407,5,main
3408,5,main
3409,5,main
3410,5,main
3411,5,main
3412,5,main
3413,5,main
3414,5,main
3415,5,main
3416,5,main
3417,5,main
3418,5,main
3419,5,main
3420,5,main
3421,5,main
3422,5,main
3423,5,main
3424,5,main
3425,5,main
3426,5,main
3427,5,main
3428,5,main
3429,5,main
3430,5,main
3431,5,main
3432,5,main
3433,5,main
3434,5,main
3435,5,main
3436,5,main
3437,5,main
3438,5,main
3439,5,main
3440,5,main
3441,5,main
3442,5,main
3443,5,main
3444,5,main
3445,5,main
3446,5,main
3447,5,main
3448,5,main
3449,5,main
3450,5,main
3451,5,main
3452,5,main
3453,5,main
3454,5,main
3455,5,main
3456,5,main
3457,5,main
3458,5,main
3459,5,main
3460,5,main
3461,5,main
3462,5,main
3463,5,main
3464,5,main
3465,5,main
3466,5,main
3467,5,main
3468,5,main
3469,5,main
3470,5,main
3471,5,main
3472,5,main
3473,5,main
3474,5,main
3475,5,main
3476,5,main
3477,5,main
3478,5,main
3479,5,main
3480,5,main
3481,5,main
3482,5,main
3483,5,main
3484,5,main
3485,5,main
3486,5,main
3487,5,main
3488,5,main
3489,5,main
3490,5,main
3491,5,main
3492,5,main
3493,5,main
3494,5,main
3495,5,main
3496,5,main
3497,5,main
3498,5,main
3499,5,main
3500,5,main
3501,5,main
3502,5,main
3503,5,main
3504,5,main
3505,5,main
3506,5,main
3507,5,main
3508,5,main
3509,5,main
3510,5,main
3511,5,main
3512,5,main
3513,5,main
3514,5,main
3515,5,main
3516,5,main
3517,5,main
3518,5,main
3519,66,main
3520,66,main
3521,66,main
3522,66,main
3523,66,main
3524,66,main
3525,66,main
3526,66,main
3527,66,main
3528,66,main
3529,66,main
3530,66,main
3531,66,main
3532,66,main
3533,66,main
3534,66,main
3535,66,main
3536,66,main
3537,66,main
3538,66,main
3539,66,main
3540,66,main
3541,66,main
3542,66,main
3543,66,main
3544,66,main
3545,66,main
3546,66,main
3547,66,main
3548,66,main
3549,66,main
3550,66,main
3551,66,main
3552,66,main
3553,66,main
3554,66,main
3555,66,main
3556,66,main
3557,66,main
3558,66,main
3559,66,main
3560,66,main
3561,66,main
3562,66,main
3563,66,main
3564,66,main
3565,66,main
3566,66,main
3567,66,main
3568,66,main
3569,66,main
3570,66,main
3571,66,main
3572,66,main
3573,66,main
3574,66,main
3575,66,main
3576,66,main
3577,66,main
3578,66,main
3579,66,main
3580,66,main
3581,66,main
3582,66,main
3583,66,main
3584,66,main
3585,66,main
3586,66,main
3587,66,main
3588,66,main
3589,66,main
3590,66,main
3591,66,main
3592,66,main
3593,66,main
3594,66,main
3595,66,main
3596,66,main
3597,66,main
3598,66,main
3599,66,main
3600,66,main
3601,66,main
3602,66,main
3603,66,main
3604,66,main
3605,66,main
3606,66,main
3607,66,main
3608,66,main
3609,66,main
3610,66,main
3611,66,main
3612,66,main
3613,66,main
3614,66,main
3615,66,main
3616,66,main
3617,66,main
3618,66,main
3619,66,main
3620,66,main
3621,66,main
3622,66,main
3623,66,main
3624,66,main
3625,66,main
3626,66,main
3627,66,main
3628,66,main
3629,66,main
3630,66,main
3631,66,main
3632,66,main
3633,66,main
3634,66,main
3635,66,main
3636,66,main
3637,66,main
3638,66,main
3639,66,main
3640,66,main
3641,66,main
3642,66,main
3643,66,main
3644,66,main
3645,66,main
3646,66,main
3647,66,main
3648,66,main
3649,66,main
3650,66,main
3651,66,main
3652,66,main
3653,66,main
3654,66,main
3655,66,main
3656,66,main
3657,66,main
3658,66,main
3659,66,main
3660,66,main
3661,66,main
3662,66,main
3663,66,main
3664,66,main
3665,66,main
3666,66,main
3667,33,main
3668,33,main
3669,33,main
3670,33,main
3671,33,main
3672,33,main
3673,33,main
3674,33,main
3675,33,main
3676,33,main
3677,33,main
3678,33,main
3679,33,main
3680,33,main
3681,33,main
3682,33,main
3683,33,main
3684,33,main
3685,33,main
3686,33,main
3687,33,main
3688,33,main
3689,33,main
3690,33,main
3691,33,main
3692,33,main
3693,33,main
3694,33,main
3695,33,main
3696,33,main
3697,33,main
3698,33,main
3699,33,main
3700,33,main
3701,33,main
3702,33,main
3703,33,main
3704,33,main
3705,33,main
3706,33,main
3707,33,main
3708,33,main
3709,33,main
3710,33,main
3711,33,main
3712,33,main
3713,33,main
3714,33,main
3715,33,main
3716,33,main
3717,33,main
3718,33,main
3719,33,main
3720,33,main
3721,33,main
3722,33,main
3723,33,main
3724,33,main
3725,33,main
3726,33,main
3727,33,main
3728,33,main
3729,33,main
3730,33,main
3731,33,main
3732,33,main
3733,33,main
3734,33,main
3735,33,main
3736,91,main
3737,91,main
3738,91,main
3739,91,main
3740,91,main
3741,91,main
3742,91,main
3743,91,main
3744,91,main
3745,91,main
3746,91,main
3747,91,main
3748,91,main
3749,91,main
3750,91,main
3751,91,main
3752,91,main
3753,91,main
3754,91,main
3755,91,main
3756,91,main
3757,91,main
3758,91,main
3759,91,main
3760,91,main
3761,91,main
3762,91,main
3763,91,main
3764,91,main
3765,91,main
3766,91,main
3767,91,main
3768,91,main
3769,91,main
3770,91,main
3771,91,main
3772,91,main
3773,91,main
3774,91,main
3775,91,main
3776,91,main
3777,91,main
3778,91,main
3779,91,main
3780,91,main
3781,91,main
3782,91,main
3783,91,main
3784,91,main
3785,91,main
3786,91,main
3787,91,main
3788,91,main
3789,91,main
3790,91,main
3791,91,main
3792,91,main
3793,91,main
3794,91,main
3795,91,main
3796,91,main
3797,91,main
3798,91,main
3799,91,main
3800,91,main
3801,91,main
3802,91,main
3803,91,main
3804,91,main
3805,91,main
3806,91,main
3807,91,main
3808,91,main
3809,91,main
3810,91,main
3811,91,main
3812,91,main
3813,91,main
3814,91,main
3815,91,main
3816,91,main
3817,91,main
3818,91,main
3819,91,main
3820,91,main
3821,91,main
3822,91,main
3823,91,main
3824,91,main
3825,91,main
3826,91,main
3827,91,main
3828,91,main
3829,91,main
3830,91,main
3831,91,main
3832,91,main
3833,91,main
3834,91,main
3835,91,main
3836,91,main
3837,91,main
3838,91,main
3839,91,main
3840,91,main
3841,91,main
3842,91,main
3843,91,main
3844,91,main
3845,91,main
3846,91,main
3847,91,main
3848,91,main
3849,91,main
3850,91,main
3851,91,main
3852,91,main
3853,91,main
3854,91,main
3855,91,main
3856,91,main
3857,91,main
3858,91,main
3859,91,main
3860,91,main
3861,91,main
3862,91,main
3863,91,main
3864,91,main
3865,91,main
3866,91,main
3867,91,main
3868,91,main
3869,91,main
3870,91,main
3871,11,main
3872,11,main
3873,11,main
3874,11,main
3875,11,main
3876,11,main
3877,11,main
3878,11,main
3879,11,main
3880,11,main
3881,11,main
3882,11,main
3883,11,main
3884,11,main
3885,11,main
3886,11,main
3887,11,main
3888,11,main
3889,11,main
3890,11,main
3891,11,main
3892,11,main
3893,11,main
3894,11,main
3895,11,main
3896,11,main
3897,11,main
3898,11,main
3899,11,main
3900,11,main
3901,11,main
3902,11,main
3903,11,main
3904,11,main
3905,11,main
3906,11,main
3907,11,main
3908,11,main
3909,11,main
3910,11,main
3911,11,main
3912,11,main
3913,11,main
3914,11,main
3915,11,main
3916,11,main
3917,11,main
3918,11,main
3919,11,main
3920,11,main
3921,11,main
3922,11,main
3923,11,main
3924,11,main
3925,11,main
3926,11,main
3927,11,main
3928,11,main
3929,11,main
3930,11,main
3931,11,main
3932,11,main
3933,11,main
3934,11,main
3935,11,main
3936,11,main
3937,11,main
3938,11,main
3939,11,main
3940,11,main
3941,11,main
3942,11,main
3943,11,main
3944,11,main
3945,11,main
3946,11,main
3947,11,main
3948,11,main
3949,11,main
3950,11,main
3951,11,main
3952,11,main
3953,11,main
3954,11,main
3955,11,main
3956,11,main
3957,11,main
3958,11,main
3959,11,main
3960,11,main
3961,11,main
3962,11,main
3963,11,main
3964,11,main
3965,11,main
3966,11,main
3967,11,main
3968,11,main
3969,11,main
3970,11,main
3971,11,main
3972,11,main
3973,11,main
3974,11,main
3975,11,main
3976,11,main
3977,11,main
3978,11,main
3979,11,main
3980,11,main
3981,11,main
3982,11,main
3983,11,main
3984,11,main
3985,11,main
3986,11,main
3987,11,main
3988,11,main
3989,11,main
3990,11,main
3991,11,main
3992,11,main
3993,11,main
3994,11,main
3995,11,main
3996,11,main
3997,11,main
3998,11,main
3999,11,main
4000,11,main
4001,11,main
4002,11,main
4003,11,main
4004,11,main
4005,11,main
4006,11,main
4007,11,main
4008,11,main
4009,11,main
4010,11,main
4011,11,main
4012,11,main
4013,11,main
4014,11,main
4015,11,main
4016,11,main
4017,11,main
4018,11,main
4019,11,main
4020,11,main
4021,11,main
4022,11,main
4023,11,main
4024,11,main
4025,11,main
4026,11,main
4027,11,main
4028,11,main
4029,11,main
4030,11,main
4031,11,main
4032,11,main
4033,11,main
4034,11,main
4035,11,main
4036,11,main
4037,11,main
4038,11,main
4039,11,main
4040,11,main
4041,11,main
4042,11,main
4043,11,main
4044,11,main
4045,11,main
4046,11,main
4047,11,main
4048,11,main
4049,11,main
4050,11,main
4051,94,main
4052,94,main
4053,94,main
4054,94,main
4055,94,main
4056,94,main
4057,94,main
4058,94,main
4059,94,main
4060,94,main
4061,94,main
4062,94,main
4063,94,main
4064,94,main
4065,94,main
4066,94,main
4067,94,main
4068,94,main
4069,94,main
4070,94,main
4071,94,main
4072,94,main
4073,94,main
4074,94,main
4075,94,main
4076,94,main
4077,94,main
4078,94,main
4079,94,main
4080,94,main
4081,94,main
4082,94,main
4083,94,main
4084,94,main
4085,94,main
4086,94,main
4087,94,main
4088,94,main
4089,94,main
4090,94,main
4091,8,main
4092,8,main
4093,8,main
4094,8,main
4095,8,main
4096,8,main
4097,8,main
4098,8,main
4099,8,main
4100,8,main
4101,8,main
4102,8,main
4103,8,main
4104,8,main
4105,8,main
4106,8,main
4107,8,main
4108,8,main
4109,8,main
4110,8,main
4111,8,main
4112,8,main
4113,8,main
4114,8,main
4115,8,main
4116,8,main
4117,8,main
4118,8,main
4119,8,main
4120,8,main
4121,8,main
4122,8,main
4123,8,main
4124,8,main
4125,8,main
4126,8,main
4127,8,main
4128,8,main
4129,8,main
4130,8,main
4131,8,main
4132,8,main
4133,8,main
4134,8,main
4135,8,main
4136,8,main
4137,8,main
4138,8,main
4139,8,main
4140,8,main
4141,8,main
4142,8,main
4143,8,main
4144,8,main
4145,8,main
4146,8,main
4147,8,main
4148,8,main
4149,8,main
4150,8,main
4151,8,main
4152,8,main
4153,8,main
4154,8,main
4155,8,main
4156,8,main
4157,8,main
4158,8,main
4159,8,main
4160,8,main
4161,8,main
4162,8,main
4163,8,main
4164,8,main
4165,8,main
4166,8,main
4167,8,main
4168,8,main
4169,8,main
4170,8,main
4171,8,main
4172,8,main
4173,8,main
4174,8,main
4175,8,main
4176,8,main
4177,8,main
4178,8,main
4179,8,main
4180,8,main
4181,8,main
4182,8,main
4183,8,main
4184,8,main
4185,8,main
4186,8,main
4187,8,main
4188,8,main
4189,8,main
4190,8,main
4191,8,main
4192,8,main
4193,8,main
4194,8,main
4195,8,main
4196,8,main
4197,8,main
4198,8,main
4199,8,main
4200,8,main
4201,8,main
4202,8,main
4203,8,main
4204,8,main
4205,8,main
4206,8,main
4207,8,main
4208,8,main
4209,8,main
4210,8,main
4211,8,main
4212,8,main
4213,8,main
4214,8,main
4215,8,main
4216,8,main
4217,8,main
4218,8,main
4219,8,main
4220,8,main
4221,8,main
4222,8,main
4223,8,main
4224,8,main
4225,8,main
4226,8,main
4227,8,main
4228,8,main
4229,8,main
4230,8,main
4231,8,main
4232,8,main
4233,8,main
4234,8,main
4235,8,main
4236,8,main
4237,8,main
4238,8,main
4239,8,main
4240,8,main
4241,8,main
4242,8,main
4243,8,main
4244,8,main
4245,8,main
4246,8,main
4247,8,main
4248,8,main
4249,8,main
4250,8,main
4251,8,main
4252,8,main
4253,8,main
4254,8,main
4255,8,main
4256,8,main
4257,8,main
4258,8,main
4259,8,main
4260,8,main
4261,8,main
4262,8,main
4263,8,main
4264,8,main
4265,8,main
4266,8,main
4267,8,main
4268,8,main
4269,8,main
4270,8,main
4271,8,main
4272,8,main
4273,8,main
4274,8,main
4275,8,main
4276,8,main
4277,8,main
4278,8,main
4279,8,main
4280,8,main
4281,8,main
4282,8,main
4283,8,main
4284,8,main
4285,8,main
4286,8,main
4287,8,main
4288,8,main
4289,8,main
4290,8,main
4291,8,main
4292,8,main
4293,8,main
4294,8,main
4295,8,main
4296,8,main
4297,8,main
4298,8,main
4299,8,main
4300,8,main
4301,8,main
4302,8,main
4303,8,main
4304,8,main
4305,8,main
4306,8,main
4307,8,main
4308,8,main
4309,8,main
4310,8,main
4311,8,main
4312,8,main
4313,8,main
4314,8,main
4315,8,main
4316,8,main
4317,8,main
4318,8,main
4319,8,main
4320,8,main
4321,8,main
4322,8,main
4323,8,main
4324,8,main
4325,8,main
4326,8,main
4327,8,main
4328,8,main
4329,8,main
4330,8,main
4331,8,main
4332,8,main
4333,8,main
4334,8,main
4335,8,main
4336,8,main
4337,8,main
4338,8,main
4339,8,main
4340,8,main
4341,8,main
4342,8,main
4343,8,main
4344,8,main
4345,8,main
4346,8,main
4347,8,main
4348,8,main
4349,8,main
4350,8,main
4351,8,main
4352,8,main
4353,8,main
4354,8,main
4355,8,main
4356,8,main
4357,8,main
4358,8,main
4359,8,main
4360,8,main
4361,8,main
4362,8,main
4363,8,main
4364,8,main
4365,8,main
4366,8,main
4367,8,main
4368,8,main
4369,8,main
4370,37,main
4371,37,main
4372,37,main
4373,37,main
4374,37,main
4375,37,main
4376,37,main
4377,37,main
4378,37,main
4379,37,main
4380,37,main
4381,37,main
4382,37,main
4383,37,main
4384,37,main
4385,37,main
4386,37,main
4387,37,main
4388,37,main
4389,37,main
4390,37,main
4391,37,main
4392,37,main
4393,37,main
4394,37,main
4395,37,main
4396,37,main
4397,37,main
4398,37,main
4399,37,main
4400,37,main
4401,37,main
4402,37,main
4403,37,main
4404,37,main
4405,37,main
4406,37,main
4407,37,main
4408,37,main
4409,37,main
4410,37,main
4411,37,main
4412,37,main
4413,37,main
4414,37,main
4415,37,main
4416,37,main
4417,37,main
4418,37,main
4419,37,main
4420,37,main
4421,37,main
4422,37,main
4423,37,main
4424,37,main
4425,37,main
4426,37,main
4427,37,main
4428,37,main
4429,37,main
4430,37,main
4431,37,main
4432,37,main
4433,37,main
4434,37,main
4435,37,main
4436,37,main
4437,37,main
4438,37,main
4439,37,main
4440,37,main
4441,37,main
4442,37,main
4443,37,main
4444,37,main
4445,37,main
4446,37,main
4447,37,main
4448,37,main
4449,37,main
4450,37,main
4451,37,main
4452,37,main
4453,37,main
4454,37,main
4455,37,main
4456,37,main
4457,37,main
4458,37,main
4459,37,main
4460,37,main
4461,37,main
4462,37,main
4463,37,main
4464,37,main
4465,37,main
4466,37,main
4467,37,main
4468,37,main
4469,37,main
4470,37,main
4471,37,main
4472,37,main
4473,37,main
4474,37,main
4475,37,main
4476,37,main
4477,37,main
4478,37,main
4479,37,main
4480,37,main
4481,37,main
4482,26,main
4483,26,main
4484,26,main
4485,26,main
4486,26,main
4487,26,main
4488,26,main
4489,26,main
4490,26,main
4491,26,main
4492,26,main
4493,26,main
4494,26,main
4495,26,main
4496,26,main
4497,26,main
4498,26,main
4499,26,main
4500,26,main
4501,26,main
4502,26,main
4503,26,main
4504,26,main
4505,26,main
4506,26,main
4507,26,main
4508,26,main
4509,26,main
4510,26,main
4511,26,main
4512,26,main
4513,26,main
4514,26,main
4515,26,main
4516,26,main
4517,26,main
4518,26,main
4519,26,main
4520,26,main
4521,26,main
4522,26,main
4523,26,main
4524,26,main
4525,26,main
4526,26,main
4527,26,main
4528,26,main
4529,26,main
4530,26,main
4531,26,main
4532,26,main
4533,26,main
4534,26,main
4535,26,main
4536,26,main
4537,26,main
4538,26,main
4539,26,main
4540,26,main
4541,26,main
4542,26,main
4543,26,main
4544,26,main
4545,26,main
4546,26,main
4547,26,main
4548,26,main
4549,26,main
4550,26,main
4551,26,main
4552,26,main
4553,26,main
4554,26,main
4555,26,main
4556,26,main
4557,26,main
4558,26,main
4559,26,main
4560,26,main
4561,26,main
4562,26,main
4563,26,main
4564,26,main
4565,26,main
4566,26,main
4567,26,main
4568,26,main
4569,26,main
4570,26,main
4571,26,main
4572,26,main
4573,26,main
4574,26,main
4575,26,main
4576,26,main
4577,26,main
4578,26,main
4579,26,main
4580,26,main
4581,26,main
4582,26,main
4583,26,main
4584,26,main
4585,26,main
4586,26,main
4587,26,main
4588,26,main
4589,26,main
4590,26,main
4591,26,main
4592,26,main
4593,26,main
4594,26,main
4595,26,main
4596,26,main
4597,26,main
4598,26,main
4599,26,main
4600,26,main
4601,26,main
4602,26,main
4603,26,main
4604,26,main
4605,26,main
4606,26,main
4607,26,main
4608,26,main
4609,26,main
4610,26,main
4611,26,main
4612,26,main
4613,26,main
4618,53,main
4619,53,main
4620,53,main
4621,53,main
4622,53,main
4623,53,main
4624,53,main
4625,53,main
4626,53,main
4627,53,main
4628,53,main
4629,53,main
4630,53,main
4631,53,main
4632,53,main
4633,53,main
4634,53,main
4635,53,main
4636,53,main
4637,53,main
4638,53,main
4639,53,main
4640,53,main
4641,53,main
4642,53,main
4643,53,main
4644,53,main
4645,53,main
4646,53,main
4647,53,main
4648,53,main
4649,53,main
4650,53,main
4651,53,main
4652,53,main
4653,53,main
4654,53,main
4655,53,main
4656,53,main
4657,53,main
4658,53,main
4659,53,main
4660,53,main
4661,53,main
4662,53,main
4663,53,main
4664,53,main
4665,53,main
4666,53,main
4667,53,main
4668,53,main
4669,96,main
4670,96,main
4671,96,main
4672,96,main
4673,96,main
4674,96,main
4675,96,main
4676,96,main
4677,96,main
4678,96,main
4679,96,main
4680,96,main
4681,96,main
4682,96,main
4683,96,main
4684,96,main
4685,96,main
4686,96,main
4687,96,main
4688,96,main
4689,96,main
4690,96,main
4691,96,main
4692,96,main
4693,96,main
4694,96,main
4695,96,main
4696,96,main
4697,96,main
4698,96,main
4699,96,main
4700,96,main
4701,96,main
4702,96,main
4703,96,main
4704,96,main
4705,96,main
4706,96,main
4707,96,main
4708,96,main
4709,96,main
4710,96,main
4711,96,main
4712,96,main
4713,96,main
4714,96,main
4715,96,main
4716,96,main
4717,96,main
4718,96,main
4719,96,main
4720,96,main
4721,96,main
4722,96,main
4723,96,main
4724,96,main
4725,96,main
4726,96,main
4727,96,main
4728,96,main
4729,96,main
4730,96,main
4731,96,main
4732,96,main
4733,96,main
4734,96,main
4735,96,main
4736,96,main
4737,96,main
4738,96,main
4739,96,main
4740,96,main
4741,96,main
4742,96,main
4743,96,main
4744,96,main
4745,96,main
4746,96,main
4747,96,main
4748,96,main
4749,96,main
4750,96,main
4751,96,main
4752,96,main
4753,96,main
4754,96,main
4755,96,main
4756,96,main
4757,96,main
4758,96,main
4759,96,main
4760,96,main
4761,96,main
4762,96,main
4763,96,main
4764,96,main
4765,96,main
4766,96,main
4767,96,main
4768,96,main
4769,96,main
4770,96,main
4771,96,main
4772,96,main
4773,96,main
4774,96,main
4775,96,main
4776,96,main
4777,96,main
4778,96,main
4779,96,main
4780,96,main
4781,96,main
4782,96,main
4783,96,main
4784,96,main
4785,96,main
4786,96,main
4787,96,main
4788,96,main
4789,96,main
4790,96,main
4791,96,main
4792,96,main
4793,96,main
4794,96,main
4795,96,main
4796,96,main
4797,96,main
4798,96,main
4799,96,main
4800,96,main
4801,96,main
4802,96,main
4803,96,main
4804,96,main
4805,96,main
4806,96,main
4807,96,main
4808,96,main
4809,96,main
4810,96,main
4811,96,main
4812,96,main
4813,96,main
4814,96,main
4815,96,main
4816,96,main
4817,96,main
4818,96,main
4819,96,main
4820,96,main
4821,96,main
4822,96,main
4823,96,main
4824,96,main
4825,96,main
4826,96,main
4827,96,main
4828,96,main
4829,96,main
4830,96,main
4831,96,main
4832,96,main
4833,96,main
4834,96,main
4835,96,main
4836,96,main
4837,96,main
4838,96,main
4839,96,main
4840,96,main
4841,96,main
4842,96,main
4843,96,main
4844,96,main
4845,96,main
4846,96,main
4847,96,main
4848,96,main
4849,96,main
4850,96,main
4851,96,main
4852,96,main
4853,96,main
4854,96,main
4855,96,main
4856,96,main
4857,96,main
4858,96,main
4859,96,main
4860,96,main
4861,96,main
4862,96,main
4863,96,main
4864,96,main
4865,96,main
4866,96,main
4867,96,main
4868,96,main
4869,96,main
4870,96,main
4871,96,main
4872,96,main
4873,96,main
4874,96,main
4875,96,main
4876,96,main
4877,96,main
4878,96,main
4879,96,main
4880,96,main
4881,96,main
4882,96,main
4883,96,main
4884,96,main
4885,96,main
4886,96,main
4887,96,main
4888,96,main
4889,96,main
4890,96,main
4891,96,main
4892,96,main
4893,96,main
4894,96,main
4895,96,main
4896,96,main
4897,96,main
4898,96,main
4899,96,main
4900,96,main
4901,96,main
4902,96,main
4903,96,main
4904,96,main
4905,96,main
4906,96,main
4907,96,main
4908,96,main
4909,96,main
4910,96,main
4911,96,main
4912,96,main
4913,96,main
4914,96,main
4915,96,main
4916,96,main
4917,96,main
4918,96,main
4919,96,main
4920,96,main
4921,96,main
4922,96,main
4923,96,main
4924,96,main
4925,96,main
4926,96,main
4927,96,main
4928,96,main
4929,96,main
4930,96,main
4931,96,main
4932,96,main
4933,96,main
4934,96,main
4935,96,main
4936,96,main
4937,96,main
4938,96,main
4939,96,main
4940,96,main
4941,96,main
4942,96,main
4943,43,main
4944,43,main
4945,43,main
4946,43,main
4947,43,main
4948,43,main
4949,43,main
4950,43,main
4951,43,main
4952,43,main
4953,43,main
4954,43,main
4955,43,main
4956,43,main
4957,43,main
4958,43,main
4959,43,main
4960,43,main
4961,43,main
4962,43,main
4963,43,main
4964,43,main
4965,43,main
4966,43,main
4967,43,main
4968,43,main
4969,43,main
4970,43,main
4971,43,main
4972,43,main
4973,43,main
4974,43,main
4975,43,main
4976,43,main
4977,43,main
4978,43,main
4979,43,main
4980,43,main
4981,43,main
4982,43,main
4983,43,main
4984,43,main
4985,43,main
4986,43,main
4987,43,main
4988,43,main
4989,43,main
4990,43,main
4991,43,main
4992,43,main
4993,43,main
4994,43,main
4995,43,main
4996,43,main
4997,43,main
4998,43,main
4999,43,main
5000,43,main
5001,43,main
5002,43,main
5003,43,main
5004,43,main
5005,43,main
5006,43,main
5007,43,main
5008,43,main
5009,43,main
5010,43,main
5011,43,main
5012,43,main
5013,43,main
5014,43,main
5015,43,main
5016,43,main
5017,43,main
5018,43,main
5019,43,main
5020,43,main
5021,43,main
5022,43,main
5023,43,main
5024,43,main
5025,43,main
5026,43,main
5027,43,main
5028,43,main
5029,43,main
5030,43,main
5031,43,main
5032,43,main
5033,43,main
5034,43,main
5035,43,main
5036,43,main
5037,43,main
5038,43,main
5039,43,main
5040,43,main
5041,43,main
5042,43,main
5043,43,main
5044,43,main
5045,43,main
5046,43,main
5047,43,main
5048,43,main
5049,43,main
5050,43,main
5051,43,main
5052,43,main
5053,43,main
5054,43,main
5055,43,main
5056,60,main
5057,60,main
5058,60,main
5059,60,main
5060,60,main
5061,60,main
5062,60,main
5063,60,main
5064,60,main
5065,60,main
5066,60,main
5067,60,main
5068,60,main
5069,60,main
5070,60,main
5071,60,main
5072,60,main
5073,60,main
5074,60,main
5075,60,main
5076,60,main
5077,60,main
5078,60,main
5079,60,main
5080,60,main
5081,60,main
5082,60,main
5083,60,main
5084,60,main
5085,60,main
5086,60,main
5087,60,main
5088,60,main
5089,60,main
5090,60,main
5091,60,main
5092,60,main
5093,60,main
5094,60,main
5095,60,main
5096,60,main
5097,60,main
5098,60,main
5099,60,main
5100,60,main
5101,60,main
5102,60,main
5103,60,main
5104,60,main
5105,60,main
5106,60,main
5107,60,main
5108,60,main
5109,60,main
5110,60,main
5111,60,main
5112,60,main
5113,60,main
5114,60,main
5115,60,main
5116,60,main
5117,60,main
5118,60,main
5119,60,main
5120,60,main
5121,60,main
5122,60,main
5123,60,main
5124,60,main
5125,60,main
5126,60,main
5127,60,main
5128,60,main
5129,60,main
5130,60,main
5131,60,main
5132,60,main
5133,60,main
5134,60,main
5135,60,main
5136,60,main
5137,60,main
5138,60,main
5139,60,main
5140,60,main
5141,60,main
5142,60,main
5143,60,main
5144,60,main
5145,60,main
5146,60,main
5147,60,main
5148,60,main
5149,60,main
5150,60,main
5151,52,main
5152,52,main
5153,52,main
5154,52,main
5155,52,main
5156,52,main
5157,52,main
5158,52,main
5159,52,main
5160,52,main
5161,52,main
5162,52,main
5163,52,main
5164,52,main
5165,52,main
5166,52,main
5167,52,main
5168,52,main
5169,52,main
5170,52,main
5171,52,main
5172,52,main
5173,52,main
5174,52,main
5175,52,main
5176,52,main
5177,52,main
5178,52,main
5179,52,main
5180,52,main
5181,52,main
5182,52,main
5183,52,main
5184,52,main
5185,52,main
5186,52,main
5187,52,main
5188,52,main
5189,52,main
5190,52,main
5191,52,main
5192,52,main
5193,52,main
5194,52,main
5195,52,main
5196,52,main
5197,52,main
5198,52,main
5199,52,main
5200,52,main
5201,52,main
5202,52,main
5203,52,main
5204,52,main
5205,52,main
5206,52,main
5207,52,main
5208,52,main
5209,52,main
5210,52,main
5211,52,main
5212,52,main
5213,52,main
5214,52,main
5215,52,main
5216,52,main
5217,52,main
5218,52,main
5219,52,main
5220,52,main
5221,52,main
5222,52,main
5223,52,main
5224,52,main
5225,52,main
5226,52,main
5227,52,main
5228,52,main
5229,52,main
5230,52,main
5231,52,main
5232,52,main
5233,52,main
5234,52,main
5235,52,main
5236,52,main
5237,52,main
5238,52,main
5239,52,main
5240,52,main
5241,52,main
5242,52,main
5243,52,main
5244,52,main
5245,52,main
5246,52,main
5247,52,main
5248,52,main
5249,52,main
5250,52,main
5251,52,main
5252,52,main
5253,52,main
5254,52,main
5255,52,main
5256,52,main
5257,52,main
5258,52,main
5259,52,main
5260,52,main
5261,52,main
5262,7,main
5263,7,main
5264,7,main
5265,7,main
5266,7,main
5267,7,main
5268,7,main
5269,7,main
5270,7,main
5271,7,main
5272,7,main
5273,7,main
5274,7,main
5275,7,main
5276,7,main
5277,7,main
5278,7,main
5279,7,main
5280,7,main
5281,7,main
5282,7,main
5283,7,main
5284,7,main
5285,7,main
5286,7,main
5287,7,main
5288,7,main
5289,7,main
5290,7,main
5291,7,main
5292,7,main
5293,7,main
5294,7,main
5295,7,main
5296,7,main
5297,7,main
5298,7,main
5299,7,main
5300,7,main
5301,7,main
5302,7,main
5303,7,main
5304,7,main
5305,7,main
5306,7,main
5307,7,main
5308,7,main
5309,7,main
5310,7,main
5311,7,main
5312,7,main
5313,7,main
5314,7,main
5315,7,main
5316,7,main
5317,7,main
5318,7,main
5319,7,main
5320,7,main
5321,7,main
5322,7,main
5323,7,main
5324,7,main
5325,7,main
5326,7,main
5327,7,main
5328,7,main
5329,7,main
5330,7,main
5331,7,main
5332,7,main
5333,7,main
5334,7,main
5335,7,main
5336,7,main
5337,7,main
5338,7,main
5339,7,main
5340,7,main
5341,7,main
5342,7,main
5343,20,main
5344,20,main
5345,20,main
5346,20,main
5347,20,main
5348,20,main
5349,20,main
5350,20,main
5351,20,main
5352,20,main
5353,20,main
5354,20,main
5355,20,main
5356,20,main
5357,20,main
5358,20,main
5359,20,main
5360,20,main
5361,20,main
5362,20,main
5363,20,main
5364,20,main
5365,20,main
5366,20,main
5367,20,main
5368,20,main
5369,20,main
5370,20,main
5371,20,main
5372,20,main
5373,20,main
5374,20,main
5375,20,main
5376,20,main
5377,20,main
5378,20,main
5379,20,main
5380,20,main
5381,20,main
5382,20,main
5383,20,main
5384,20,main
5385,20,main
5386,20,main
5387,20,main
5388,20,main
5389,20,main
5390,20,main
5391,20,main
5392,20,main
5393,20,main
5394,20,main
5395,20,main
5396,20,main
5397,20,main
5398,20,main
5399,20,main
5400,20,main
5401,20,main
5402,20,main
5403,20,main
5404,20,main
5405,20,main
5406,20,main
5407,20,main
5408,20,main
5409,20,main
5410,20,main
5411,20,main
5412,20,main
5413,20,main
5414,20,main
5415,20,main
5416,20,main
5417,20,main
5418,20,main
5419,20,main
5420,20,main
5421,20,main
5422,20,main
5423,20,main
5424,20,main
5425,20,main
5426,20,main
5427,20,main
5428,20,main
5429,20,main
5430,20,main
5431,20,main
5432,20,main
5433,20,main
5434,20,main
5435,20,main
5436,20,main
5437,20,main
5438,20,main
5439,20,main
5440,20,main
5441,20,main
5442,20,main
5443,20,main
5444,20,main
5445,20,main
5446,20,main
5447,20,main
5448,20,main
5449,20,main
5450,20,main
5451,20,main
5452,20,main
5453,20,main
5454,20,main
5455,20,main
5456,20,main
5457,20,main
5458,20,main
5459,20,main
5460,20,main
5461,20,main
5462,20,main
5463,20,main
5464,20,main
5465,20,main
5466,20,main
5467,20,main
5468,20,main
5469,20,main
5470,20,main
5471,20,main
5472,20,main
5473,20,main
5474,20,main
5475,20,main
5476,20,main
5477,20,main
5478,20,main
5479,20,main
5480,20,main
5481,20,main
5482,20,main
5483,20,main
5484,20,main
5485,20,main
5486,20,main
5487,20,main
5488,20,main
5489,20,main
5490,20,main
5491,20,main
5492,20,main
5493,20,main
5494,20,main
5495,20,main
5496,20,main
5497,20,main
5498,20,main
5499,20,main
5500,20,main
5501,20,main
5502,20,main
5503,20,main
5504,20,main
5505,20,main
5506,20,main
5507,20,main
5508,20,main
5509,20,main
5510,20,main
5511,20,main
5512,20,main
5513,20,main
5514,20,main
5515,20,main
5516,20,main
5517,20,main
5518,20,main
5519,20,main
5520,20,main
5521,20,main
5522,20,main
5523,20,main
5524,20,main
5525,20,main
5526,20,main
5527,20,main
5528,41,main
5529,41,main
5530,41,main
5531,41,main
5532,41,main
5533,41,main
5534,41,main
5535,41,main
5536,41,main
5537,41,main
5538,41,main
5539,41,main
5540,41,main
5541,41,main
5542,41,main
5543,41,main
5544,36,main
5545,36,main
5546,36,main
5547,36,main
5548,36,main
5549,36,main
5550,36,main
5551,36,main
5552,36,main
5553,36,main
5554,36,main
5555,36,main
5556,36,main
5557,36,main
5558,36,main
5559,36,main
5560,36,main
5561,36,main
5562,36,main
5563,36,main
5564,36,main
5565,36,main
5566,36,main
5567,36,main
5568,36,main
5569,36,main
5570,36,main
5571,36,main
5572,36,main
5573,36,main
5574,36,main
5575,36,main
5576,36,main
5577,36,main
5578,36,main
5579,36,main
5580,36,main
5581,36,main
5582,36,main
5583,36,main
5584,36,main
5585,36,main
5586,36,main
5587,36,main
5588,36,main
5589,36,main
5590,36,main
5591,36,main
5592,36,main
5593,36,main
5594,36,main
5595,36,main
5596,36,main
5597,36,main
5598,36,main
5599,36,main
5600,36,main
5601,36,main
5602,36,main
5603,36,main
5604,36,main
5605,36,main
5606,36,main
5607,36,main
5608,36,main
5609,36,main
5610,36,main
5611,36,main
5612,36,main
5613,36,main
5614,36,main
5615,36,main
5616,36,main
5617,36,main
5618,36,main
5619,36,main
5620,36,main
5621,36,main
5622,36,main
5623,36,main
5624,36,main
5625,36,main
5626,36,main
5627,36,main
5628,36,main
5629,36,main
5630,36,main
5631,36,main
5632,36,main
5633,36,main
5634,36,main
5635,36,main
5636,36,main
5637,36,main
5638,36,main
5639,36,main
5640,36,main
5641,36,main
5642,36,main
5643,36,main
5644,36,main
5645,36,main
5646,36,main
5647,36,main
5648,36,main
5649,36,main
5650,36,main
5651,36,main
5652,86,main
5653,86,main
5654,86,main
5655,86,main
5656,86,main
5657,86,main
5658,86,main
5659,86,main
5660,86,main
5661,86,main
5662,86,main
5663,86,main
5664,86,main
5665,86,main
5666,86,main
5667,86,main
5668,86,main
5669,86,main
5670,86,main
5671,86,main
5672,86,main
5673,86,main
5674,86,main
5675,86,main
5676,86,main
5677,86,main
5678,86,main
5679,86,main
5680,86,main
5681,86,main
5682,86,main
5683,86,main
5684,86,main
5685,86,main
5686,86,main
5687,86,main
5688,86,main
5689,86,main
5690,86,main
5691,86,main
5692,86,main
5693,86,main
5694,86,main
5695,86,main
5696,86,main
5697,86,main
5698,86,main
5699,86,main
5700,86,main
5701,86,main
5702,86,main
5703,86,main
5704,86,main
5705,86,main
5706,86,main
5707,86,main
5708,86,main
5709,86,main
5710,86,main
5711,86,main
5712,86,main
5713,86,main
5714,86,main
5715,86,main
5716,86,main
5717,86,main
5718,86,main
5719,86,main
5720,86,main
5721,86,main
5722,86,main
5723,86,main
5724,86,main
5725,86,main
5726,86,main
5727,86,main
5728,86,main
5729,86,main
5730,86,main
5731,86,main
5732,86,main
5733,86,main
5734,86,main
5735,86,main
5736,86,main
5737,86,main
5738,86,main
5739,86,main
5740,86,main
5741,86,main
5742,86,main
5743,86,main
5744,86,main
5745,86,main
5746,86,main
5747,86,main
5748,86,main
5749,86,main
5750,86,main
5751,86,main
5752,86,main
5753,86,main
5754,86,main
5755,25,main
5756,25,main
5757,25,main
5758,25,main
5759,25,main
5760,25,main
5761,25,main
5762,25,main
5763,25,main
5764,25,main
5765,25,main
5766,25,main
5767,25,main
5768,25,main
5769,25,main
5770,25,main
5771,25,main
5772,25,main
5773,25,main
5774,25,main
5775,25,main
5776,25,main
5777,25,main
5778,25,main
5779,25,main
5780,25,main
5781,25,main
5782,25,main
5783,25,main
5784,25,main
5785,25,main
5786,25,main
5787,25,main
5788,25,main
5789,25,main
5790,25,main
5791,25,main
5792,25,main
5793,25,main
5794,25,main
5795,25,main
5796,25,main
5797,25,main
5798,25,main
5799,25,main
5800,25,main
5801,25,main
5802,25,main
5803,25,main
5804,25,main
5805,25,main
5806,25,main
5807,25,main
5808,25,main
5809,25,main
5810,25,main
5811,25,main
5812,25,main
5813,25,main
5814,25,main
5815,25,main
5816,25,main
5817,25,main
5818,25,main
5819,25,main
5820,25,main
5821,25,main
5822,25,main
5823,25,main
5824,25,main
5825,25,main
5826,25,main
5827,25,main
5828,25,main
5829,25,main
5830,25,main
5831,25,main
5832,25,main
5833,25,main
5834,25,main
5835,25,main
5836,25,main
5837,25,main
5838,25,main
5839,25,main
5840,25,main
5841,25,main
5842,25,main
5843,25,main
5844,25,main
5845,25,main
5846,25,main
5847,25,main
5848,25,main
5849,25,main
5850,25,main
5851,25,main
5852,25,main
5853,25,main
5854,25,main
5855,25,main
5856,25,main
5857,25,main
5858,25,main
5859,25,main
5860,25,main
5861,25,main
5862,25,main
5863,25,main
5864,25,main
5865,25,main
5866,25,main
5867,25,main
5868,25,main
5869,25,main
5870,25,main
5871,25,main
5872,25,main
5873,25,main
5874,25,main
5875,25,main
5876,25,main
5877,25,main
5878,25,main
5879,25,main
5880,25,main
5881,25,main
5882,25,main
5883,25,main
5884,25,main
5885,25,main
5886,25,main
5887,25,main
5888,25,main
5889,25,main
5890,25,main
5891,25,main
5892,25,main
5893,25,main
5894,25,main
5895,25,main
5896,25,main
5897,25,main
5898,25,main
5899,25,main
5900,25,main
5901,25,main
5902,25,main
5903,25,main
5904,25,main
5905,25,main
5906,25,main
5907,25,main
5908,25,main
5909,25,main
5910,25,main
5911,25,main
5912,25,main
5913,25,main
5914,25,main
5915,25,main
5916,25,main
5917,25,main
5918,25,main
5919,25,main
5920,25,main
5921,25,main
5922,25,main
5923,25,main
5924,25,main
5925,25,main
5926,25,main
5927,25,main
5928,25,main
5929,25,main
5930,25,main
5931,25,main
5932,25,main
5933,25,main
5934,25,main
5935,25,main
5936,25,main
5937,25,main
5938,25,main
5939,25,main
5940,25,main
5941,25,main
5942,25,main
5943,25,main
5944,25,main
5945,25,main
5946,25,main
5947,25,main
5948,25,main
5949,25,main
5950,25,main
5951,25,main
5952,25,main
5953,25,main
5954,25,main
5955,25,main
5956,25,main
5957,25,main
5958,25,main
5959,25,main
5960,25,main
5961,25,main
5962,25,main
5963,25,main
5964,25,main
5965,25,main
5966,25,main
5967,25,main
5968,25,main
5969,25,main
5970,25,main
5971,25,main
5972,25,main
5973,25,main
5974,25,main
5975,25,main
5976,25,main
5977,25,main
5978,25,main
5979,25,main
5980,25,main
5981,25,main
5982,25,main
5983,25,main
5984,25,main
5985,25,main
5986,25,main
5987,25,main
5988,25,main
5989,25,main
5990,25,main
5991,25,main
5992,10,main
5993,10,main
5994,10,main
5995,10,main
5996,10,main
5997,10,main
5998,10,main
5999,10,main
6000,10,main
6001,10,main
6002,10,main
6003,10,main
6004,45,main
6005,45,main
6006,45,main
6007,45,main
6008,45,main
6009,45,main
6010,45,main
6011,45,main
6012,45,main
6013,45,main
6014,45,main
6015,45,main
6016,45,main
6017,45,main
6018,45,main
6019,45,main
6020,45,main
6021,45,main
6022,45,main
6023,45,main
6024,45,main
6025,45,main
6026,45,main
6027,45,main
6028,45,main
6029,45,main
6030,45,main
6031,45,main
6032,45,main
6033,45,main
6034,45,main
6035,45,main
6036,45,main
6037,45,main
6038,45,main
6039,45,main
6040,45,main
6041,45,main
6042,45,main
6043,45,main
6044,45,main
6045,45,main
6046,45,main
6047,45,main
6048,45,main
6049,45,main
6050,45,main
6051,45,main
6052,45,main
6053,45,main
6054,45,main
6055,45,main
6056,45,main
6057,45,main
6058,45,main
6059,45,main
6060,45,main
6061,45,main
6062,45,main
6063,45,main
6064,45,main
6065,45,main
6066,45,main
6067,45,main
6068,45,main
6069,45,main
6070,45,main
6071,45,main
6072,45,main
6073,45,main
6074,45,main
6075,45,main
6076,45,main
6077,45,main
6078,45,main
6079,45,main
6080,45,main
6081,45,main
6082,45,main
6083,45,main
6084,45,main
6085,45,main
6086,45,main
6087,45,main
6088,45,main
6089,45,main
6090,45,main
6091,45,main
6092,45,main
6093,45,main
6094,45,main
6095,45,main
6096,45,main
6097,45,main
6098,45,main
6099,45,main
6100,45,main
6101,45,main
6102,45,main
6103,45,main
6104,45,main
6105,45,main
6106,45,main
6107,45,main
6108,45,main
6109,45,main
6110,45,main
6111,45,main
6112,45,main
6113,45,main
6114,45,main
6115,45,main
6116,45,main
6117,45,main
6118,45,main
6119,45,main
6120,45,main
6121,45,main
6122,45,main
6123,45,main
6124,45,main
6125,45,main
6126,45,main
6127,45,main
6128,45,main
6129,45,main
6130,45,main
6131,45,main
6132,45,main
6133,45,main
6134,45,main
6135,45,main
6136,45,main
6137,45,main
6138,45,main
6139,45,main
6140,45,main
6141,45,main
6142,45,main
6143,45,main
6144,45,main
6145,45,main
6146,45,main
6147,45,main
6148,45,main
6149,45,main
6150,45,main
6151,45,main
6152,45,main
6153,97,main
6154,97,main
6155,97,main
6156,97,main
6157,97,main
6158,97,main
6159,97,main
6160,97,main
6161,97,main
6162,97,main
6163,97,main
6164,97,main
6165,97,main
6166,97,main
6167,97,main
6168,97,main
6169,97,main
6170,97,main
6171,97,main
6172,97,main
6173,97,main
6174,97,main
6175,97,main
6176,97,main
6177,97,main
6178,97,main
6179,97,main
6180,97,main
6181,97,main
6182,97,main
6183,97,main
6184,97,main
6185,97,main
6186,97,main
6187,97,main
6188,97,main
6189,97,main
6190,97,main
6191,97,main
6192,97,main
6193,97,main
6194,97,main
6195,97,main
6196,97,main
6197,97,main
6198,97,main
6199,97,main
6200,97,main
6201,97,main
6202,97,main
6203,97,main
6204,97,main
6205,97,main
6206,97,main
6207,97,main
6208,97,main
6209,97,main
6210,97,main
6211,97,main
6212,97,main
6213,97,main
6214,97,main
6215,97,main
6216,97,main
6217,97,main
6218,97,main
6219,97,main
6220,97,main
6221,97,main
6222,97,main
6223,97,main
6224,97,main
6225,97,main
6226,97,main
6227,97,main
6228,97,main
6229,97,main
6230,97,main
6231,97,main
6232,97,main
6233,97,main
6234,97,main
6235,97,main
6236,97,main
6237,97,main
6238,97,main
6239,97,main
6240,97,main
6241,97,main
6242,97,main
6243,97,main
6244,97,main
6245,97,main
6246,97,main
6247,97,main
6248,97,main
6249,97,main
6250,97,main
6251,97,main
6252,97,main
6253,97,main
6254,97,main
6255,97,main
6256,97,main
6257,97,main
6258,97,main
6259,97,main
6260,97,main
6261,97,main
6262,97,main
6263,97,main
6264,97,main
6265,97,main
6266,1,main
6267,1,main
6268,1,main
6269,1,main
6270,1,main
6271,1,main
6272,1,main
6273,1,main
6274,1,main
6275,1,main
6276,1,main
6277,1,main
6278,1,main
6279,1,main
6280,1,main
6281,1,main
6282,1,main
6283,1,main
6284,1,main
6285,1,main
6286,1,main
6287,1,main
6288,1,main
6289,1,main
6290,1,main
6291,1,main
6292,1,main
6293,1,main
6294,1,main
6295,1,main
6296,1,main
6297,1,main
6298,1,main
6299,1,main
6300,1,main
6301,1,main
6302,1,main
6303,1,main
6304,1,main
6305,1,main
6306,1,main
6307,1,main
6308,1,main
6309,1,main
6310,1,main
6311,1,main
6312,1,main
6313,1,main
6314,1,main
6315,1,main
6316,1,main
6317,1,main
6318,1,main
6319,1,main
6320,1,main
6321,1,main
6322,1,main
6323,1,main
6324,1,main
6325,1,main
6326,1,main
6327,1,main
6328,1,main
6329,1,main
6330,1,main
6331,1,main
6332,1,main
6333,1,main
6334,1,main
6335,1,main
6336,1,main
6337,1,main
6338,1,main
6339,1,main
6340,1,main
6341,1,main
6342,1,main
6343,27,main
6344,27,main
6345,27,main
6346,27,main
6347,27,main
6348,27,main
6349,27,main
6350,27,main
6351,27,main
6352,27,main
6353,27,main
6354,27,main
6355,27,main
6356,27,main
6357,27,main
6358,27,main
6359,27,main
6360,27,main
6361,27,main
6362,27,main
6363,27,main
6364,27,main
6365,27,main
6366,27,main
6367,27,main
6368,27,main
6369,27,main
6370,27,main
6371,27,main
6372,27,main
6373,27,main
6374,27,main
6375,27,main
6376,27,main
6377,27,main
6378,27,main
6379,27,main
6380,27,main
6381,27,main
6382,27,main
6383,27,main
6384,27,main
6385,27,main
6386,27,main
6387,27,main
6388,27,main
6389,27,main
6390,27,main
6391,27,main
6392,27,main
6393,27,main
6394,27,main
6395,27,main
6396,27,main
6397,27,main
6398,27,main
6399,27,main
6400,27,main
6401,27,main
6402,27,main
6403,27,main
6404,27,main
6405,27,main
6406,27,main
6407,27,main
6408,27,main
6409,27,main
6410,27,main
6411,27,main
6412,27,main
6413,27,main
6414,27,main
6415,27,main
6416,27,main
6417,27,main
6418,27,main
6419,27,main
6420,27,main
6421,27,main
6422,27,main
6423,27,main
6424,27,main
6425,27,main
6426,27,main
6427,27,main
6428,27,main
6429,27,main
6430,27,main
6431,27,main
6432,27,main
6433,27,main
6434,27,main
6435,27,main
6436,27,main
6437,27,main
6438,27,main
6439,27,main
6440,27,main
6441,27,main
6442,27,main
6443,27,main
6444,27,main
6445,27,main
6446,27,main
6447,27,main
6448,27,main
6449,9,main
6450,9,main
6451,9,main
6452,9,main
6453,9,main
6454,9,main
6455,9,main
6456,9,main
6457,9,main
6458,9,main
6459,9,main
6460,9,main
6461,9,main
6462,9,main
6463,9,main
6464,9,main
6465,9,main
6466,9,main
6467,9,main
6468,9,main
6469,9,main
6470,9,main
6471,9,main
6472,9,main
6473,9,main
6474,9,main
6475,9,main
6476,9,main
6477,9,main
6478,9,main
6479,28,main
6480,28,main
6481,28,main
6482,28,main
6483,28,main
6484,28,main
6485,28,main
6486,28,main
6487,28,main
6488,28,main
6489,28,main
6490,28,main
6491,28,main
6492,28,main
6493,28,main
6494,28,main
6495,28,main
6496,28,main
6497,28,main
6498,28,main
6499,28,main
6500,28,main
6501,28,main
6502,28,main
6503,28,main
6504,28,main
6505,28,main
6506,28,main
6507,28,main
6508,28,main
6509,28,main
6510,28,main
6511,28,main
6512,28,main
6513,28,main
6514,28,main
6515,28,main
6516,28,main
6517,28,main
6518,28,main
6519,28,main
6520,28,main
6521,28,main
6522,28,main
6523,28,main
6524,28,main
6525,28,main
6526,28,main
6527,28,main
6528,28,main
6529,28,main
6530,28,main
6531,28,main
6532,28,main
6533,28,main
6534,28,main
6535,28,main
6536,28,main
6537,28,main
6538,28,main
6539,28,main
6540,28,main
6541,28,main
6542,28,main
6543,28,main
6544,28,main
6545,28,main
6546,28,main
6547,28,main
6548,28,main
6549,28,main
6550,28,main
6551,28,main
6552,28,main
6553,28,main
6554,28,main
6555,28,main
6556,28,main
6557,28,main
6558,28,main
6559,28,main
6560,28,main
6561,28,main
6562,28,main
6563,28,main
6564,28,main
6565,28,main
6566,28,main
6567,28,main
6568,28,main
6569,28,main
6570,28,main
6571,28,main
6572,28,main
6573,28,main
6574,28,main
6575,23,main
6576,23,main
6577,23,main
6578,23,main
6579,23,main
6580,23,main
6581,23,main
6582,23,main
6583,23,main
6584,23,main
6585,23,main
6586,23,main
6587,23,main
6588,23,main
6589,23,main
6590,23,main
6591,23,main
6592,23,main
6593,23,main
6594,23,main
6595,23,main
6596,23,main
6597,23,main
6598,23,main
6599,23,main
6600,23,main
6601,23,main
6602,23,main
6603,23,main
6604,23,main
6605,23,main
6606,23,main
6607,23,main
6608,23,main
6609,23,main
6610,23,main
6611,23,main
6612,23,main
6613,23,main
6614,23,main
6615,23,main
6616,23,main
6617,23,main
6618,23,main
6619,23,main
6620,23,main
6621,23,main
6622,23,main
6623,23,main
6624,23,main
6625,23,main
6626,23,main
6627,23,main
6628,23,main
6629,23,main
6630,23,main
6631,23,main
6632,23,main
6633,23,main
6634,23,main
6635,23,main
6636,67,main
6637,67,main
6638,67,main
6639,67,main
6640,67,main
6641,67,main
6642,67,main
6643,67,main
6644,67,main
6645,67,main
6646,67,main
6647,67,main
6648,67,main
6649,67,main
6650,67,main
6651,67,main
6652,67,main
6653,67,main
6654,67,main
6655,67,main
6656,67,main
6657,67,main
6658,67,main
6659,67,main
6660,67,main
6661,67,main
6662,67,main
6663,67,main
6664,67,main
6665,67,main
6666,67,main
6667,67,main
6668,67,main
6669,67,main
6670,67,main
6671,67,main
6672,67,main
6673,67,main
6674,67,main
6675,67,main
6676,67,main
6677,67,main
6678,67,main
6679,67,main
6680,67,main
6681,67,main
6682,67,main
6683,67,main
6684,67,main
6685,67,main
6686,67,main
6687,67,main
6688,67,main
6689,67,main
6690,67,main
6691,67,main
6692,67,main
6693,67,main
6694,67,main
6695,67,main
6696,67,main
6697,67,main
6698,67,main
6699,67,main
6700,67,main
6701,67,main
6702,67,main
6703,67,main
6704,67,main
6705,67,main
6706,67,main
6707,67,main
6708,67,main
6709,67,main
6710,67,main
6711,67,main
6712,67,main
6713,67,main
6714,67,main
6715,67,main
6716,67,main
6717,67,main
6718,67,main
6719,67,main
6720,67,main
6721,67,main
6722,67,main
6723,67,main
6724,67,main
6725,67,main
6726,67,main
6727,67,main
6728,67,main
6729,67,main
6730,67,main
6731,67,main
6732,67,main
6733,67,main
6734,67,main
6735,67,main
6736,67,main
6737,67,main
6738,67,main
6739,67,main
6740,67,main
6741,67,main
6742,67,main
6743,67,main
6744,67,main
6745,67,main
6746,67,main
6747,67,main
6748,67,main
6749,67,main
6750,67,main
6751,67,main
6752,67,main
6753,67,main
6754,67,main
6755,67,main
6756,67,main
6757,67,main
6758,67,main
6759,67,main
6760,67,main
6761,67,main
6762,67,main
6763,67,main
6764,67,main
6765,67,main
6766,67,main
6767,67,main
6768,67,main
6769,67,main
6770,67,main
6771,67,main
6772,67,main
6773,67,main
6774,67,main
6775,67,main
6776,67,main
6777,67,main
6778,67,main
6779,67,main
6780,67,main
6781,67,main
6782,67,main
6783,67,main
6784,67,main
6785,67,main
6786,67,main
6787,67,main
6788,67,main
6789,67,main
6790,67,main
6791,67,main
6792,67,main
6793,67,main
6794,67,main
6795,67,main
6796,67,main
6797,67,main
6798,67,main
6799,67,main
6800,67,main
6801,67,main
6802,67,main
6803,67,main
6804,56,main
6805,56,main
6806,56,main
6807,56,main
6808,56,main
6809,56,main
6810,56,main
6811,56,main
6812,56,main
6813,56,main
6814,56,main
6815,56,main
6816,56,main
6817,56,main
6818,56,main
6819,56,main
6820,56,main
6821,56,main
6822,56,main
6823,56,main
6824,56,main
6825,56,main
6826,56,main
6827,56,main
6828,56,main
6829,56,main
6830,56,main
6831,56,main
6832,56,main
6833,56,main
6834,56,main
6835,56,main
6836,56,main
6837,56,main
6838,56,main
6839,56,main
6840,56,main
6841,56,main
6842,56,main
6843,56,main
6844,56,main
6845,56,main
6846,56,main
6847,56,main
6848,56,main
6849,56,main
6850,56,main
6851,56,main
6852,56,main
6853,56,main
6854,56,main
6855,56,main
6856,56,main
6857,56,main
6858,56,main
6859,56,main
6860,56,main
6861,56,main
6862,56,main
6863,56,main
6864,56,main
6865,56,main
6866,56,main
6867,56,main
6868,56,main
6869,56,main
6870,56,main
6871,56,main
6872,56,main
6873,56,main
6874,56,main
6875,56,main
6876,56,main
6877,56,main
6878,32,main
6879,32,main
6880,32,main
6881,32,main
6882,32,main
6883,32,main
6884,32,main
6885,32,main
6886,32,main
6887,32,main
6888,32,main
6889,32,main
6890,32,main
6891,32,main
6892,32,main
6893,32,main
6894,32,main
6895,32,main
6896,32,main
6897,32,main
6898,32,main
6899,32,main
6900,32,main
6901,32,main
6902,32,main
6903,32,main
6904,32,main
6905,32,main
6906,32,main
6907,32,main
6908,32,main
6909,32,main
6910,32,main
6911,32,main
6912,32,main
6913,32,main
6914,32,main
6915,32,main
6916,32,main
6917,32,main
6918,32,main
6919,32,main
6920,32,main
6921,32,main
6922,32,main
6923,32,main
6924,32,main
6925,32,main
6926,32,main
6927,32,main
6928,32,main
6929,32,main
6930,32,main
6931,32,main
6932,32,main
6933,32,main
6934,32,main
6935,32,main
6936,32,main
6937,32,main
6938,32,main
6939,32,main
6940,32,main
6941,32,main
6942,32,main
6943,32,main
6944,32,main
6945,32,main
6946,32,main
6947,32,main
6948,32,main
6949,64,main
6950,64,main
6951,64,main
6952,64,main
6953,64,main
6954,64,main
6955,64,main
6956,64,main
6957,64,main
6958,64,main
6959,64,main
6960,64,main
6961,64,main
6962,64,main
6963,64,main
6964,64,main
6965,64,main
6966,64,main
6967,64,main
6968,64,main
6969,64,main
6970,64,main
6971,64,main
6972,64,main
6973,64,main
6974,64,main
6975,64,main
6976,64,main
6977,64,main
6978,64,main
6979,64,main
6980,64,main
6981,64,main
6982,64,main
6983,64,main
6984,64,main
6985,64,main
6986,64,main
6987,64,main
6988,64,main
6989,64,main
6990,64,main
6991,64,main
6992,64,main
6993,64,main
6994,64,main
6995,64,main
6996,64,main
6997,64,main
6998,64,main
6999,64,main
7000,64,main
7001,64,main
7002,64,main
7003,64,main
7004,64,main
7005,64,main
7006,64,main
7007,64,main
7008,64,main
7009,64,main
7010,64,main
7011,64,main
7012,64,main
7013,64,main
7014,64,main
7015,64,main
7016,64,main
7017,35,main
7018,35,main
7019,35,main
7020,35,main
7021,35,main
7022,35,main
7023,35,main
7024,35,main
7025,35,main
7026,35,main
7027,35,main
7028,35,main
7029,35,main
7030,35,main
7031,35,main
7032,35,main
7033,35,main
7034,35,main
7035,35,main
7036,35,main
7037,35,main
7038,35,main
7039,35,main
7040,35,main
7041,35,main
7042,35,main
7043,35,main
7044,35,main
7045,35,main
7046,35,main
7047,35,main
7048,35,main
7049,35,main
7050,35,main
7051,35,main
7052,35,main
7053,35,main
7054,35,main
7055,35,main
7056,35,main
7057,35,main
7058,35,main
7059,35,main
7060,35,main
7061,35,main
7062,35,main
7063,35,main
7064,35,main
7065,35,main
7066,35,main
7067,35,main
7068,35,main
7069,35,main
7070,35,main
7071,35,main
7072,35,main
7073,35,main
7074,35,main
7075,35,main
7076,35,main
7077,35,main
7078,35,main
7079,35,main
7080,35,main
7081,35,main
7082,35,main
7083,35,main
7084,35,main
7085,35,main
7086,35,main
7087,35,main
7088,35,main
7089,35,main
7090,35,main
7091,35,main
7092,35,main
7093,35,main
7094,35,main
7095,35,main
7096,35,main
7097,35,main
7098,35,main
7099,35,main
7100,35,main
7101,35,main
7102,35,main
7103,35,main
7104,35,main
7105,35,main
7106,35,main
7107,35,main
7108,35,main
7109,35,main
7110,35,main
7111,35,main
7112,35,main
7113,35,main
7114,35,main
7115,35,main
7116,35,main
7117,35,main
7118,35,main
7119,35,main
7120,35,main
7121,35,main
7122,35,main
7123,35,main
7124,35,main
7125,35,main
7126,35,main
7127,35,main
7128,35,main
7129,35,main
7130,35,main
7131,35,main
7132,35,main
7133,35,main
7134,35,main
7135,35,main
7136,35,main
7137,35,main
7138,35,main
7139,35,main
7140,35,main
7141,35,main
7142,35,main
7143,35,main
7144,35,main
7145,35,main
7146,35,main
7147,35,main
7148,35,main
7149,35,main
7150,35,main
7151,35,main
7152,35,main
7153,35,main
7154,35,main
7155,35,main
7156,35,main
7157,35,main
7158,35,main
7159,35,main
7160,35,main
7161,35,main
7162,35,main
7163,35,main
7164,35,main
7165,35,main
7166,35,main
7167,35,main
7168,35,main
7169,35,main
7170,35,main
7171,35,main
7172,35,main
7173,35,main
7174,35,main
7175,35,main
7176,35,main
7177,35,main
7178,35,main
7179,35,main
7180,35,main
7181,35,main
7182,35,main
7183,35,main
7184,35,main
7185,35,main
7186,35,main
7187,35,main
7188,35,main
7189,35,main
7190,35,main
7191,35,main
7192,35,main
7193,35,main
7194,35,main
7195,35,main
7196,35,main
7197,35,main
7198,35,main
7199,35,main
7200,35,main
7201,35,main
7202,35,main
7203,35,main
7204,35,main
7205,35,main
7206,35,main
7207,35,main
7208,35,main
7209,35,main
7210,35,main
7211,35,main
7212,35,main
7213,35,main
7214,35,main
7215,35,main
7216,35,main
7217,35,main
7218,35,main
7219,35,main
7220,35,main
7221,35,main
7222,35,main
7223,35,main
7224,35,main
7225,35,main
7226,35,main
7227,35,main
7228,35,main
7229,35,main
7230,35,main
7231,35,main
7232,35,main
7233,35,main
7234,35,main
7235,35,main
7236,35,main
7237,35,main
7238,35,main
7239,35,main
7240,35,main
7241,35,main
7242,35,main
7243,35,main
7244,35,main
7245,35,main
7246,35,main
7247,35,main
7248,35,main
7249,35,main
7250,35,main
7251,35,main
7252,35,main
7253,35,main
7254,35,main
7255,35,main
7256,35,main
7257,35,main
7258,35,main
7259,35,main
7260,35,main
7261,35,main
7262,35,main
7263,35,main
7264,35,main
7265,35,main
7266,35,main
7267,35,main
7268,35,main
7269,35,main
7270,35,main
7271,35,main
7272,35,main
7273,35,main
7274,35,main
7275,35,main
7276,35,main
7277,35,main
7278,35,main
7279,35,main
7280,35,main
7281,35,main
7282,35,main
7283,35,main
7284,35,main
7285,35,main
7286,35,main
7287,35,main
7288,35,main
7289,35,main
7290,35,main
7291,35,main
7292,35,main
7293,35,main
7294,35,main
7295,35,main
7296,35,main
7297,35,main
7298,35,main
7299,35,main
7300,35,main
7301,35,main
7302,35,main
7303,35,main
7304,35,main
7305,35,main
7306,35,main
7307,35,main
7308,35,main
7309,35,main
7310,35,main
7311,35,main
7312,35,main
7313,35,main
7314,35,main
7315,35,main
7316,35,main
7317,35,main
7318,35,main
7319,35,main
7320,35,main
7321,35,main
7322,35,main
7323,35,main
7324,35,main
7325,35,main
7326,35,main
7327,35,main
7328,35,main
7329,35,main
7330,35,main
7331,35,main
7332,35,main
7333,35,main
7334,35,main
7335,35,main
7336,35,main
7337,35,main
7338,35,main
7339,35,main
7340,35,main
7341,35,main
7342,35,main
7343,35,main
7344,35,main
7345,35,main
7346,35,main
7347,35,main
7348,35,main
7349,35,main
7350,24,main
7351,24,main
7352,24,main
7353,24,main
7354,24,main
7355,24,main
7356,24,main
7357,24,main
7358,24,main
7359,24,main
7360,24,main
7361,24,main
7362,24,main
7363,24,main
7364,24,main
7365,24,main
7366,24,main
7367,24,main
7368,24,main
7369,24,main
7370,24,main
7371,24,main
7372,24,main
7373,24,main
7374,24,main
7375,24,main
7376,24,main
7377,24,main
7378,24,main
7379,24,main
7380,24,main
7381,24,main
7382,24,main
7383,24,main
7384,24,main
7385,24,main
7386,24,main
7387,24,main
7388,24,main
7389,24,main
7390,24,main
7391,24,main
7392,24,main
7393,24,main
7394,24,main
7395,24,main
7396,24,main
7397,24,main
7398,24,main
7399,24,main
7400,24,main
7401,24,main
7402,24,main
7403,24,main
7404,24,main
7405,24,main
7406,24,main
7407,24,main
7408,24,main
7409,24,main
7410,24,main
7411,24,main
7412,24,main
7413,24,main
7414,24,main
7415,24,main
7416,24,main
7417,24,main
7418,24,main
7419,24,main
7420,24,main
7421,24,main
7422,24,main
7423,24,main
7424,24,main
7425,24,main
7426,24,main
7427,24,main
7428,24,main
7429,24,main
7430,24,main
7431,24,main
7432,24,main
7433,24,main
7434,24,main
7435,24,main
7436,24,main
7437,24,main
7438,24,main
7439,24,main
7440,24,main
7441,24,main
7442,24,main
7443,24,main
7444,24,main
7445,24,main
7446,24,main
7447,24,main
7448,24,main
7449,89,main
7450,89,main
7451,89,main
7452,89,main
7453,89,main
7454,89,main
7455,89,main
7456,89,main
7457,89,main
7458,89,main
7459,89,main
7460,89,main
7461,89,main
7462,89,main
7463,89,main
7464,89,main
7465,89,main
7466,89,main
7467,89,main
7468,89,main
7469,89,main
7470,89,main
7471,89,main
7472,89,main
7473,89,main
7474,89,main
7475,89,main
7476,89,main
7477,89,main
7478,89,main
7479,89,main
7480,89,main
7481,89,main
7482,89,main
7483,89,main
7484,89,main
7485,89,main
7486,89,main
7487,89,main
7488,89,main
7489,89,main
7490,89,main
7491,89,main
7492,89,main
7493,89,main
7494,89,main
7495,89,main
7496,89,main
7497,89,main
7498,89,main
7499,93,main
7500,93,main
7501,93,main
7502,93,main
7503,93,main
7504,93,main
7505,93,main
7506,93,main
7507,93,main
7508,93,main
7509,93,main
7510,93,main
7511,93,main
7512,93,main
7513,93,main
7514,93,main
7515,93,main
7516,93,main
7517,93,main
7518,93,main
7519,93,main
7520,93,main
7521,93,main
7522,93,main
7523,93,main
7524,93,main
7525,93,main
7526,93,main
7527,93,main
7528,93,main
7529,93,main
7530,93,main
7531,93,main
7532,93,main
7533,93,main
7534,93,main
7535,93,main
7536,93,main
7537,93,main
7538,93,main
7539,93,main
7540,93,main
7541,93,main
7542,93,main
7543,93,main
7544,93,main
7545,93,main
7546,93,main
7547,93,main
7548,93,main
7549,93,main
7550,93,main
7551,93,main
7552,93,main
7553,93,main
7554,93,main
7555,93,main
7556,93,main
7557,93,main
7558,93,main
7559,93,main
7560,93,main
7561,93,main
7562,93,main
7563,93,main
7564,93,main
7565,93,main
7566,93,main
7567,93,main
7568,93,main
7569,93,main
7570,93,main
7571,93,main
7572,93,main
7573,93,main
7574,93,main
7575,93,main
7576,93,main
7577,93,main
7578,93,main
7579,93,main
7580,93,main
7581,93,main
7582,93,main
7583,93,main
7584,93,main
7585,93,main
7586,93,main
7587,93,main
7588,93,main
7589,93,main
7590,93,main
7591,93,main
7592,93,main
7593,93,main
7594,93,main
7595,93,main
7596,93,main
7597,93,main
7598,93,main
7599,93,main
7600,93,main
7601,93,main
7602,93,main
7603,93,main
7604,93,main
7605,93,main
7606,93,main
7607,93,main
7608,93,main
7609,93,main
7610,93,main
7611,93,main
7612,93,main
7613,93,main
7614,93,main
7615,93,main
7616,93,main
7617,93,main
7618,93,main
7619,93,main
7620,93,main
7621,93,main
7622,93,main
7623,93,main
7624,93,main
7625,93,main
7626,93,main
7627,93,main
7628,93,main
7629,93,main
7630,93,main
7631,93,main
7632,93,main
7633,93,main
7634,93,main
7635,93,main
7636,93,main
7637,93,main
7638,93,main
7639,93,main
7640,93,main
7641,93,main
7642,93,main
7643,93,main
7644,93,main
7645,93,main
7646,93,main
7647,93,main
7648,93,main
7649,93,main
7650,93,main
7651,93,main
7652,93,main
7653,93,main
7654,93,main
7655,93,main
7656,93,main
7657,93,main
7658,93,main
7659,93,main
7660,93,main
7661,93,main
7662,93,main
7663,93,main
7664,93,main
7665,93,main
7666,93,main
7667,93,main
7668,93,main
7669,93,main
7670,93,main
7671,93,main
7672,93,main
7716,70,main
7717,70,main
7718,70,main
7719,70,main
7720,70,main
7721,70,main
7722,70,main
7723,70,main
7724,70,main
7725,70,main
7726,70,main
7727,70,main
7728,70,main
7729,70,main
7730,70,main
7731,70,main
7732,70,main
7733,70,main
7734,70,main
7735,70,main
7736,70,main
7737,70,main
7738,70,main
7739,70,main
7740,70,main
7741,70,main
7742,70,main
7743,70,main
7744,70,main
7745,70,main
7746,70,main
7747,70,main
7748,70,main
7749,70,main
7750,70,main
7751,70,main
7752,70,main
7753,70,main
7754,70,main
7755,70,main
7756,70,main
7757,70,main
7758,70,main
7759,70,main
7760,70,main
7761,70,main
7762,70,main
7763,70,main
7764,70,main
7765,70,main
7766,70,main
7767,70,main
7768,70,main
7769,70,main
7770,70,main
7771,70,main
7772,70,main
7773,70,main
7774,70,main
7775,70,main
7776,70,main
7777,70,main
7778,70,main
7779,70,main
7780,70,main
7781,70,main
7782,70,main
7783,70,main
7784,70,main
7785,70,main
7786,70,main
7787,70,main
7788,70,main
7789,70,main
7790,70,main
7791,70,main
7792,70,main
7793,70,main
7794,70,main
7795,70,main
7796,70,main
7797,70,main
7798,70,main
7799,70,main
7800,70,main
7801,70,main
7802,70,main
7803,70,main
7804,70,main
7805,70,main
7806,70,main
7807,70,main
7808,70,main
7809,70,main
7810,70,main
7811,70,main
7812,70,main
7813,70,main
7814,70,main
7815,70,main
7816,70,main
7817,70,main
7818,70,main
7819,70,main
7820,70,main
7821,70,main
7822,70,main
7823,70,main
7824,70,main
7825,70,main
7826,70,main
7827,70,main
7828,70,main
7829,70,main
7830,70,main
7831,70,main
7832,70,main
7833,70,main
7834,70,main
7835,70,main
7836,70,main
7837,70,main
7838,70,main
7839,70,main
7840,70,main
7841,70,main
7842,70,main
7843,70,main
7844,70,main
7845,70,main
7846,70,main
7847,70,main
7848,70,main
7849,70,main
7850,70,main
7851,70,main
7852,70,main
7853,70,main
7854,70,main
7855,70,main
7856,70,main
7857,70,main
7858,70,main
7859,70,main
7860,70,main
7861,70,main
7862,70,main
7863,70,main
7864,70,main
7865,70,main
7866,70,main
7867,70,main
7868,70,main
7869,70,main
7870,70,main
7871,70,main
7872,70,main
7873,70,main
7874,70,main
7875,70,main
7876,70,main
7877,70,main
7878,70,main
7879,70,main
7880,70,main
7881,70,main
7882,70,main
7883,70,main
7884,70,main
7885,70,main
7886,70,main
7887,46,main
7888,46,main
7889,46,main
7890,46,main
7891,46,main
7892,46,main
7893,46,main
7894,46,main
7895,46,main
7896,46,main
7897,46,main
7898,46,main
7899,46,main
7900,46,main
7901,46,main
7902,46,main
7903,46,main
7904,46,main
7905,46,main
7906,46,main
7907,46,main
7908,46,main
7909,46,main
7910,46,main
7911,46,main
7912,46,main
7913,46,main
7914,46,main
7915,46,main
7916,46,main
7917,46,main
7918,46,main
7919,46,main
7920,46,main
7921,46,main
7922,46,main
7923,46,main
7924,46,main
7925,46,main
7926,46,main
7927,46,main
7928,46,main
7929,46,main
7930,46,main
7931,46,main
7932,46,main
7933,46,main
7934,46,main
7935,46,main
7936,46,main
7937,46,main
7938,46,main
7939,46,main
7940,46,main
7941,46,main
7942,46,main
7943,46,main
7944,46,main
7945,46,main
7946,46,main
7947,46,main
7948,46,main
7949,46,main
7950,46,main
7951,46,main
7952,46,main
7953,46,main
7954,46,main
7955,46,main
7956,46,main
7957,46,main
7958,46,main
7959,46,main
7960,46,main
7961,46,main
7962,46,main
7963,46,main
7964,46,main
7965,46,main
7966,46,main
7967,46,main
7968,46,main
7969,46,main
7970,46,main
7971,46,main
7972,46,main
7973,46,main
7974,46,main
7975,46,main
7976,46,main
7977,46,main
7978,46,main
7979,46,main
7980,46,main
7981,46,main
7982,46,main
7983,46,main
7984,46,main
7985,46,main
7986,46,main
7987,46,main
7988,46,main
7989,46,main
7990,46,main
7991,46,main
7992,46,main
7993,46,main
7994,46,main
7995,46,main
7996,46,main
7997,46,main
7998,46,main
7999,46,main
8000,46,main
8001,16,main
8002,16,main
8003,16,main
8004,16,main
8005,16,main
8006,16,main
8007,16,main
8008,16,main
8009,16,main
8010,16,main
8011,16,main
8012,16,main
8013,16,main
8014,16,main
8015,16,main
8016,16,main
8017,16,main
8018,16,main
8019,16,main
8020,16,main
8021,16,main
8022,16,main
8023,16,main
8024,16,main
8025,16,main
8026,16,main
8027,16,main
8028,16,main
8029,16,main
8030,16,main
8031,16,main
8032,16,main
8033,16,main
8034,16,main
8035,16,main
8036,16,main
8037,16,main
8038,16,main
8039,16,main
8040,16,main
8041,16,main
8042,16,main
8043,16,main
8044,16,main
8045,16,main
8046,16,main
8047,16,main
8048,16,main
8049,16,main
8050,16,main
8051,16,main
8052,16,main
8053,16,main
8054,16,main
8055,16,main
8056,16,main
8057,16,main
8058,16,main
8059,16,main
8060,16,main
8061,16,main
8062,16,main
8063,16,main
8064,16,main
8065,16,main
8066,16,main
8067,16,main
8068,16,main
8069,16,main
8070,16,main
8071,16,main
8072,16,main
8073,16,main
8074,16,main
8075,16,main
8076,16,main
8077,16,main
8078,16,main
8079,16,main
8080,16,main
8081,16,main
8082,16,main
8083,16,main
8084,16,main
8085,16,main
8086,16,main
8087,16,main
8088,16,main
8089,16,main
8090,16,main
8091,16,main
8092,16,main
8093,16,main
8094,16,main
8095,16,main
8096,16,main
8097,16,main
8098,16,main
8099,16,main
8100,16,main
8101,16,main
8102,16,main
8103,16,main
8104,16,main
8105,16,main
8106,16,main
8107,16,main
8108,16,main
8109,16,main
8110,16,main
8111,16,main
8112,16,main
8113,16,main
8114,16,main
8115,16,main
8116,16,main
8117,16,main
8118,16,main
8119,16,main
8120,16,main
8121,16,main
8122,16,main
8123,16,main
8124,16,main
8125,16,main
8126,16,main
8127,16,main
8128,16,main
8129,16,main
8130,16,main
8131,16,main
8132,16,main
8133,16,main
8134,16,main
8135,16,main
8136,16,main
8137,85,main
8138,85,main
8139,85,main
8140,85,main
8141,85,main
8142,85,main
8143,85,main
8144,85,main
8145,85,main
8146,85,main
8147,85,main
8148,85,main
8149,85,main
8150,85,main
8151,85,main
8152,85,main
8153,85,main
8154,85,main
8155,85,main
8156,85,main
8157,85,main
8158,85,main
8159,85,main
8160,85,main
8161,85,main
8162,85,main
8163,85,main
8164,85,main
8165,85,main
8166,85,main
8167,85,main
8168,85,main
8169,85,main
8170,85,main
8171,85,main
8172,85,main
8173,85,main
8174,85,main
8175,85,main
8176,85,main
8177,54,main
8178,54,main
8179,54,main
8180,54,main
8181,54,main
8182,54,main
8183,54,main
8184,54,main
8185,54,main
8186,54,main
8187,54,main
8188,54,main
8189,54,main
8190,54,main
8191,54,main
8192,54,main
8193,54,main
8194,54,main
8195,54,main
8196,54,main
8197,54,main
8198,54,main
8199,54,main
8200,54,main
8201,54,main
8202,54,main
8203,54,main
8204,54,main
8205,54,main
8206,54,main
8207,54,main
8208,54,main
8209,54,main
8210,54,main
8211,54,main
8212,54,main
8213,54,main
8214,54,main
8215,54,main
8216,54,main
8217,54,main
8218,54,main
8219,54,main
8220,54,main
8221,54,main
8222,54,main
8223,54,main
8224,54,main
8225,54,main
8226,54,main
8227,54,main
8228,54,main
8229,54,main
8230,54,main
8231,54,main
8232,54,main
8233,54,main
8234,54,main
8235,54,main
8236,54,main
8237,54,main
8238,54,main
8239,54,main
8240,54,main
8241,54,main
8242,54,main
8243,54,main
8244,54,main
8245,54,main
8246,54,main
8247,54,main
8248,54,main
8249,54,main
8250,54,main
8251,54,main
8252,54,main
8253,54,main
8254,54,main
8255,54,main
8256,54,main
8257,54,main
8258,54,main
8259,54,main
8260,54,main
8261,54,main
8262,54,main
8263,54,main
8264,54,main
8265,54,main
8266,54,main
8267,54,main
8268,54,main
8269,54,main
8270,54,main
8271,54,main
8272,54,main
8273,54,main
8274,54,main
8275,54,main
8276,54,main
8277,54,main
8278,54,main
8279,54,main
8280,54,main
8281,54,main
8282,54,main
8283,54,main
8284,54,main
8285,54,main
8286,54,main
8287,54,main
8288,54,main
8289,54,main
8290,54,main
8291,54,main
8292,54,main
8293,54,main
8294,54,main
8295,54,main
8296,54,main
8297,54,main
8298,54,main
8299,54,main
8300,54,main
8301,54,main
8302,54,main
8303,54,main
8304,54,main
8305,54,main
8306,54,main
8307,54,main
8308,54,main
8309,54,main
8310,54,main
8311,54,main
8312,54,main
8313,54,main
8314,54,main
8315,54,main
8316,54,main
8317,54,main
8318,54,main
8319,54,main
8320,54,main
8321,54,main
8322,54,main
8323,54,main
8324,54,main
8325,54,main
8326,54,main
8327,54,main
8328,54,main
8329,54,main
8330,54,main
8331,54,main
8332,54,main
8333,54,main
8334,54,main
8335,54,main
8336,54,main
8337,54,main
8338,54,main
8339,54,main
8340,54,main
8341,54,main
8342,54,main
8343,54,main
8344,54,main
8345,54,main
8346,54,main
8347,2,main
8348,2,main
8349,2,main
8350,2,main
8351,2,main
8352,2,main
8353,2,main
8354,2,main
8355,2,main
8356,2,main
8357,2,main
8358,2,main
8359,2,main
8360,2,main
8361,2,main
8362,2,main
8363,2,main
8364,2,main
8365,2,main
8366,2,main
8367,2,main
8368,2,main
8369,2,main
8370,2,main
8371,2,main
8372,2,main
8373,2,main
8374,2,main
8375,2,main
8376,2,main
8377,2,main
8378,2,main
8379,2,main
8380,2,main
8381,2,main
8382,2,main
8383,2,main
8384,2,main
8385,2,main
8386,2,main
8387,2,main
8388,2,main
8389,2,main
8390,2,main
8391,2,main
8392,2,main
8393,2,main
8394,2,main
8395,2,main
8396,2,main
8397,2,main
8398,2,main
8399,2,main
8400,2,main
8401,2,main
8402,2,main
8403,2,main
8404,2,main
8405,2,main
8406,2,main
8407,2,main
8408,2,main
8409,2,main
8410,2,main
8411,2,main
8412,2,main
8413,2,main
8414,2,main
8415,2,main
8416,2,main
8417,2,main
8418,2,main
8419,2,main
8420,2,main
8421,2,main
8422,2,main
8423,2,main
8424,2,main
8425,2,main
8426,2,main
8427,2,main
8428,2,main
8429,2,main
8430,2,main
8431,2,main
8432,2,main
8433,2,main
8434,2,main
8435,2,main
8436,2,main
8437,2,main
8438,2,main
8439,2,main
8440,2,main
8441,2,main
8442,2,main
8443,2,main
8444,2,main
8445,2,main
8446,2,main
8447,2,main
8448,2,main
8449,2,main
8450,2,main
8451,2,main
8452,2,main
8453,2,main
8454,2,main
8455,2,main
8456,2,main
8457,2,main
8458,2,main
8459,2,main
8460,2,main
8461,2,main
8462,2,main
8463,2,main
8464,2,main
8465,2,main
8466,2,main
8467,2,main
8468,2,main
8469,2,main
8470,2,main
8471,2,main
8472,2,main
8473,2,main
8474,2,main
8475,2,main
8476,2,main
8477,2,main
8478,2,main
8479,2,main
8480,2,main
8481,2,main
8482,2,main
8483,2,main
8484,2,main
8485,2,main
8486,2,main
8487,2,main
8488,2,main
8489,2,main
8490,2,main
8491,2,main
8492,2,main
8493,2,main
8494,2,main
8495,2,main
8496,2,main
8497,2,main
8498,2,main
8499,2,main
8500,2,main
8501,2,main
8502,2,main
8503,2,main
8504,2,main
8505,2,main
8506,2,main
8507,2,main
8508,2,main
8509,2,main
8510,2,main
8511,2,main
8512,2,main
8513,2,main
8514,2,main
8515,2,main
8516,2,main
8517,2,main
8518,2,main
8519,2,main
8520,2,main
8521,2,main
8522,2,main
8523,2,main
8524,2,main
8525,2,main
8526,2,main
8527,2,main
8528,2,main
8529,2,main
8530,2,main
8531,2,main
8532,2,main
8533,2,main
8534,2,main
8535,2,main
8536,2,main
8537,2,main
8538,2,main
8539,2,main
8540,2,main
8541,76,main
8542,76,main
8543,76,main
8544,76,main
8545,76,main
8546,76,main
8547,76,main
8548,76,main
8549,76,main
8550,76,main
8551,76,main
8552,76,main
8553,76,main
8554,76,main
8555,76,main
8556,76,main
8557,76,main
8558,76,main
8559,76,main
8560,76,main
8561,76,main
8562,76,main
8563,76,main
8564,76,main
8565,76,main
8566,76,main
8567,76,main
8568,76,main
8569,76,main
8570,76,main
8571,76,main
8572,76,main
8573,76,main
8574,76,main
8575,76,main
8576,76,main
8577,76,main
8578,76,main
8579,76,main
8580,76,main
8581,76,main
8582,76,main
8583,76,main
8584,76,main
8585,76,main
8586,76,main
8587,76,main
8588,76,main
8589,76,main
8590,76,main
8591,76,main
8592,76,main
8593,76,main
8594,76,main
8595,76,main
8596,76,main
8597,76,main
8598,76,main
8599,76,main
8600,76,main
8601,76,main
8602,76,main
8603,76,main
8604,76,main
8605,76,main
8606,76,main
8607,76,main
8608,76,main
8609,76,main
8610,76,main
8611,76,main
8612,76,main
8613,76,main
8614,76,main
8615,76,main
8616,76,main
8617,76,main
8618,76,main
8619,76,main
8620,76,main
8621,76,main
8622,76,main
8623,76,main
8624,76,main
8625,76,main
8626,76,main
8627,76,main
8628,76,main
8629,76,main
8630,76,main
8631,76,main
8632,76,main
8633,76,main
8634,76,main
8635,76,main
8636,76,main
8637,76,main
8638,76,main
8639,76,main
8640,76,main
8641,76,main
8642,76,main
8643,76,main
8644,76,main
8645,76,main
8646,76,main
8647,76,main
8648,76,main
8649,76,main
8650,76,main
8651,76,main
8652,76,main
8653,76,main
8654,76,main
8655,76,main
8656,76,main
8657,18,main
8658,18,main
8659,18,main
8660,18,main
8661,18,main
8662,18,main
8663,18,main
8664,18,main
8665,18,main
8666,18,main
8667,18,main
8668,18,main
8669,18,main
8670,18,main
8671,18,main
8672,18,main
8673,18,main
8674,18,main
8675,18,main
8676,18,main
8677,18,main
8678,18,main
8679,18,main
8680,18,main
8681,18,main
8682,18,main
8683,18,main
8684,18,main
8685,18,main
8686,18,main
8687,18,main
8688,18,main
8689,18,main
8690,18,main
8691,18,main
8692,18,main
8693,18,main
8694,18,main
8695,18,main
8696,18,main
8697,18,main
8698,18,main
8699,18,main
8700,18,main
8701,18,main
8702,18,main
8703,18,main
8704,18,main
8705,18,main
8706,18,main
8707,18,main
8708,18,main
8709,18,main
8710,18,main
8711,18,main
8712,18,main
8713,18,main
8714,18,main
8715,18,main
8716,18,main
8717,18,main
8718,18,main
8719,18,main
8720,18,main
8721,18,main
8722,18,main
8723,18,main
8724,18,main
8725,18,main
8726,18,main
8727,18,main
8728,18,main
8729,18,main
8730,18,main
8731,18,main
8732,18,main
8733,18,main
8734,18,main
8735,18,main
8736,18,main
8737,18,main
8738,18,main
8739,18,main
8740,18,main
8741,18,main
8742,18,main
8743,18,main
8744,18,main
8745,18,main
8746,18,main
8747,18,main
8748,18,main
8749,18,main
8750,18,main
8751,18,main
8752,18,main
8753,18,main
8754,18,main
8755,18,main
8756,18,main
8757,18,main
8758,18,main
8759,18,main
8760,18,main
8761,18,main
8762,18,main
8763,18,main
8764,18,main
8765,18,main
8766,18,main
8767,18,main
8768,18,main
8769,18,main
8770,18,main
8771,18,main
8772,18,main
8773,18,main
8774,18,main
8775,59,main
8776,59,main
8777,59,main
8778,59,main
8779,59,main
8780,59,main
8781,59,main
8782,59,main
8783,59,main
8784,59,main
8785,59,main
8786,59,main
8787,59,main
8788,59,main
8789,59,main
8790,59,main
8791,59,main
8792,59,main
8793,59,main
8794,59,main
8795,59,main
8796,59,main
8797,59,main
8798,59,main
8799,59,main
8800,59,main
8801,59,main
8802,59,main
8803,59,main
8804,59,main
8805,59,main
8806,59,main
8807,59,main
8808,59,main
8809,59,main
8810,59,main
8811,59,main
8812,59,main
8813,59,main
8814,59,main
8815,59,main
8816,59,main
8817,59,main
8818,59,main
8819,59,main
8820,59,main
8821,59,main
8822,59,main
8823,59,main
8824,59,main
8825,59,main
8826,59,main
8827,59,main
8828,59,main
8829,59,main
8830,59,main
8831,59,main
8832,59,main
8833,59,main
8834,59,main
8835,59,main
8836,59,main
8837,59,main
8838,59,main
8839,59,main
8840,59,main
8841,59,main
8842,59,main
8843,59,main
8844,59,main
8845,59,main
8846,59,main
8847,59,main
8848,59,main
8849,59,main
8850,59,main
8851,75,main
8852,75,main
8853,75,main
8854,75,main
8855,75,main
8856,75,main
8857,75,main
8858,75,main
8859,75,main
8860,75,main
8861,75,main
8862,75,main
8863,75,main
8864,75,main
8865,75,main
8866,75,main
8867,75,main
8868,75,main
8869,75,main
8870,75,main
8871,75,main
8872,75,main
8873,75,main
8874,75,main
8875,75,main
8876,75,main
8877,75,main
8878,75,main
8879,75,main
8880,75,main
8881,75,main
8882,75,main
8883,75,main
8884,75,main
8885,75,main
8886,75,main
8887,75,main
8888,75,main
8889,75,main
8890,75,main
8891,75,main
8892,75,main
8893,75,main
8894,75,main
8895,75,main
8896,75,main
8897,75,main
8898,75,main
8899,75,main
8900,75,main
8901,75,main
8902,75,main
8903,75,main
8904,75,main
8905,75,main
8906,75,main
8907,75,main
8908,75,main
8909,75,main
8910,75,main
8911,75,main
8912,75,main
8913,75,main
8914,75,main
8915,75,main
8916,75,main
8917,75,main
8918,75,main
8919,75,main
8920,75,main
8921,75,main
8922,75,main
8923,75,main
8924,75,main
8925,75,main
8926,75,main
8927,75,main
8928,75,main
8929,75,main
8930,75,main
8931,75,main
8932,75,main
8933,75,main
8934,75,main
8935,75,main
8936,75,main
8937,75,main
8938,75,main
8939,75,main
8940,75,main
8941,75,main
8942,75,main
8943,75,main
8944,75,main
8945,75,main
8946,75,main
8947,75,main
8948,75,main
8949,75,main
8950,75,main
8951,75,main
8952,75,main
8953,75,main
8954,75,main
8955,75,main
8956,75,main
8957,75,main
8958,75,main
8959,75,main
8960,75,main
8961,75,main
8962,75,main
8963,75,main
8964,75,main
8965,75,main
8966,75,main
8967,75,main
8968,75,main
8969,75,main
8970,75,main
8971,75,main
8972,21,main
8973,21,main
8974,21,main
8975,21,main
8976,21,main
8977,21,main
8978,21,main
8979,21,main
8980,21,main
8981,21,main
8982,21,main
8983,21,main
8984,21,main
8985,21,main
8986,21,main
8987,21,main
8988,21,main
8989,21,main
8990,21,main
8991,21,main
8992,21,main
8993,21,main
8994,21,main
8995,21,main
8996,21,main
8997,21,main
8998,21,main
8999,21,main
9000,21,main
9001,21,main
9002,21,main
9003,21,main
9004,21,main
9005,21,main
9006,21,main
9007,21,main
9008,21,main
9009,21,main
9010,21,main
9011,21,main
9012,21,main
9013,21,main
9014,21,main
9015,21,main
9016,21,main
9017,21,main
9018,21,main
9019,21,main
9020,21,main
9021,21,main
9022,21,main
9023,21,main
9024,21,main
9025,21,main
9026,21,main
9027,21,main
9028,21,main
9029,21,main
9030,21,main
9031,21,main
9032,21,main
9033,21,main
9034,21,main
9035,21,main
9036,21,main
9037,21,main
9038,21,main
9039,21,main
9040,21,main
9041,21,main
9042,21,main
9043,21,main
9044,21,main
9045,21,main
9046,21,main
9047,21,main
9048,21,main
9049,21,main
9050,21,main
9051,21,main
9052,21,main
9053,21,main
9054,21,main
9055,21,main
9056,21,main
9057,21,main
9058,21,main
9059,21,main
9060,21,main
9061,21,main
9062,21,main
9063,21,main
9064,21,main
9065,21,main
9066,21,main
9067,21,main
9068,21,main
9069,21,main
9070,21,main
9071,21,main
9072,21,main
9073,21,main
9074,21,main
9075,21,main
9076,21,main
9077,21,main
9078,21,main
9079,21,main
9080,21,main
9081,21,main
9082,21,main
9083,21,main
9084,21,main
9085,21,main
9086,21,main
9087,21,main
9088,21,main
9089,21,main
9090,21,main
9091,21,main
9092,21,main
9093,21,main
9094,21,main
9095,21,main
9096,21,main
9097,21,main
9098,21,main
9099,21,main
9100,21,main
9101,21,main
9102,21,main
9103,21,main
9104,21,main
9105,21,main
9106,21,main
9107,21,main
9108,21,main
9109,17,main
9110,17,main
9111,17,main
9112,17,main
9113,17,main
9114,17,main
9115,17,main
9116,17,main
9117,17,main
9118,17,main
9119,17,main
9120,17,main
9121,17,main
9122,17,main
9123,17,main
9124,17,main
9125,17,main
9126,17,main
9127,17,main
9128,17,main
9129,17,main
9130,17,main
9131,17,main
9132,17,main
9133,17,main
9134,17,main
9135,17,main
9136,17,main
9137,17,main
9138,17,main
9139,17,main
9140,17,main
9141,17,main
9142,17,main
9143,17,main
9144,17,main
9145,17,main
9146,17,main
9147,17,main
9148,17,main
9149,17,main
9150,17,main
9151,17,main
9152,17,main
9153,17,main
9154,17,main
9155,17,main
9156,17,main
9157,17,main
9158,17,main
9159,17,main
9160,17,main
9161,17,main
9162,17,main
9163,17,main
9164,17,main
9165,17,main
9166,17,main
9167,17,main
9168,17,main
9169,17,main
9170,17,main
9171,17,main
9172,17,main
9173,17,main
9174,17,main
9175,17,main
9176,17,main
9177,90,main
9178,90,main
9179,90,main
9180,90,main
9181,90,main
9182,90,main
9183,90,main
9184,90,main
9185,90,main
9186,90,main
9187,90,main
9188,90,main
9189,90,main
9190,90,main
9191,90,main
9192,90,main
9193,90,main
9194,90,main
9195,90,main
9196,90,main
9197,90,main
9198,90,main
9199,90,main
9200,90,main
9201,90,main
9202,90,main
9203,90,main
9204,90,main
9205,90,main
9206,90,main
9207,90,main
9208,90,main
9209,90,main
9210,90,main
9211,90,main
9212,90,main
9213,90,main
9214,90,main
9215,90,main
9216,90,main
9217,90,main
9218,90,main
9219,90,main
9220,90,main
9221,90,main
9222,90,main
9223,90,main
9224,90,main
9225,90,main
9226,90,main
9227,90,main
9228,90,main
9229,90,main
9230,90,main
9231,90,main
9232,90,main
9233,90,main
9234,90,main
9235,90,main
9236,90,main
9237,90,main
9238,90,main
9239,90,main
9240,90,main
9241,90,main
9242,90,main
9243,90,main
9244,90,main
9245,90,main
9246,90,main
9247,90,main
9248,90,main
9249,90,main
9250,90,main
9251,39,main
9252,39,main
9253,39,main
9254,39,main
9255,39,main
9256,39,main
9257,39,main
9258,39,main
9259,39,main
9260,39,main
9261,39,main
9262,39,main
9263,39,main
9264,39,main
9265,39,main
9266,39,main
9267,39,main
9268,39,main
9269,39,main
9270,39,main
9271,39,main
9272,39,main
9273,39,main
9274,39,main
9275,39,main
9276,39,main
9277,39,main
9278,39,main
9279,39,main
9280,39,main
9281,39,main
9282,39,main
9283,39,main
9284,39,main
9285,39,main
9286,39,main
9287,39,main
9288,39,main
9289,39,main
9290,39,main
9291,39,main
9292,39,main
9293,39,main
9294,39,main
9295,39,main
9296,39,main
9297,39,main
9298,39,main
9299,39,main
9300,39,main
9301,39,main
9302,39,main
9303,39,main
9304,39,main
9305,39,main
9306,39,main
9307,39,main
9308,4,main
9309,4,main
9310,4,main
9311,4,main
9312,4,main
9313,4,main
9314,4,main
9315,4,main
9316,4,main
9317,4,main
9318,4,main
9319,4,main
9320,4,main
9321,4,main
9322,4,main
9323,4,main
9324,4,main
9325,4,main
9326,4,main
9327,4,main
9328,4,main
9329,4,main
9330,4,main
9331,4,main
9332,4,main
9333,4,main
9334,4,main
9335,4,main
9336,4,main
9337,4,main
9338,4,main
9339,4,main
9340,4,main
9341,4,main
9342,4,main
9343,4,main
9344,4,main
9345,4,main
9346,4,main
9347,4,main
9348,72,main
9349,72,main
9350,72,main
9351,72,main
9352,72,main
9353,72,main
9354,72,main
9355,72,main
9356,72,main
9357,72,main
9358,72,main
9359,72,main
9360,72,main
9361,72,main
9362,72,main
9363,72,main
9364,72,main
9365,72,main
9366,72,main
9367,72,main
9368,72,main
9369,72,main
9370,72,main
9371,72,main
9372,72,main
9373,72,main
9374,72,main
9375,72,main
9376,72,main
9377,72,main
9378,72,main
9379,72,main
9380,72,main
9381,72,main
9382,72,main
9383,72,main
9384,72,main
9385,72,main
9386,72,main
9387,72,main
9388,72,main
9389,72,main
9390,72,main
9391,72,main
9392,72,main
9393,72,main
9394,72,main
9395,72,main
9396,72,main
9397,72,main
9398,83,main
9399,83,main
9400,83,main
9401,83,main
9402,83,main
9403,83,main
9404,83,main
9405,83,main
9406,83,main
9407,83,main
9408,83,main
9409,83,main
9410,83,main
9411,83,main
9412,83,main
9413,83,main
9414,83,main
9415,83,main
9416,83,main
9417,83,main
9418,83,main
9419,83,main
9420,83,main
9421,83,main
9422,83,main
9423,83,main
9424,83,main
9425,83,main
9426,83,main
9427,83,main
9428,83,main
9429,83,main
9430,83,main
9431,83,main
9432,83,main
9433,83,main
9434,83,main
9435,83,main
9436,83,main
9437,83,main
9438,83,main
9439,83,main
9440,83,main
9441,83,main
9442,19,main
9443,19,main
9444,19,main
9445,19,main
9446,19,main
9447,19,main
9448,19,main
9449,19,main
9450,19,main
9451,19,main
9452,19,main
9453,19,main
9454,19,main
9455,19,main
9456,19,main
9457,19,main
9458,19,main
9459,19,main
9460,19,main
9461,19,main
9462,19,main
9463,19,main
9464,19,main
9465,19,main
9466,19,main
9467,19,main
9468,19,main
9469,19,main
9470,19,main
9471,19,main
9472,19,main
9473,19,main
9474,19,main
9475,19,main
9476,19,main
9477,19,main
9478,19,main
9479,19,main
9480,19,main
9481,19,main
9482,19,main
9483,19,main
9484,19,main
9485,19,main
9486,19,main
9487,19,main
9488,19,main
9489,19,main
9490,19,main
9491,19,main
9492,19,main
9493,19,main
9494,19,main
9495,19,main
9496,19,main
9497,19,main
9498,19,main
9499,19,main
9500,19,main
9501,19,main
9502,19,main
9503,19,main
9504,19,main
9505,19,main
9506,19,main
9507,19,main
9508,19,main
9509,19,main
9510,19,main
9511,19,main
9512,19,main
9513,19,main
9514,19,main
9515,19,main
9516,19,main
9517,19,main
9518,19,main
9519,19,main
9520,19,main
9521,19,main
9522,19,main
9523,19,main
9524,19,main
9525,19,main
9526,19,main
9527,19,main
9528,19,main
9529,19,main
9530,19,main
9531,19,main
9532,19,main
9533,19,main
9534,19,main
9535,19,main
9536,19,main
9537,19,main
9538,19,main
9539,19,main
9540,19,main
9541,19,main
9542,19,main
9543,19,main
9544,19,main
9545,19,main
9546,19,main
9547,19,main
9548,19,main
9549,19,main
9550,19,main
9551,19,main
9552,19,main
9553,19,main
9554,19,main
9555,19,main
9556,19,main
9557,19,main
9558,19,main
9559,19,main
9560,19,main
9561,19,main
9562,19,main
9563,19,main
9564,19,main
9565,19,main
9566,19,main
9567,19,main
9568,19,main
9569,19,main
9570,19,main
9571,19,main
9572,19,main
9573,19,main
9574,19,main
9575,19,main
9576,19,main
9577,19,main
9578,19,main
9579,19,main
9580,19,main
9581,19,main
9582,19,main
9583,19,main
9584,19,main
9585,19,main
9586,19,main
9587,19,main
9588,19,main
9589,19,main
9590,19,main
9591,19,main
9592,19,main
9593,19,main
9594,19,main
9595,19,main
9596,82,main
9597,82,main
9598,82,main
9599,82,main
9600,82,main
9601,82,main
9602,82,main
9603,82,main
9604,82,main
9605,82,main
9606,82,main
9607,82,main
9608,82,main
9609,82,main
9610,82,main
9611,82,main
9612,82,main
9613,82,main
9614,82,main
9615,82,main
9616,82,main
9617,82,main
9618,82,main
9619,82,main
9620,82,main
9621,82,main
9622,82,main
9623,82,main
9624,82,main
9625,82,main
9626,82,main
9627,82,main
9628,82,main
9629,82,main
9630,82,main
9631,82,main
9632,82,main
9633,82,main
9634,82,main
9635,82,main
9636,82,main
9637,82,main
9638,82,main
9639,82,main
9640,82,main
9641,82,main
9642,82,main
9643,82,main
9644,82,main
9645,82,main
9646,82,main
9647,82,main
9648,82,main
9649,82,main
9650,82,main
9651,82,main
9652,82,main
9653,82,main
9654,82,main
9655,82,main
9656,82,main
9657,82,main
9658,82,main
9659,82,main
9660,82,main
9661,82,main
9662,82,main
9663,82,main
9664,82,main
9665,82,main
9666,82,main
9667,82,main
9668,82,main
9669,82,main
9670,82,main
9671,82,main
9672,82,main
9673,82,main
9674,82,main
9675,82,main
9676,82,main
9677,82,main
9678,82,main
9679,82,main
9680,82,main
9681,82,main
9682,82,main
9683,82,main
9684,82,main
9685,82,main
9686,82,main
9687,82,main
9688,82,main
9689,82,main
9690,82,main
9691,82,main
9692,82,main
9693,82,main
9694,82,main
9695,82,main
9696,82,main
9697,82,main
9698,82,main
9699,82,main
9700,82,main
9701,82,main
9702,82,main
9703,82,main
9704,82,main
9705,82,main
9706,82,main
9707,82,main
9708,82,main
9709,82,main
9710,82,main
9711,82,main
9712,82,main
9713,82,main
9714,82,main
9715,82,main
9716,82,main
9717,82,main
9718,82,main
9719,82,main
9720,82,main
9721,82,main
9722,82,main
9723,82,main
9724,82,main
9725,82,main
9726,82,main
9727,82,main
9728,82,main
9729,82,main
9730,82,main
9731,82,main
9732,82,main
9733,82,main
9734,82,main
9735,82,main
9736,82,main
9737,82,main
9738,82,main
9739,82,main
9740,82,main
9741,82,main
9742,82,main
9743,82,main
9744,82,main
9745,82,main
9746,82,main
9747,82,main
9748,82,main
9749,82,main
9750,82,main
9751,82,main
9752,82,main
9753,82,main
9754,82,main
9755,82,main
9756,82,main
9757,82,main
9758,82,main
9759,82,main
9760,82,main
9761,82,main
9762,82,main
9763,82,main
9764,82,main
9765,82,main
9766,82,main
9767,82,main
9768,82,main
9769,82,main
9770,82,main
9771,82,main
9772,82,main
9773,82,main
9774,82,main
9775,82,main
9776,82,main
9777,82,main
9778,82,main
9779,82,main
9780,82,main
9781,48,main
9782,48,main
9783,48,main
9784,74,main
9785,74,main
9786,74,main
9787,74,main
9788,74,main
9789,74,main
9790,74,main
9791,74,main
9792,74,main
9793,74,main
9794,74,main
9795,74,main
9796,74,main
9797,74,main
9798,74,main
9799,74,main
9800,74,main
9801,74,main
9802,74,main
9803,74,main
9804,74,main
9805,74,main
9806,74,main
9807,74,main
9808,74,main
9809,74,main
9810,74,main
9811,74,main
9812,74,main
9813,74,main
9814,74,main
9815,74,main
9816,95,main
9817,95,main
9818,95,main
9819,95,main
9820,95,main
9821,95,main
9822,95,main
9823,95,main
9824,95,main
9825,95,main
9826,95,main
9827,95,main
9828,95,main
9829,95,main
9830,95,main
9831,95,main
9832,95,main
9833,95,main
9834,95,main
9835,95,main
9836,95,main
9837,95,main
9838,95,main
9839,95,main
9840,95,main
9841,95,main
9842,95,main
9843,95,main
9844,95,main
9845,95,main
9846,95,main
9847,95,main
9848,95,main
9849,95,main
9850,95,main
9851,95,main
9852,95,main
9853,95,main
9854,95,main
9855,95,main
9856,95,main
9857,95,main
9858,95,main
9859,95,main
9860,95,main
9861,95,main
9862,95,main
9863,95,main
9864,95,main
9865,95,main
9866,95,main
9867,95,main
9868,95,main
9869,95,main
9870,95,main
9871,95,main
9872,95,main
9873,95,main
9874,95,main
9875,95,main
9876,95,main
9877,95,main
9878,95,main
9879,95,main
9880,95,main
9881,95,main
9882,95,main
9883,95,main
9884,95,main
9885,69,main
9886,69,main
9887,69,main
9888,69,main
9889,69,main
9890,69,main
9891,69,main
9892,69,main
9893,69,main
9894,69,main
9895,69,main
9896,69,main
9897,69,main
9898,69,main
9899,69,main
9900,69,main
9901,69,main
9902,69,main
9903,69,main
9904,69,main
9905,69,main
9906,69,main
9907,69,main
9908,69,main
9909,69,main
9910,69,main
9911,69,main
9912,69,main
9913,69,main
9914,69,main
9915,69,main
9916,69,main
9917,69,main
9918,69,main
9919,69,main
9920,69,main
9921,69,main
9922,69,main
9923,69,main
9924,69,main
9925,69,main
9926,69,main
9927,69,main
9928,69,main
9929,69,main
9930,69,main
9931,69,main
9932,69,main
9933,69,main
9934,69,main
9935,69,main
9936,69,main
9937,69,main
9938,69,main
9939,69,main
9940,69,main
9941,69,main
9942,69,main
9943,69,main
9944,69,main
9945,69,main
9946,69,main
9947,69,main
9948,69,main
9949,69,main
9950,69,main
9951,69,main
9952,69,main
9953,69,main
9954,69,main
9955,69,main
9956,69,main
9957,69,main
9958,69,main
9959,69,main
9960,69,main
9961,69,main
9962,69,main
9963,69,main
9964,69,main
9965,69,main
9966,69,main
9967,69,main
9968,69,main
9969,69,main
9970,69,main
9971,69,main
9972,69,main
9973,69,main
9974,69,main
9975,69,main
9976,87,main
9977,87,main
9978,87,main
9979,87,main
9980,87,main
9981,87,main
9982,87,main
9983,87,main
9984,87,main
9985,87,main
9986,87,main
9987,87,main
9988,87,main
9989,87,main
9990,87,main
9991,87,main
9992,87,main
9993,87,main
9994,87,main
9995,87,main
9996,87,main
9997,87,main
9998,87,main
9999,87,main
10000,87,main
10001,87,main
10002,87,main
10003,87,main
10004,87,main
10005,87,main
10006,87,main
10007,87,main
10008,87,main
10009,87,main
10010,87,main
10011,87,main
10012,87,main
10013,87,main
10014,87,main
10015,87,main
10016,87,main
10017,87,main
10018,87,main
10019,87,main
10020,87,main
10021,87,main
10022,87,main
10023,87,main
10024,87,main
10025,87,main
10026,87,main
10027,87,main
10028,87,main
10029,87,main
10030,87,main
10031,87,main
10032,87,main
10033,87,main
10034,87,main
10035,87,main
10036,87,main
10037,87,main
10038,87,main
10039,87,main
10040,87,main
10041,87,main
10042,87,main
10043,87,main
10044,87,main
10045,87,main
10046,87,main
10047,87,main
10048,87,main
10049,87,main
10050,87,main
10051,87,main
10052,87,main
10053,87,main
10054,87,main
10055,87,main
10056,87,main
10057,87,main
10058,87,main
10059,87,main
10060,87,main
10061,87,main
10062,87,main
10063,87,main
10064,87,main
10065,87,main
10066,87,main
10067,87,main
10068,87,main
10069,87,main
10070,87,main
10071,87,main
10072,87,main
10073,87,main
10074,87,main
10075,87,main
10076,87,main
10077,87,main
10078,87,main
10079,87,main
10080,87,main
10081,87,main
10082,87,main
10083,87,main
10084,87,main
10085,87,main
10086,87,main
10087,87,main
10088,87,main
10089,87,main
10090,87,main
10091,87,main
10092,87,main
10093,87,main
10094,87,main
10095,87,main
10096,87,main
10097,87,main
10098,87,main
10099,87,main
10100,87,main
10101,87,main
10102,87,main
10103,87,main
10104,87,main
10105,87,main
10106,87,main
10107,87,main
10108,87,main
10109,87,main
10110,87,main
10111,87,main
10112,87,main
10113,87,main
10114,87,main
10115,87,main
10116,87,main
10117,87,main
10118,87,main
10119,87,main
10120,87,main
10121,87,main
10122,87,main
10123,87,main
10124,87,main
10125,87,main
10126,87,main
10127,87,main
10128,87,main
10129,87,main
10130,87,main
10131,87,main
10132,87,main
10133,87,main
10134,87,main
10135,87,main
10136,87,main
10137,87,main
10138,87,main
10139,87,main
10140,87,main
10141,87,main
10142,87,main
10143,87,main
10144,87,main
10145,87,main
10146,87,main
10331,63,main
10332,63,main
10333,63,main
10334,63,main
10335,63,main
10336,63,main
10337,63,main
10338,63,main
10339,63,main
10340,63,main
10341,63,main
10342,63,main
10343,63,main
10344,63,main
10345,63,main
10346,63,main
10347,63,main
10348,63,main
10349,63,main
10350,63,main
10351,63,main
10352,63,main
10353,63,main
10354,63,main
10355,63,main
10356,63,main
10357,63,main
10358,63,main
10359,63,main
10360,63,main
10361,63,main
10362,63,main
10363,63,main
10364,63,main
10365,63,main
10366,63,main
10367,63,main
10368,63,main
10369,63,main
10370,63,main
10371,63,main
10372,63,main
10373,63,main
10374,63,main
10375,63,main
10376,63,main
10377,63,main
10378,63,main
10379,63,main
10380,63,main
10381,63,main
10382,63,main
10383,63,main
10384,63,main
10385,63,main
10386,63,main
10387,63,main
10388,63,main
10389,63,main
10390,63,main
10391,63,main
10392,63,main
10393,63,main
10394,63,main
10395,63,main
10396,63,main
10397,63,main
10398,63,main
10399,63,main
10400,63,main
10401,63,main
10402,63,main
10403,63,main
10404,63,main
10405,63,main
10406,63,main
10407,63,main
10408,63,main
10409,63,main
10410,63,main
10411,63,main
10412,63,main
10413,63,main
10414,63,main
10415,63,main
10416,63,main
10417,63,main
10418,63,main
10419,63,main
10420,63,main
10421,63,main
10422,63,main
10423,63,main
10424,63,main
10425,63,main
10426,63,main
10427,63,main
10428,63,main
10429,63,main
10430,63,main
10431,63,main
10432,63,main
10433,63,main
10434,63,main
10435,63,main
10436,63,main
10437,63,main
10438,63,main
10439,63,main
10440,63,main
10441,63,main
10442,63,main
10443,63,main
10444,63,main
10445,63,main
10446,63,main
10447,63,main
10448,63,main
10449,63,main
10450,63,main
10451,63,main
10452,63,main
10453,63,main
10454,63,main
10455,63,main
10456,63,main
10457,63,main
10458,63,main
10459,63,main
10460,63,main
10461,63,main
10462,63,main
10463,63,main
10464,63,main
10465,63,main
10466,63,main
10467,63,main
10468,63,main
10469,63,main
10470,63,main
10471,63,main
10472,63,main
10473,63,main
10474,63,main
10475,63,main
10476,63,main
10477,63,main
10478,63,main
10479,63,main
10480,63,main
10481,63,main
10482,63,main
10483,63,main
10484,63,main
10485,63,main
10486,63,main
10487,63,main
10488,63,main
10489,63,main
10490,63,main
10491,63,main
10492,63,main
10493,63,main
10494,63,main
10495,63,main
10496,63,main
10497,63,main
10498,63,main
10499,63,main
10500,63,main
10501,63,main
10502,63,main
10503,63,main
10504,63,main
10505,63,main
10506,63,main
10507,63,main
10508,63,main
10509,63,main
10510,63,main
10511,63,main
10512,63,main
10513,63,main
10514,63,main
10515,63,main
10516,63,main
10517,63,main
10518,63,main
10519,63,main
10520,63,main
10521,63,main
10522,63,main
10523,63,main
10524,63,main
10525,63,main
10526,63,main
10527,63,main
10528,63,main
10529,63,main
10530,63,main
10531,63,main
10532,63,main
10533,63,main
10534,63,main
10535,63,main
10536,63,main
10537,63,main
10538,63,main
10539,63,main
10540,63,main
10541,63,main
10542,63,main
10543,63,main
10544,63,main
10545,63,main
10546,63,main
10547,63,main
10548,63,main
10549,63,main
10550,63,main
10551,63,main
10552,63,main
10553,63,main
10554,63,main
10555,63,main
10556,63,main
10557,63,main
10558,63,main
10559,63,main
10560,63,main
10561,63,main
10562,63,main
10563,63,main
10564,63,main
10565,63,main
10566,63,main
10567,63,main
10568,63,main
10569,63,main
10570,63,main
10571,63,main
10572,63,main
10573,63,main
10574,63,main
10575,63,main
10576,63,main
10577,63,main
10578,63,main
10579,63,main
10580,63,main
10581,63,main
10582,63,main
10583,63,main
10584,63,main
10585,63,main
10586,63,main
10587,63,main
10588,63,main
10589,63,main
10590,63,main
10591,63,main
10592,63,main
10593,63,main
10594,63,main
10595,63,main
10596,63,main
10597,63,main
10598,63,main
10599,63,main
10600,63,main
10601,63,main
10602,63,main
10603,63,main
10604,63,main
10605,63,main
10606,63,main
10607,63,main
10608,63,main
10609,63,main
10610,63,main
10611,63,main
10612,63,main
10613,63,main
10614,63,main
10615,63,main
10616,63,main
10617,63,main
10618,63,main
10619,63,main
10620,63,main
10621,63,main
10622,63,main
10623,63,main
10624,63,main
10625,63,main
10626,63,main
10627,63,main
10628,63,main
10629,63,main
10630,63,main
10631,63,main
10632,63,main
10633,63,main
10634,63,main
10635,63,main
10636,63,main
10637,63,main
10638,63,main
10639,63,main
10640,63,main
10641,63,main
10642,63,main
10643,63,main
10644,63,main
10645,63,main
10646,63,main
10647,63,main
10648,63,main
10649,63,main
10650,63,main
10651,63,main
10652,63,main
10653,63,main
10654,63,main
10655,63,main
10656,63,main
10657,63,main
10658,63,main
10659,63,main
10660,63,main
10661,63,main
10662,63,main
10663,63,main
10664,63,main
10665,63,main
10666,63,main
10667,63,main
10668,63,main
10669,63,main
10670,63,main
10671,63,main
10672,63,main
10673,63,main
10674,63,main
10675,63,main
10676,63,main
10677,63,main
10678,63,main
10679,63,main
10680,63,main
10681,63,main
10682,63,main
10683,63,main
10684,34,main
10685,34,main
10686,34,main
10687,34,main
10688,34,main
10689,34,main
10690,34,main
10691,34,main
10692,34,main
10693,34,main
10694,34,main
10695,34,main
10696,34,main
10697,34,main
10698,34,main
10699,34,main
10700,34,main
10701,34,main
10702,34,main
10703,34,main
10704,34,main
10705,34,main
10706,34,main
10707,34,main
10708,34,main
10709,34,main
10710,34,main
10711,34,main
10712,34,main
10713,34,main
10714,34,main
10715,34,main
10716,34,main
10717,34,main
10718,34,main
10719,34,main
10720,34,main
10721,34,main
10722,34,main
10723,34,main
10724,34,main
10725,34,main
10726,34,main
10727,34,main
10728,34,main
10729,34,main
10730,34,main
10731,34,main
10732,34,main
10733,34,main
10734,34,main
10735,34,main
10736,34,main
10737,34,main
10738,34,main
10739,34,main
10740,34,main
10741,34,main
10742,34,main
10743,34,main
10744,34,main
10745,34,main
10746,34,main
10747,34,main
10748,34,main
10749,34,main
10750,34,main
10751,34,main
10752,34,main
10753,34,main
10754,34,main
10755,34,main
10756,34,main
10757,34,main
10758,34,main
10759,34,main
10760,34,main
10761,34,main
10762,34,main
10763,34,main
10764,34,main
10765,34,main
10766,34,main
10767,34,main
10768,34,main
10769,34,main
10770,34,main
10771,34,main
10772,34,main
10773,34,main
10774,34,main
10775,34,main
10776,34,main
10777,34,main
10778,34,main
10779,34,main
10780,34,main
10781,34,main
10782,34,main
10783,34,main
10784,34,main
10785,34,main
10786,34,main
10787,34,main
10788,34,main
10789,34,main
10790,34,main
10791,34,main
10792,31,main
10793,31,main
10794,31,main
10795,31,main
10796,31,main
10797,31,main
10798,31,main
10799,31,main
10800,31,main
10801,31,main
10802,31,main
10803,31,main
10804,31,main
10805,31,main
10806,31,main
10807,31,main
10808,31,main
10809,31,main
10810,31,main
10811,31,main
10812,31,main
10813,31,main
10814,31,main
10815,31,main
10816,31,main
10817,31,main
10818,31,main
10819,31,main
10820,31,main
10821,31,main
10822,31,main
10823,31,main
10824,31,main
10825,31,main
10826,31,main
10827,31,main
10828,31,main
10829,31,main
10830,31,main
10831,31,main
10832,31,main
10833,31,main
10834,31,main
10835,31,main
10836,31,main
10837,31,main
10838,31,main
10839,31,main
10840,31,main
10841,31,main
10842,31,main
10843,31,main
10844,31,main
10845,31,main
10846,31,main
10847,31,main
10848,31,main
10849,31,main
10850,31,main
10851,31,main
10852,31,main
10853,31,main
10854,31,main
10855,31,main
10856,31,main
10857,31,main
10858,31,main
10859,31,main
10860,31,main
10861,31,main
10862,31,main
10863,31,main
10864,31,main
10865,31,main
10866,31,main
10867,31,main
10868,31,main
10869,31,main
10870,31,main
10871,31,main
10872,31,main
10873,31,main
10874,31,main
10875,31,main
10876,31,main
10877,31,main
10878,31,main
10879,31,main
10880,31,main
10881,31,main
10882,31,main
10883,31,main
10884,31,main
10885,31,main
10886,31,main
10887,31,main
10888,31,main
10889,31,main
10890,31,main
10891,31,main
10892,31,main
10893,31,main
10894,31,main
10895,31,main
10896,31,main
10897,31,main
10898,31,main
10899,31,main
10900,31,main
10901,31,main
10902,31,main
10903,31,main
10904,31,main
10905,31,main
10906,31,main
10907,31,main
10908,31,main
10909,31,main
10910,31,main
10911,31,main
10912,31,main
10913,31,main
10914,31,main
10915,31,main
10916,31,main
10917,31,main
10918,31,main
10919,31,main
10920,31,main
10921,31,main
10922,31,main
10923,31,main
10924,31,main
10925,31,main
10926,31,main
10927,31,main
10928,31,main
10929,31,main
10930,31,main
10931,31,main
10932,31,main
10933,31,main
10934,31,main
10935,31,main
10936,31,main
10937,31,main
10938,31,main
10939,31,main
10940,31,main
10941,31,main
10942,31,main
10943,31,main
10944,31,main
10945,31,main
10946,31,main
10947,31,main
10948,31,main
10949,31,main
10950,31,main
10951,31,main
10952,31,main
10953,31,main
10954,31,main
10955,31,main
10956,31,main
10957,31,main
10958,31,main
10959,31,main
10960,31,main
10961,31,main
10962,31,main
10963,31,main
10964,31,main
10965,31,main
10966,31,main
10967,31,main
10968,31,main
10969,31,main
10970,31,main
10971,57,main
10972,57,main
10973,57,main
10974,57,main
10975,57,main
10976,57,main
10977,57,main
10978,57,main
10979,57,main
10980,57,main
10981,57,main
10982,57,main
10983,57,main
10984,57,main
10985,57,main
10986,57,main
10987,57,main
10988,57,main
10989,57,main
10990,57,main
10991,57,main
10992,57,main
10993,57,main
10994,57,main
10995,57,main
10996,57,main
10997,57,main
10998,57,main
10999,57,main
11000,57,main
11001,57,main
11002,57,main
11003,57,main
11004,57,main
11005,57,main
11006,57,main
11007,57,main
11008,57,main
11009,57,main
11010,57,main
11011,57,main
11012,57,main
11013,57,main
11014,57,main
11015,57,main
11016,57,main
11017,57,main
11018,57,main
11019,57,main
11020,57,main
11021,57,main
11022,57,main
11023,57,main
11024,57,main
11025,57,main
11026,57,main
11027,57,main
11028,57,main
11029,57,main
11030,57,main
11031,57,main
11032,57,main
11033,57,main
11034,57,main
11035,57,main
11036,57,main
11037,57,main
11038,57,main
11039,57,main
11040,57,main
11041,57,main
11042,57,main
11043,57,main
11044,57,main
11045,57,main
11046,57,main
11047,57,main
11048,57,main
11049,57,main
11050,57,main
11051,57,main
11052,57,main
11053,57,main
11054,57,main
11055,57,main
11056,57,main
11057,57,main
11058,57,main
11059,57,main
11060,57,main
11061,57,main
11062,57,main
11063,57,main
11064,57,main
11065,57,main
11066,57,main
11067,57,main
11068,57,main
11069,57,main
11070,57,main
11071,57,main
11072,57,main
11073,57,main
11074,57,main
11075,57,main
11076,57,main
11077,57,main
11078,57,main
11079,57,main
11080,57,main
11081,57,main
11082,57,main
11083,57,main
11084,57,main
11085,57,main
11086,57,main
11087,57,main
11088,57,main
11089,57,main
11090,57,main
11091,57,main
11092,57,main
11093,57,main
11094,57,main
11095,57,main
11096,57,main
11097,57,main
11098,57,main
11099,57,main
11100,57,main
11101,57,main
11102,57,main
11103,57,main
11104,57,main
11105,57,main
11106,57,main
11107,57,main
11108,57,main
11109,57,main
11110,57,main
11111,57,main
11112,57,main
11113,57,main
11114,57,main
11115,57,main
11116,57,main
11117,57,main
11118,57,main
11119,57,main
11120,57,main
11121,57,main
11122,57,main
11123,57,main
11124,57,main
11125,57,main
11126,57,main
11127,57,main
11128,57,main
11129,57,main
11130,57,main
11131,57,main
11132,57,main
11133,57,main
11134,57,main
11135,57,main
11136,57,main
11137,57,main
11138,57,main
11139,57,main
11140,57,main
11141,57,main
11142,57,main
11143,57,main
11144,57,main
11145,57,main
11146,57,main
11147,57,main
11148,57,main
11149,57,main
11150,57,main
11151,57,main
11152,57,main
11153,53,main
11154,53,main
