ID_track,ID_track_original,song_category
1,TR934808,<rap_identity>_<unknown>_<aggressive>
2,TR760029,<trap_street>_<chill>_<aggressive>
3,TR916821,<trap_street>_<hard>_<aggressive>
4,TR480968,<trap_street>_<hard>_<aggressive>
5,TR585039,<love_poetic>_<chill>_<clean>
6,TR550335,<love_poetic>_<unknown>_<clean>
7,TR170793,<trap_street>_<chill>_<street>
8,TR627195,<trap_street>_<chill>_<aggressive>
9,TR628871,<love_poetic>_<chill>_<clean>
10,TR700756,<trap_street>_<chill>_<aggressive>
11,TR570242,<rap_identity>_<hard>_<street>
12,TR483404,<trap_street>_<chill>_<aggressive>
13,TR497808,<trap_street>_<hard>_<aggressive>
14,TR355495,<trap_street>_<chill>_<aggressive>
15,TR736423,<reflection_life>_<chill>_<clean>
16,TR718221,<rap_identity>_<chill>_<clean>
17,TR181361,<trap_street>_<chill>_<clean>
18,TR950471,<trap_street>_<unknown>_<clean>
19,TR562453,<love_poetic>_<chill>_<clean>
20,TR851752,<trap_street>_<chill>_<clean>
21,TR387150,<trap_street>_<hard>_<clean>
22,TR968851,<trap_street>_<hard>_<aggressive>
23,TR634516,<trap_street>_<chill>_<street>
24,TR292151,<trap_street>_<unknown>_<street>
25,TR709513,<rap_identity>_<chill>_<street>
26,TR804827,<trap_street>_<unknown>_<street>
27,TR889630,<spanish>_<hard>_<street>
28,TR701720,<trap_street>_<unknown>_<street>
29,TR933222,<trap_street>_<hard>_<aggressive>
30,TR242610,<trap_street>_<unknown>_<clean>
31,TR383343,<trap_street>_<unknown>_<street>
32,TR127960,<trap_street>_<chill>_<aggressive>
33,TR792261,<trap_street>_<hard>_<street>
34,TR692137,<trap_street>_<chill>_<street>
35,TR344681,<english_pop_trap>_<unknown>_<street>
36,TR945862,<trap_street>_<hard>_<street>
37,TR266736,<trap_street>_<chill>_<aggressive>
38,TR972244,<love_poetic>_<chill>_<clean>
39,TR998208,<trap_street>_<unknown>_<clean>
40,TR628388,<trap_street>_<hard>_<aggressive>
41,TR885356,<trap_street>_<chill>_<aggressive>
42,TR614930,<spanish>_<chill>_<aggressive>
43,TR227001,<rap_identity>_<unknown>_<aggressive>
44,TR715264,<reflection_life>_<chill>_<street>
45,TR281299,<trap_street>_<chill>_<street>
46,TR219098,<trap_street>_<unknown>_<clean>
47,TR553749,<trap_street>_<chill>_<aggressive>
48,TR573924,<love_poetic>_<unknown>_<clean>
49,TR225367,<trap_street>_<chill>_<street>
50,TR618229,<trap_street>_<unknown>_<street>
51,TR792145,<love_poetic>_<chill>_<clean>
52,TR578432,<trap_street>_<chill>_<aggressive>
53,TR353097,<love_poetic>_<unknown>_<aggressive>
54,TR904495,<trap_street>_<unknown>_<aggressive>
55,TR990916,<trap_street>_<unknown>_<aggressive>
56,TR600518,<trap_street>_<unknown>_<street>
57,TR127605,<rap_identity>_<unknown>_<street>
58,TR292829,<english_pop_trap>_<hard>_<street>
59,TR440692,<reflection_life>_<unknown>_<clean>
60,TR141416,<love_poetic>_<unknown>_<street>
61,TR697931,<trap_street>_<chill>_<aggressive>
62,TR406572,<reflection_life>_<unknown>_<clean>
63,TR738305,<love_poetic>_<unknown>_<clean>
64,TR842844,<reflection_life>_<unknown>_<clean>
65,TR828673,<english_pop_trap>_<unknown>_<clean>
66,TR568257,<reflection_life>_<chill>_<clean>
67,TR264304,<trap_street>_<chill>_<aggressive>
68,TR928912,<reflection_life>_<chill>_<clean>
69,TR418448,<trap_street>_<unknown>_<clean>
70,TR756639,<trap_street>_<chill>_<street>
71,TR639324,<trap_street>_<hard>_<clean>
72,TR990354,<trap_street>_<hard>_<aggressive>
73,TR301160,<love_poetic>_<chill>_<clean>
74,TR957619,<reflection_life>_<hard>_<clean>
75,TR334229,<rap_identity>_<unknown>_<clean>
76,TR610853,<rap_identity>_<chill>_<street>
77,TR418321,<trap_street>_<hard>_<clean>
78,TR598542,<reflection_life>_<unknown>_<clean>
79,TR604553,<trap_street>_<chill>_<clean>
80,TR402240,<reflection_life>_<hard>_<street>
81,TR762108,<trap_street>_<hard>_<clean>
82,TR513758,<reflection_life>_<unknown>_<clean>
83,TR694274,<trap_street>_<unknown>_<clean>
84,TR740353,<rap_identity>_<chill>_<clean>
85,TR158456,<rap_identity>_<unknown>_<clean>
86,TR414877,<rap_identity>_<unknown>_<street>
87,TR716390,<reflection_life>_<hard>_<clean>
88,TR175544,<love_poetic>_<chill>_<clean>
89,TR410236,<reflection_life>_<chill>_<clean>
90,TR393223,<trap_street>_<hard>_<clean>
91,TR953299,<reflection_life>_<chill>_<clean>
92,TR932620,<reflection_life>_<chill>_<clean>
93,TR109484,<rap_identity>_<hard>_<clean>
94,TR206218,<reflection_life>_<unknown>_<aggressive>
95,TR499439,<reflection_life>_<hard>_<clean>
96,TR931906,<love_poetic>_<unknown>_<clean>
97,TR247496,<love_poetic>_<hard>_<clean>
98,TR332893,<trap_street>_<hard>_<aggressive>
99,TR412109,<trap_street>_<hard>_<clean>
100,TR862027,<reflection_life>_<chill>_<clean>
101,TR978323,<rap_identity>_<unknown>_<clean>
102,TR986603,<love_poetic>_<hard>_<clean>
103,TR981336,<reflection_life>_<hard>_<clean>
104,TR882413,<rap_identity>_<unknown>_<clean>
105,TR865293,<love_poetic>_<hard>_<clean>
106,TR161081,<reflection_life>_<hard>_<clean>
107,TR849919,<rap_identity>_<hard>_<clean>
108,TR248283,<reflection_life>_<chill>_<clean>
109,TR583467,<reflection_life>_<unknown>_<clean>
110,TR880811,<love_poetic>_<unknown>_<clean>
111,TR760728,<rap_identity>_<unknown>_<clean>
112,TR818256,<reflection_life>_<unknown>_<clean>
113,TR753802,<reflection_life>_<chill>_<clean>
114,TR700625,<love_poetic>_<hard>_<clean>
115,TR572871,<reflection_life>_<hard>_<street>
116,TR968680,<love_poetic>_<hard>_<clean>
117,TR649979,<reflection_life>_<hard>_<clean>
118,TR165253,<reflection_life>_<chill>_<clean>
119,TR292193,<rap_identity>_<hard>_<street>
120,TR473749,<reflection_life>_<unknown>_<clean>
121,TR976686,<love_poetic>_<unknown>_<clean>
122,TR714214,<love_poetic>_<energetic>_<clean>
123,TR559676,<rap_identity>_<unknown>_<clean>
124,TR475374,<reflection_life>_<chill>_<clean>
125,TR435397,<reflection_life>_<unknown>_<clean>
126,TR710367,<love_poetic>_<chill>_<clean>
127,TR808461,<reflection_life>_<chill>_<clean>
128,TR262231,<love_poetic>_<chill>_<clean>
129,TR829366,<trap_street>_<hard>_<clean>
130,TR281032,<love_poetic>_<chill>_<clean>
131,TR133325,<love_poetic>_<chill>_<clean>
132,TR503086,<reflection_life>_<unknown>_<clean>
133,TR620919,<reflection_life>_<chill>_<clean>
134,TR676249,<love_poetic>_<chill>_<clean>
135,TR221376,<reflection_life>_<chill>_<clean>
136,TR919426,<reflection_life>_<chill>_<clean>
137,TR662919,<reflection_life>_<unknown>_<clean>
138,TR206262,<love_poetic>_<chill>_<clean>
139,TR705644,<reflection_life>_<chill>_<clean>
140,TR150283,<love_poetic>_<chill>_<clean>
141,TR436647,<reflection_life>_<unknown>_<clean>
142,TR230274,<love_poetic>_<chill>_<clean>
143,TR219425,<reflection_life>_<unknown>_<clean>
144,TR696636,<love_poetic>_<unknown>_<clean>
145,TR745117,<love_poetic>_<chill>_<clean>
146,TR366281,<reflection_life>_<chill>_<clean>
147,TR135965,<love_poetic>_<chill>_<clean>
148,TR597783,<love_poetic>_<unknown>_<clean>
149,TR658447,<reflection_life>_<chill>_<clean>
150,TR964144,<reflection_life>_<unknown>_<clean>
151,TR985469,<reflection_life>_<unknown>_<clean>
152,TR571032,<trap_street>_<chill>_<aggressive>
153,TR116485,<love_poetic>_<hard>_<clean>
154,TR273220,<love_poetic>_<chill>_<clean>
155,TR649186,<reflection_life>_<unknown>_<clean>
156,TR922267,<love_poetic>_<chill>_<clean>
157,TR594999,<love_poetic>_<unknown>_<clean>
158,TR615864,<reflection_life>_<unknown>_<clean>
159,TR405125,<reflection_life>_<unknown>_<clean>
160,TR531651,<reflection_life>_<chill>_<clean>
161,TR724566,<love_poetic>_<chill>_<clean>
162,TR178424,<reflection_life>_<unknown>_<clean>
163,TR403917,<english_pop_trap>_<chill>_<clean>
164,TR362368,<love_poetic>_<chill>_<clean>
165,TR378408,<love_poetic>_<chill>_<clean>
166,TR557926,<love_poetic>_<chill>_<clean>
167,TR738175,<love_poetic>_<chill>_<clean>
168,TR628261,<love_poetic>_<chill>_<clean>
169,TR338658,<love_poetic>_<unknown>_<clean>
170,TR810734,<love_poetic>_<chill>_<clean>
171,TR152109,<love_poetic>_<unknown>_<clean>
172,TR453559,<reflection_life>_<chill>_<clean>
173,TR128271,<reflection_life>_<unknown>_<clean>
174,TR439223,<reflection_life>_<unknown>_<clean>
175,TR723224,<rap_identity>_<unknown>_<clean>
176,TR708813,<reflection_life>_<unknown>_<clean>
177,TR611871,<rap_identity>_<unknown>_<clean>
178,TR805380,<reflection_life>_<chill>_<clean>
179,TR417231,<love_poetic>_<unknown>_<clean>
180,TR940611,<love_poetic>_<unknown>_<clean>
181,TR191602,<rap_identity>_<unknown>_<clean>
182,TR305190,<reflection_life>_<chill>_<clean>
183,TR386205,<reflection_life>_<chill>_<clean>
184,TR467224,<reflection_life>_<unknown>_<clean>
185,TR791800,<trap_street>_<chill>_<street>
186,TR289284,<reflection_life>_<chill>_<clean>
187,TR679064,<rap_identity>_<chill>_<clean>
188,TR839898,<love_poetic>_<unknown>_<clean>
189,TR711443,<reflection_life>_<unknown>_<clean>
190,TR435903,<love_poetic>_<hard>_<clean>
191,TR950311,<rap_identity>_<hard>_<aggressive>
192,TR747206,<reflection_life>_<unknown>_<clean>
193,TR454956,<reflection_life>_<unknown>_<clean>
194,TR369830,<love_poetic>_<chill>_<clean>
195,TR494201,<love_poetic>_<unknown>_<clean>
196,TR968269,<reflection_life>_<chill>_<clean>
197,TR450760,<love_poetic>_<unknown>_<street>
198,TR420842,<trap_street>_<unknown>_<clean>
199,TR898853,<reflection_life>_<hard>_<clean>
200,TR450958,<trap_street>_<chill>_<street>
201,TR388875,<trap_street>_<chill>_<clean>
202,TR207006,<trap_street>_<chill>_<clean>
203,TR372798,<love_poetic>_<unknown>_<clean>
204,TR553511,<trap_street>_<chill>_<clean>
205,TR907857,<english_pop_trap>_<hard>_<street>
206,TR304202,<reflection_life>_<hard>_<clean>
207,TR157424,<trap_street>_<chill>_<clean>
208,TR870865,<trap_street>_<unknown>_<clean>
209,TR512282,<trap_street>_<unknown>_<aggressive>
210,TR996368,<trap_street>_<chill>_<aggressive>
211,TR101689,<trap_street>_<hard>_<aggressive>
212,TR324938,<trap_street>_<chill>_<aggressive>
213,TR441659,<trap_street>_<unknown>_<street>
214,TR206084,<trap_street>_<chill>_<aggressive>
215,TR387722,<reflection_life>_<chill>_<street>
216,TR995900,<reflection_life>_<unknown>_<clean>
217,TR211441,<spanish>_<chill>_<clean>
218,TR157006,<trap_street>_<chill>_<clean>
219,TR324713,<trap_street>_<hard>_<aggressive>
220,TR828958,<trap_street>_<chill>_<aggressive>
221,TR457949,<reflection_life>_<hard>_<clean>
222,TR565019,<trap_street>_<unknown>_<clean>
223,TR811171,<english_pop_trap>_<chill>_<clean>
224,TR953250,<reflection_life>_<chill>_<clean>
225,TR822203,<love_poetic>_<chill>_<clean>
226,TR744938,<english_pop_trap>_<chill>_<clean>
227,TR397308,<reflection_life>_<chill>_<clean>
228,TR694598,<english_pop_trap>_<unknown>_<clean>
229,TR667342,<reflection_life>_<hard>_<clean>
230,TR673689,<reflection_life>_<hard>_<clean>
231,TR212338,<love_poetic>_<chill>_<clean>
232,TR743707,<reflection_life>_<unknown>_<clean>
233,TR612337,<reflection_life>_<unknown>_<clean>
234,TR994495,<trap_street>_<hard>_<clean>
235,TR372774,<reflection_life>_<chill>_<clean>
236,TR257728,<trap_street>_<chill>_<clean>
237,TR488821,<trap_street>_<chill>_<clean>
238,TR993112,<reflection_life>_<hard>_<clean>
239,TR341799,<reflection_life>_<chill>_<clean>
240,TR444969,<love_poetic>_<chill>_<clean>
241,TR827502,<trap_street>_<hard>_<street>
242,TR674291,<reflection_life>_<hard>_<aggressive>
243,TR479694,<love_poetic>_<unknown>_<clean>
244,TR690670,<reflection_life>_<unknown>_<clean>
245,TR652752,<english_pop_trap>_<hard>_<clean>
246,TR708360,<reflection_life>_<hard>_<clean>
247,TR584013,<trap_street>_<chill>_<street>
248,TR125573,<english_pop_trap>_<chill>_<clean>
249,TR241944,<reflection_life>_<unknown>_<clean>
250,TR753977,<trap_street>_<chill>_<clean>
251,TR807338,<rap_identity>_<hard>_<aggressive>
252,TR202937,<reflection_life>_<chill>_<clean>
253,TR106485,<rap_identity>_<unknown>_<clean>
254,TR210154,<love_poetic>_<hard>_<aggressive>
255,TR348646,<rap_identity>_<hard>_<aggressive>
256,TR460325,<trap_street>_<hard>_<clean>
257,TR557093,<spanish>_<hard>_<street>
258,TR937881,<trap_street>_<unknown>_<aggressive>
259,TR743448,<reflection_life>_<hard>_<street>
260,TR480687,<trap_street>_<unknown>_<clean>
261,TR372255,<rap_identity>_<hard>_<street>
262,TR440199,<rap_identity>_<unknown>_<clean>
263,TR121015,<trap_street>_<hard>_<street>
264,TR865487,<trap_street>_<unknown>_<street>
265,TR725416,<trap_street>_<hard>_<aggressive>
266,TR481273,<trap_street>_<chill>_<street>
267,TR732986,<trap_street>_<chill>_<street>
268,TR120883,<reflection_life>_<unknown>_<clean>
269,TR511380,<love_poetic>_<unknown>_<clean>
270,TR350878,<english_pop_trap>_<unknown>_<clean>
271,TR926861,<reflection_life>_<chill>_<street>
272,TR834217,<trap_street>_<unknown>_<clean>
273,TR264646,<trap_street>_<unknown>_<clean>
274,TR663153,<rap_identity>_<hard>_<clean>
275,TR525648,<english_pop_trap>_<unknown>_<clean>
276,TR815514,<love_poetic>_<hard>_<clean>
277,TR735016,<reflection_life>_<hard>_<clean>
278,TR114966,<trap_street>_<unknown>_<aggressive>
279,TR720005,<trap_street>_<hard>_<street>
280,TR993674,<trap_street>_<unknown>_<clean>
281,TR847020,<trap_street>_<chill>_<street>
282,TR514907,<english_pop_trap>_<hard>_<clean>
283,TR416240,<reflection_life>_<hard>_<street>
284,TR358391,<english_pop_trap>_<unknown>_<clean>
285,TR731743,<english_pop_trap>_<hard>_<clean>
286,TR936795,<trap_street>_<chill>_<clean>
287,TR466375,<english_pop_trap>_<unknown>_<clean>
288,TR975063,<reflection_life>_<unknown>_<street>
289,TR907194,<rap_identity>_<hard>_<clean>
290,TR611312,<trap_street>_<hard>_<aggressive>
291,TR972668,<trap_street>_<chill>_<aggressive>
292,TR416283,<english_pop_trap>_<hard>_<clean>
293,TR745980,<trap_street>_<chill>_<aggressive>
294,TR676899,<love_poetic>_<energetic>_<clean>
295,TR266226,<trap_street>_<hard>_<clean>
296,TR238386,<trap_street>_<unknown>_<clean>
297,TR601663,<english_pop_trap>_<unknown>_<clean>
298,TR461343,<trap_street>_<unknown>_<clean>
299,TR375560,<love_poetic>_<unknown>_<clean>
300,TR737119,<dialect_rap>_<chill>_<clean>
301,TR121673,<dialect_rap>_<hard>_<clean>
302,TR497292,<dialect_rap>_<chill>_<clean>
303,TR864686,<dialect_rap>_<hard>_<clean>
304,TR594886,<dialect_rap>_<chill>_<clean>
305,TR986430,<dialect_rap>_<hard>_<street>
306,TR230593,<dialect_rap>_<hard>_<clean>
307,TR654230,<dialect_rap>_<hard>_<clean>
308,TR192580,<dialect_rap>_<hard>_<clean>
309,TR153838,<dialect_rap>_<hard>_<clean>
310,TR187151,<dialect_rap>_<chill>_<clean>
311,TR327917,<dialect_rap>_<unknown>_<clean>
312,TR973655,<dialect_rap>_<hard>_<clean>
313,TR758411,<dialect_rap>_<unknown>_<clean>
314,TR627041,<dialect_rap>_<hard>_<clean>
315,TR865433,<dialect_rap>_<hard>_<aggressive>
316,TR694732,<dialect_rap>_<chill>_<clean>
317,TR629470,<dialect_rap>_<hard>_<aggressive>
318,TR640824,<dialect_rap>_<unknown>_<aggressive>
319,TR143161,<dialect_rap>_<hard>_<clean>
320,TR446988,<dialect_rap>_<unknown>_<aggressive>
321,TR374285,<dialect_rap>_<hard>_<clean>
322,TR678543,<english_pop_trap>_<chill>_<clean>
323,TR501409,<trap_street>_<chill>_<clean>
324,TR907775,<reflection_life>_<unknown>_<clean>
325,TR113434,<rap_identity>_<hard>_<street>
326,TR946838,<rap_identity>_<chill>_<clean>
327,TR932036,<reflection_life>_<chill>_<clean>
328,TR812690,<rap_identity>_<unknown>_<clean>
329,TR255598,<trap_street>_<unknown>_<clean>
330,TR830773,<reflection_life>_<chill>_<clean>
331,TR930078,<trap_street>_<hard>_<clean>
332,TR963090,<trap_street>_<hard>_<clean>
333,TR578122,<trap_street>_<hard>_<street>
334,TR933715,<trap_street>_<hard>_<clean>
335,TR694879,<rap_identity>_<hard>_<street>
336,TR721579,<trap_street>_<hard>_<clean>
337,TR580342,<love_poetic>_<chill>_<clean>
338,TR786668,<trap_street>_<hard>_<clean>
339,TR678962,<trap_street>_<hard>_<clean>
340,TR208409,<trap_street>_<unknown>_<clean>
341,TR949520,<trap_street>_<unknown>_<street>
342,TR398315,<trap_street>_<hard>_<clean>
343,TR635953,<trap_street>_<hard>_<street>
344,TR142384,<reflection_life>_<chill>_<clean>
345,TR772603,<trap_street>_<chill>_<clean>
346,TR230478,<rap_identity>_<hard>_<clean>
347,TR520250,<spanish>_<hard>_<clean>
348,TR198630,<trap_street>_<hard>_<clean>
349,TR319135,<love_poetic>_<chill>_<clean>
350,TR343382,<dialect_rap>_<hard>_<clean>
351,TR253376,<love_poetic>_<chill>_<clean>
352,TR318541,<trap_street>_<chill>_<clean>
353,TR936261,<trap_street>_<hard>_<street>
354,TR891506,<love_poetic>_<chill>_<clean>
355,TR534083,<trap_street>_<unknown>_<clean>
356,TR765270,<trap_street>_<chill>_<clean>
357,TR936150,<love_poetic>_<hard>_<clean>
358,TR863566,<love_poetic>_<unknown>_<clean>
359,TR388378,<trap_street>_<hard>_<clean>
360,TR566076,<trap_street>_<chill>_<clean>
361,TR609656,<love_poetic>_<unknown>_<clean>
362,TR213067,<trap_street>_<hard>_<street>
363,TR587870,<reflection_life>_<chill>_<clean>
364,TR270089,<love_poetic>_<hard>_<clean>
365,TR663447,<reflection_life>_<chill>_<clean>
366,TR248150,<trap_street>_<unknown>_<clean>
367,TR859902,<dialect_rap>_<hard>_<clean>
368,TR278430,<reflection_life>_<chill>_<clean>
369,TR960797,<rap_identity>_<chill>_<clean>
370,TR843415,<reflection_life>_<hard>_<street>
371,TR288384,<trap_street>_<hard>_<clean>
372,TR216323,<rap_identity>_<hard>_<street>
373,TR525338,<trap_street>_<hard>_<street>
374,TR878274,<rap_identity>_<unknown>_<clean>
375,TR440214,<reflection_life>_<hard>_<clean>
376,TR685574,<trap_street>_<chill>_<clean>
377,TR245117,<trap_street>_<unknown>_<clean>
378,TR862177,<reflection_life>_<unknown>_<clean>
379,TR994099,<trap_street>_<chill>_<clean>
380,TR138549,<trap_street>_<hard>_<clean>
381,TR307970,<reflection_life>_<chill>_<clean>
382,TR376023,<rap_identity>_<hard>_<aggressive>
383,TR680065,<trap_street>_<hard>_<clean>
384,TR472894,<rap_identity>_<hard>_<clean>
385,TR538180,<english_pop_trap>_<hard>_<street>
386,TR469953,<trap_street>_<chill>_<clean>
387,TR801615,<trap_street>_<hard>_<clean>
388,TR791489,<reflection_life>_<hard>_<clean>
389,TR817962,<reflection_life>_<hard>_<clean>
390,TR971533,<reflection_life>_<hard>_<clean>
391,TR910973,<love_poetic>_<unknown>_<clean>
392,TR337843,<english_pop_trap>_<chill>_<street>
393,TR454186,<trap_street>_<chill>_<clean>
394,TR855044,<love_poetic>_<chill>_<clean>
395,TR686116,<trap_street>_<unknown>_<clean>
396,TR251021,<trap_street>_<hard>_<street>
397,TR281060,<reflection_life>_<hard>_<street>
398,TR770458,<trap_street>_<hard>_<clean>
399,TR624333,<trap_street>_<hard>_<clean>
400,TR145430,<reflection_life>_<hard>_<clean>
401,TR528672,<trap_street>_<chill>_<clean>
402,TR890122,<trap_street>_<unknown>_<clean>
403,TR200936,<trap_street>_<chill>_<clean>
404,TR115744,<rap_identity>_<hard>_<clean>
405,TR814815,<trap_street>_<hard>_<clean>
406,TR349937,<trap_street>_<unknown>_<clean>
407,TR525771,<trap_street>_<hard>_<clean>
408,TR412129,<rap_identity>_<hard>_<street>
409,TR289233,<reflection_life>_<unknown>_<clean>
410,TR945750,<trap_street>_<unknown>_<clean>
411,TR791377,<trap_street>_<unknown>_<clean>
412,TR606950,<trap_street>_<hard>_<clean>
413,TR155914,<rap_identity>_<chill>_<street>
414,TR521587,<trap_street>_<hard>_<street>
415,TR293124,<trap_street>_<unknown>_<street>
416,TR661605,<rap_identity>_<chill>_<clean>
417,TR660076,<trap_street>_<unknown>_<clean>
418,TR214362,<reflection_life>_<chill>_<clean>
419,TR369777,<rap_identity>_<hard>_<clean>
420,TR236358,<trap_street>_<unknown>_<clean>
421,TR606025,<rap_identity>_<unknown>_<clean>
422,TR740132,<trap_street>_<unknown>_<clean>
423,TR466976,<reflection_life>_<chill>_<clean>
424,TR446701,<trap_street>_<hard>_<clean>
425,TR420178,<trap_street>_<unknown>_<clean>
426,TR540787,<rap_identity>_<unknown>_<clean>
427,TR892361,<trap_street>_<hard>_<clean>
428,TR309027,<love_poetic>_<unknown>_<clean>
429,TR368629,<trap_street>_<unknown>_<clean>
430,TR826767,<trap_street>_<hard>_<street>
431,TR505501,<spanish>_<hard>_<clean>
432,TR199770,<trap_street>_<hard>_<clean>
433,TR145619,<rap_identity>_<chill>_<clean>
434,TR472675,<trap_street>_<hard>_<street>
435,TR990546,<reflection_life>_<unknown>_<clean>
436,TR235108,<trap_street>_<unknown>_<clean>
437,TR720383,<rap_identity>_<hard>_<aggressive>
438,TR423080,<rap_identity>_<unknown>_<street>
439,TR702473,<reflection_life>_<unknown>_<clean>
440,TR180163,<trap_street>_<unknown>_<clean>
441,TR606841,<reflection_life>_<unknown>_<clean>
442,TR677289,<reflection_life>_<chill>_<clean>
443,TR381191,<trap_street>_<hard>_<clean>
444,TR897851,<rap_identity>_<unknown>_<street>
445,TR624317,<trap_street>_<unknown>_<clean>
446,TR709785,<love_poetic>_<unknown>_<clean>
447,TR348515,<rap_identity>_<chill>_<street>
448,TR575528,<love_poetic>_<unknown>_<clean>
449,TR745650,<rap_identity>_<hard>_<street>
450,TR843067,<trap_street>_<unknown>_<street>
451,TR486985,<rap_identity>_<chill>_<street>
452,TR235741,<rap_identity>_<unknown>_<street>
453,TR169398,<rap_identity>_<chill>_<clean>
454,TR175046,<trap_street>_<chill>_<clean>
455,TR674810,<rap_identity>_<hard>_<aggressive>
456,TR434190,<rap_identity>_<unknown>_<aggressive>
457,TR353123,<rap_identity>_<hard>_<aggressive>
458,TR300396,<rap_identity>_<hard>_<clean>
459,TR686352,<rap_identity>_<chill>_<street>
460,TR250749,<rap_identity>_<hard>_<aggressive>
461,TR489812,<rap_identity>_<chill>_<aggressive>
462,TR880012,<rap_identity>_<hard>_<clean>
463,TR199593,<rap_identity>_<chill>_<street>
464,TR969235,<rap_identity>_<hard>_<street>
465,TR159777,<rap_identity>_<unknown>_<street>
466,TR338808,<rap_identity>_<unknown>_<clean>
467,TR335051,<trap_street>_<unknown>_<clean>
468,TR968331,<rap_identity>_<unknown>_<street>
469,TR877622,<reflection_life>_<chill>_<clean>
470,TR608701,<trap_street>_<unknown>_<aggressive>
471,TR906945,<rap_identity>_<chill>_<clean>
472,TR874534,<rap_identity>_<unknown>_<street>
473,TR342901,<english_pop_trap>_<chill>_<street>
474,TR219939,<rap_identity>_<chill>_<street>
475,TR156888,<rap_identity>_<hard>_<street>
476,TR721078,<rap_identity>_<chill>_<clean>
477,TR764006,<rap_identity>_<hard>_<clean>
478,TR600237,<rap_identity>_<chill>_<street>
479,TR122231,<rap_identity>_<chill>_<street>
480,TR867407,<rap_identity>_<chill>_<street>
481,TR235284,<rap_identity>_<chill>_<street>
482,TR172949,<rap_identity>_<chill>_<street>
483,TR972680,<reflection_life>_<unknown>_<street>
484,TR735612,<rap_identity>_<hard>_<street>
485,TR408444,<rap_identity>_<chill>_<clean>
486,TR829574,<reflection_life>_<unknown>_<clean>
487,TR202956,<rap_identity>_<chill>_<aggressive>
488,TR761369,<love_poetic>_<unknown>_<clean>
489,TR626180,<reflection_life>_<unknown>_<clean>
490,TR118050,<reflection_life>_<unknown>_<clean>
491,TR955852,<reflection_life>_<unknown>_<clean>
492,TR868282,<rap_identity>_<unknown>_<clean>
493,TR882665,<reflection_life>_<unknown>_<clean>
494,TR981574,<trap_street>_<chill>_<clean>
495,TR502500,<love_poetic>_<chill>_<clean>
496,TR789566,<reflection_life>_<chill>_<street>
497,TR328160,<rap_identity>_<chill>_<clean>
498,TR361371,<trap_street>_<chill>_<clean>
499,TR213686,<reflection_life>_<chill>_<clean>
500,TR293998,<trap_street>_<chill>_<clean>
501,TR387698,<love_poetic>_<chill>_<clean>
502,TR483602,<love_poetic>_<chill>_<clean>
503,TR850374,<trap_street>_<chill>_<clean>
504,TR324280,<rap_identity>_<chill>_<aggressive>
505,TR880184,<reflection_life>_<chill>_<clean>
506,TR750777,<reflection_life>_<chill>_<clean>
507,TR615664,<rap_identity>_<hard>_<street>
508,TR116342,<love_poetic>_<chill>_<clean>
509,TR160281,<rap_identity>_<chill>_<clean>
510,TR260830,<reflection_life>_<unknown>_<clean>
511,TR462970,<rap_identity>_<hard>_<clean>
512,TR312583,<rap_identity>_<hard>_<clean>
513,TR359770,<reflection_life>_<chill>_<clean>
514,TR435296,<rap_identity>_<chill>_<clean>
515,TR441529,<love_poetic>_<hard>_<clean>
516,TR924314,<rap_identity>_<chill>_<street>
517,TR508083,<love_poetic>_<chill>_<clean>
518,TR174246,<rap_identity>_<chill>_<clean>
519,TR390260,<rap_identity>_<chill>_<street>
520,TR930049,<rap_identity>_<chill>_<clean>
521,TR669513,<rap_identity>_<hard>_<street>
522,TR332147,<rap_identity>_<chill>_<street>
523,TR424505,<reflection_life>_<unknown>_<clean>
524,TR599912,<reflection_life>_<hard>_<clean>
525,TR352863,<rap_identity>_<chill>_<street>
526,TR885477,<rap_identity>_<chill>_<clean>
527,TR230197,<trap_street>_<chill>_<clean>
528,TR613529,<trap_street>_<unknown>_<clean>
529,TR654832,<rap_identity>_<hard>_<aggressive>
530,TR846842,<love_poetic>_<unknown>_<clean>
531,TR918719,<rap_identity>_<chill>_<clean>
532,TR629680,<rap_identity>_<hard>_<street>
533,TR651064,<love_poetic>_<hard>_<clean>
534,TR476769,<rap_identity>_<hard>_<clean>
535,TR203953,<reflection_life>_<unknown>_<clean>
536,TR634970,<rap_identity>_<chill>_<street>
537,TR603559,<rap_identity>_<hard>_<street>
538,TR774517,<rap_identity>_<hard>_<street>
539,TR648772,<love_poetic>_<chill>_<clean>
540,TR362754,<rap_identity>_<hard>_<aggressive>
541,TR311504,<rap_identity>_<chill>_<clean>
542,TR200538,<rap_identity>_<hard>_<street>
543,TR253362,<rap_identity>_<hard>_<street>
544,TR242222,<reflection_life>_<chill>_<clean>
545,TR708193,<trap_street>_<hard>_<aggressive>
546,TR736370,<rap_identity>_<chill>_<clean>
547,TR590421,<rap_identity>_<chill>_<street>
548,TR937829,<love_poetic>_<hard>_<street>
549,TR313217,<rap_identity>_<hard>_<clean>
550,TR790379,<rap_identity>_<chill>_<clean>
551,TR377582,<trap_street>_<chill>_<aggressive>
552,TR168818,<rap_identity>_<hard>_<clean>
553,TR205707,<reflection_life>_<chill>_<clean>
554,TR251649,<trap_street>_<hard>_<street>
555,TR826075,<english_pop_trap>_<hard>_<aggressive>
556,TR391277,<reflection_life>_<hard>_<street>
557,TR497887,<trap_street>_<unknown>_<street>
558,TR333971,<rap_identity>_<chill>_<clean>
559,TR152555,<rap_identity>_<hard>_<clean>
560,TR307629,<trap_street>_<chill>_<clean>
561,TR169358,<reflection_life>_<chill>_<clean>
562,TR807540,<rap_identity>_<hard>_<clean>
563,TR291683,<reflection_life>_<chill>_<clean>
564,TR219268,<rap_identity>_<hard>_<street>
565,TR885258,<rap_identity>_<chill>_<clean>
566,TR980421,<reflection_life>_<hard>_<clean>
567,TR616238,<trap_street>_<unknown>_<clean>
568,TR870662,<rap_identity>_<chill>_<clean>
569,TR477762,<reflection_life>_<hard>_<street>
570,TR230529,<rap_identity>_<chill>_<clean>
571,TR581468,<reflection_life>_<hard>_<clean>
572,TR430094,<rap_identity>_<hard>_<street>
573,TR984085,<reflection_life>_<hard>_<clean>
574,TR256730,<reflection_life>_<chill>_<street>
575,TR985127,<love_poetic>_<chill>_<clean>
576,TR136090,<rap_identity>_<chill>_<street>
577,TR913661,<reflection_life>_<hard>_<street>
578,TR954666,<reflection_life>_<chill>_<clean>
579,TR627327,<love_poetic>_<hard>_<clean>
580,TR472127,<reflection_life>_<chill>_<clean>
581,TR514062,<rap_identity>_<chill>_<street>
582,TR332566,<trap_street>_<chill>_<street>
583,TR343818,<trap_street>_<chill>_<street>
584,TR399565,<rap_identity>_<chill>_<clean>
585,TR641854,<reflection_life>_<unknown>_<clean>
586,TR309044,<rap_identity>_<hard>_<clean>
587,TR887819,<rap_identity>_<hard>_<clean>
588,TR629047,<rap_identity>_<chill>_<aggressive>
589,TR579101,<rap_identity>_<hard>_<clean>
590,TR253080,<love_poetic>_<unknown>_<clean>
591,TR610553,<love_poetic>_<unknown>_<clean>
592,TR570715,<reflection_life>_<unknown>_<clean>
593,TR596415,<rap_identity>_<chill>_<street>
594,TR502290,<love_poetic>_<chill>_<clean>
595,TR976328,<rap_identity>_<chill>_<clean>
596,TR425526,<love_poetic>_<unknown>_<clean>
597,TR157124,<rap_identity>_<hard>_<clean>
598,TR516579,<rap_identity>_<hard>_<clean>
599,TR210856,<trap_street>_<chill>_<street>
600,TR443902,<rap_identity>_<chill>_<clean>
601,TR980497,<reflection_life>_<unknown>_<clean>
602,TR279695,<rap_identity>_<hard>_<clean>
603,TR168460,<rap_identity>_<hard>_<clean>
604,TR587721,<rap_identity>_<hard>_<street>
605,TR551149,<english_pop_trap>_<hard>_<street>
606,TR457411,<rap_identity>_<chill>_<street>
607,TR282769,<english_pop_trap>_<hard>_<clean>
608,TR860226,<rap_identity>_<chill>_<clean>
609,TR833459,<rap_identity>_<hard>_<street>
610,TR232110,<love_poetic>_<chill>_<clean>
611,TR814937,<rap_identity>_<chill>_<clean>
612,TR685706,<reflection_life>_<chill>_<street>
613,TR798988,<love_poetic>_<hard>_<clean>
614,TR858129,<english_pop_trap>_<chill>_<aggressive>
615,TR641073,<trap_street>_<unknown>_<clean>
616,TR817897,<reflection_life>_<hard>_<clean>
617,TR142333,<rap_identity>_<hard>_<aggressive>
618,TR570962,<rap_identity>_<hard>_<street>
619,TR167458,<rap_identity>_<hard>_<aggressive>
620,TR828210,<love_poetic>_<hard>_<clean>
621,TR761374,<rap_identity>_<hard>_<clean>
622,TR273271,<rap_identity>_<chill>_<clean>
623,TR164505,<rap_identity>_<hard>_<street>
624,TR239033,<rap_identity>_<hard>_<clean>
625,TR930622,<english_pop_trap>_<chill>_<clean>
626,TR654363,<love_poetic>_<chill>_<clean>
627,TR642387,<rap_identity>_<hard>_<street>
628,TR721581,<rap_identity>_<hard>_<clean>
629,TR592577,<rap_identity>_<chill>_<clean>
630,TR342089,<reflection_life>_<hard>_<clean>
631,TR753814,<rap_identity>_<chill>_<clean>
632,TR845273,<rap_identity>_<hard>_<street>
633,TR170640,<love_poetic>_<hard>_<clean>
634,TR524458,<love_poetic>_<hard>_<clean>
635,TR646149,<rap_identity>_<chill>_<clean>
636,TR813942,<rap_identity>_<hard>_<street>
637,TR854840,<rap_identity>_<chill>_<clean>
638,TR379580,<rap_identity>_<hard>_<clean>
639,TR546120,<spanish>_<unknown>_<clean>
640,TR196840,<rap_identity>_<hard>_<street>
641,TR600833,<rap_identity>_<hard>_<clean>
642,TR664272,<reflection_life>_<unknown>_<clean>
643,TR841253,<rap_identity>_<hard>_<clean>
644,TR773384,<rap_identity>_<hard>_<clean>
645,TR361077,<rap_identity>_<hard>_<clean>
646,TR316709,<rap_identity>_<chill>_<street>
647,TR987058,<rap_identity>_<unknown>_<clean>
648,TR588660,<rap_identity>_<hard>_<clean>
649,TR363999,<reflection_life>_<hard>_<clean>
650,TR629246,<rap_identity>_<hard>_<clean>
651,TR556899,<reflection_life>_<hard>_<clean>
652,TR977676,<rap_identity>_<hard>_<aggressive>
653,TR540322,<rap_identity>_<hard>_<aggressive>
654,TR445503,<rap_identity>_<chill>_<street>
655,TR890233,<rap_identity>_<chill>_<street>
656,TR278404,<rap_identity>_<chill>_<street>
657,TR627235,<rap_identity>_<chill>_<clean>
658,TR477378,<love_poetic>_<hard>_<clean>
659,TR213701,<rap_identity>_<hard>_<street>
660,TR634614,<reflection_life>_<chill>_<clean>
661,TR494544,<rap_identity>_<hard>_<street>
662,TR991112,<rap_identity>_<unknown>_<street>
663,TR830575,<rap_identity>_<unknown>_<clean>
664,TR971575,<rap_identity>_<chill>_<street>
665,TR490627,<rap_identity>_<chill>_<aggressive>
666,TR328380,<english_pop_trap>_<chill>_<aggressive>
667,TR640823,<rap_identity>_<chill>_<street>
668,TR929854,<rap_identity>_<chill>_<street>
669,TR522299,<love_poetic>_<chill>_<street>
670,TR883076,<rap_identity>_<chill>_<street>
671,TR742368,<love_poetic>_<chill>_<street>
672,TR784129,<rap_identity>_<hard>_<clean>
673,TR216683,<rap_identity>_<chill>_<clean>
674,TR770137,<rap_identity>_<chill>_<street>
675,TR761888,<reflection_life>_<unknown>_<clean>
676,TR458543,<rap_identity>_<unknown>_<clean>
677,TR323076,<rap_identity>_<hard>_<clean>
678,TR458139,<spanish>_<unknown>_<clean>
679,TR894419,<reflection_life>_<chill>_<clean>
680,TR743674,<english_pop_trap>_<hard>_<clean>
681,TR574185,<rap_identity>_<unknown>_<clean>
682,TR800445,<rap_identity>_<hard>_<clean>
683,TR192834,<love_poetic>_<unknown>_<clean>
684,TR283611,<reflection_life>_<unknown>_<clean>
685,TR169033,<english_pop_trap>_<unknown>_<clean>
686,TR544478,<reflection_life>_<unknown>_<clean>
687,TR527101,<rap_identity>_<hard>_<clean>
688,TR202541,<reflection_life>_<hard>_<clean>
689,TR607983,<reflection_life>_<chill>_<clean>
690,TR140970,<rap_identity>_<unknown>_<street>
691,TR437053,<reflection_life>_<unknown>_<clean>
692,TR581473,<english_pop_trap>_<chill>_<clean>
693,TR862349,<reflection_life>_<hard>_<clean>
694,TR145722,<rap_identity>_<hard>_<clean>
695,TR186918,<rap_identity>_<hard>_<clean>
696,TR988853,<reflection_life>_<unknown>_<clean>
697,TR869675,<reflection_life>_<hard>_<clean>
698,TR754884,<rap_identity>_<hard>_<clean>
699,TR892697,<reflection_life>_<unknown>_<clean>
700,TR490897,<trap_street>_<hard>_<clean>
701,TR934807,<rap_identity>_<hard>_<clean>
702,TR152578,<english_pop_trap>_<hard>_<clean>
703,TR823340,<english_pop_trap>_<chill>_<clean>
704,TR517220,<reflection_life>_<hard>_<clean>
705,TR210904,<reflection_life>_<hard>_<clean>
706,TR900732,<reflection_life>_<hard>_<clean>
707,TR255803,<rap_identity>_<hard>_<clean>
708,TR565835,<reflection_life>_<hard>_<clean>
709,TR987844,<reflection_life>_<unknown>_<clean>
710,TR406031,<english_pop_trap>_<unknown>_<clean>
711,TR928768,<rap_identity>_<chill>_<clean>
712,TR505184,<rap_identity>_<hard>_<clean>
713,TR109319,<english_pop_trap>_<hard>_<clean>
714,TR603906,<english_pop_trap>_<chill>_<clean>
715,TR151906,<english_pop_trap>_<chill>_<clean>
716,TR339271,<rap_identity>_<unknown>_<clean>
717,TR775710,<reflection_life>_<unknown>_<clean>
718,TR910692,<english_pop_trap>_<chill>_<clean>
719,TR404432,<reflection_life>_<hard>_<clean>
720,TR502373,<reflection_life>_<hard>_<clean>
721,TR221159,<reflection_life>_<chill>_<clean>
722,TR712954,<reflection_life>_<hard>_<street>
723,TR306781,<love_poetic>_<chill>_<clean>
724,TR798663,<rap_identity>_<unknown>_<clean>
725,TR913667,<reflection_life>_<hard>_<clean>
726,TR465783,<english_pop_trap>_<chill>_<clean>
727,TR964558,<reflection_life>_<chill>_<clean>
728,TR531963,<reflection_life>_<hard>_<clean>
729,TR638115,<rap_identity>_<unknown>_<clean>
730,TR195257,<reflection_life>_<chill>_<street>
731,TR780163,<reflection_life>_<chill>_<clean>
732,TR837894,<english_pop_trap>_<unknown>_<clean>
733,TR216088,<reflection_life>_<chill>_<clean>
734,TR557502,<english_pop_trap>_<chill>_<clean>
735,TR614284,<love_poetic>_<chill>_<clean>
736,TR931831,<rap_identity>_<chill>_<clean>
737,TR919537,<reflection_life>_<chill>_<street>
738,TR981253,<rap_identity>_<chill>_<clean>
739,TR982574,<reflection_life>_<chill>_<street>
740,TR350319,<reflection_life>_<hard>_<clean>
741,TR507534,<reflection_life>_<hard>_<clean>
742,TR670351,<love_poetic>_<hard>_<clean>
743,TR491076,<spanish>_<chill>_<clean>
744,TR225731,<love_poetic>_<hard>_<clean>
745,TR657289,<rap_identity>_<hard>_<clean>
746,TR434419,<love_poetic>_<hard>_<street>
747,TR991855,<english_pop_trap>_<hard>_<clean>
748,TR268955,<rap_identity>_<hard>_<clean>
749,TR713835,<reflection_life>_<chill>_<clean>
750,TR838933,<english_pop_trap>_<chill>_<clean>
751,TR341732,<english_pop_trap>_<unknown>_<clean>
752,TR678706,<rap_identity>_<chill>_<clean>
753,TR785394,<reflection_life>_<chill>_<clean>
754,TR359803,<rap_identity>_<chill>_<street>
755,TR155230,<english_pop_trap>_<hard>_<clean>
756,TR651585,<rap_identity>_<chill>_<clean>
757,TR403582,<rap_identity>_<hard>_<clean>
758,TR590926,<reflection_life>_<hard>_<street>
759,TR379064,<trap_street>_<hard>_<clean>
760,TR856566,<trap_street>_<chill>_<street>
761,TR293961,<trap_street>_<hard>_<street>
762,TR700146,<trap_street>_<hard>_<street>
763,TR561890,<trap_street>_<hard>_<clean>
764,TR676953,<trap_street>_<hard>_<street>
765,TR578471,<english_pop_trap>_<hard>_<street>
766,TR893244,<reflection_life>_<hard>_<clean>
767,TR741788,<rap_identity>_<hard>_<clean>
768,TR128408,<trap_street>_<hard>_<street>
769,TR131806,<rap_identity>_<unknown>_<street>
770,TR420668,<trap_street>_<hard>_<clean>
771,TR932992,<trap_street>_<hard>_<street>
772,TR917526,<reflection_life>_<hard>_<street>
773,TR506331,<trap_street>_<hard>_<clean>
774,TR887754,<trap_street>_<hard>_<clean>
775,TR214987,<trap_street>_<chill>_<clean>
776,TR816603,<trap_street>_<hard>_<clean>
777,TR970389,<trap_street>_<hard>_<street>
778,TR786644,<trap_street>_<hard>_<clean>
779,TR275513,<trap_street>_<chill>_<clean>
780,TR778705,<reflection_life>_<unknown>_<clean>
781,TR474045,<reflection_life>_<hard>_<street>
782,TR818948,<trap_street>_<unknown>_<clean>
783,TR688855,<trap_street>_<hard>_<clean>
784,TR273041,<trap_street>_<unknown>_<clean>
785,TR688209,<trap_street>_<hard>_<clean>
786,TR667334,<trap_street>_<hard>_<clean>
787,TR985794,<trap_street>_<hard>_<street>
788,TR317207,<trap_street>_<unknown>_<clean>
789,TR446826,<trap_street>_<hard>_<street>
790,TR228275,<love_poetic>_<unknown>_<clean>
791,TR697556,<rap_identity>_<hard>_<street>
792,TR391415,<rap_identity>_<hard>_<clean>
793,TR112894,<english_pop_trap>_<chill>_<clean>
794,TR550101,<english_pop_trap>_<hard>_<clean>
795,TR365201,<reflection_life>_<hard>_<clean>
796,TR893852,<trap_street>_<chill>_<clean>
797,TR129622,<trap_street>_<hard>_<clean>
798,TR263196,<dialect_rap>_<hard>_<clean>
799,TR569651,<trap_street>_<hard>_<clean>
800,TR101183,<rap_identity>_<hard>_<street>
801,TR732277,<rap_identity>_<unknown>_<street>
802,TR302217,<reflection_life>_<hard>_<clean>
803,TR407190,<trap_street>_<hard>_<clean>
804,TR963985,<trap_street>_<hard>_<street>
805,TR160501,<trap_street>_<hard>_<street>
806,TR353058,<love_poetic>_<hard>_<clean>
807,TR244037,<love_poetic>_<chill>_<clean>
808,TR376800,<rap_identity>_<chill>_<clean>
809,TR597910,<love_poetic>_<hard>_<street>
810,TR933656,<spanish>_<hard>_<street>
811,TR816986,<reflection_life>_<hard>_<clean>
812,TR969020,<love_poetic>_<hard>_<clean>
813,TR541784,<reflection_life>_<hard>_<clean>
814,TR913090,<rap_identity>_<chill>_<clean>
815,TR228873,<love_poetic>_<chill>_<street>
816,TR646941,<reflection_life>_<hard>_<clean>
817,TR980903,<trap_street>_<hard>_<clean>
818,TR773009,<reflection_life>_<chill>_<street>
819,TR777250,<trap_street>_<unknown>_<street>
820,TR423453,<english_pop_trap>_<hard>_<aggressive>
821,TR478239,<reflection_life>_<hard>_<clean>
822,TR278846,<dialect_rap>_<hard>_<clean>
823,TR619144,<trap_street>_<chill>_<street>
824,TR582832,<rap_identity>_<hard>_<clean>
825,TR898308,<english_pop_trap>_<chill>_<clean>
826,TR290414,<rap_identity>_<hard>_<aggressive>
827,TR476300,<rap_identity>_<hard>_<clean>
828,TR260670,<reflection_life>_<chill>_<street>
829,TR596933,<trap_street>_<hard>_<clean>
830,TR124504,<trap_street>_<hard>_<street>
831,TR522698,<trap_street>_<chill>_<street>
832,TR198571,<english_pop_trap>_<hard>_<clean>
833,TR130964,<rap_identity>_<chill>_<clean>
834,TR754903,<trap_street>_<hard>_<street>
835,TR489583,<love_poetic>_<hard>_<clean>
836,TR825655,<rap_identity>_<hard>_<street>
837,TR402842,<rap_identity>_<hard>_<clean>
838,TR903963,<rap_identity>_<hard>_<clean>
839,TR139128,<love_poetic>_<chill>_<clean>
840,TR597234,<english_pop_trap>_<hard>_<clean>
841,TR328844,<rap_identity>_<chill>_<clean>
842,TR140226,<rap_identity>_<chill>_<street>
843,TR558297,<love_poetic>_<unknown>_<clean>
844,TR908583,<love_poetic>_<hard>_<clean>
845,TR179816,<love_poetic>_<chill>_<clean>
846,TR340468,<reflection_life>_<unknown>_<street>
847,TR609224,<rap_identity>_<hard>_<clean>
848,TR291948,<love_poetic>_<hard>_<clean>
849,TR560473,<rap_identity>_<unknown>_<aggressive>
850,TR220750,<trap_street>_<hard>_<clean>
851,TR241225,<love_poetic>_<hard>_<clean>
852,TR563387,<rap_identity>_<hard>_<aggressive>
853,TR258835,<love_poetic>_<chill>_<clean>
854,TR100174,<love_poetic>_<unknown>_<clean>
855,TR930889,<trap_street>_<hard>_<clean>
856,TR112259,<spanish>_<unknown>_<clean>
857,TR263207,<english_pop_trap>_<chill>_<clean>
858,TR773042,<english_pop_trap>_<hard>_<clean>
859,TR469109,<trap_street>_<hard>_<street>
860,TR562505,<spanish>_<chill>_<clean>
861,TR363510,<reflection_life>_<chill>_<clean>
862,TR659688,<rap_identity>_<chill>_<aggressive>
863,TR809387,<spanish>_<hard>_<clean>
864,TR366289,<rap_identity>_<hard>_<clean>
865,TR761185,<love_poetic>_<chill>_<clean>
866,TR850050,<trap_street>_<hard>_<aggressive>
867,TR355675,<dialect_rap>_<hard>_<clean>
868,TR221394,<rap_identity>_<hard>_<clean>
869,TR912221,<trap_street>_<hard>_<clean>
870,TR589213,<rap_identity>_<hard>_<clean>
871,TR961600,<love_poetic>_<hard>_<clean>
872,TR473965,<rap_identity>_<hard>_<clean>
873,TR669364,<rap_identity>_<hard>_<clean>
874,TR495708,<trap_street>_<hard>_<street>
875,TR957588,<rap_identity>_<hard>_<clean>
876,TR449642,<english_pop_trap>_<hard>_<clean>
877,TR735916,<love_poetic>_<hard>_<clean>
878,TR309212,<love_poetic>_<hard>_<clean>
879,TR721099,<english_pop_trap>_<chill>_<clean>
880,TR357440,<love_poetic>_<unknown>_<clean>
881,TR182314,<rap_identity>_<hard>_<street>
882,TR613819,<love_poetic>_<unknown>_<clean>
883,TR142062,<reflection_life>_<hard>_<street>
884,TR644659,<love_poetic>_<chill>_<clean>
885,TR794265,<trap_street>_<hard>_<clean>
886,TR484176,<love_poetic>_<chill>_<clean>
887,TR647710,<trap_street>_<hard>_<clean>
888,TR614575,<love_poetic>_<unknown>_<clean>
889,TR526883,<rap_identity>_<chill>_<aggressive>
890,TR554368,<trap_street>_<hard>_<street>
891,TR762968,<reflection_life>_<hard>_<clean>
892,TR239987,<english_pop_trap>_<chill>_<clean>
893,TR241223,<english_pop_trap>_<hard>_<clean>
894,TR721821,<dialect_rap>_<hard>_<clean>
895,TR922856,<trap_street>_<hard>_<clean>
896,TR480881,<love_poetic>_<chill>_<clean>
897,TR298433,<rap_identity>_<hard>_<clean>
898,TR617205,<english_pop_trap>_<chill>_<street>
899,TR502252,<trap_street>_<hard>_<clean>
900,TR900638,<dialect_rap>_<chill>_<clean>
901,TR524391,<english_pop_trap>_<hard>_<clean>
902,TR516718,<reflection_life>_<hard>_<clean>
903,TR841644,<english_pop_trap>_<unknown>_<clean>
904,TR803730,<trap_street>_<hard>_<clean>
905,TR225416,<reflection_life>_<unknown>_<clean>
906,TR188319,<rap_identity>_<hard>_<street>
907,TR479850,<english_pop_trap>_<chill>_<clean>
908,TR624032,<english_pop_trap>_<hard>_<aggressive>
909,TR278549,<love_poetic>_<hard>_<clean>
910,TR541162,<love_poetic>_<unknown>_<clean>
911,TR616250,<rap_identity>_<chill>_<street>
912,TR609719,<rap_identity>_<unknown>_<clean>
913,TR256934,<reflection_life>_<unknown>_<clean>
914,TR460194,<english_pop_trap>_<hard>_<street>
915,TR254009,<love_poetic>_<chill>_<clean>
916,TR488418,<reflection_life>_<hard>_<clean>
917,TR824938,<trap_street>_<unknown>_<clean>
918,TR432394,<trap_street>_<hard>_<clean>
919,TR554191,<english_pop_trap>_<hard>_<clean>
920,TR554264,<dialect_rap>_<chill>_<clean>
921,TR797776,<english_pop_trap>_<hard>_<street>
922,TR582034,<spanish>_<hard>_<clean>
923,TR742694,<rap_identity>_<hard>_<clean>
924,TR308214,<love_poetic>_<hard>_<clean>
925,TR542219,<rap_identity>_<chill>_<street>
926,TR983581,<love_poetic>_<unknown>_<clean>
927,TR807159,<reflection_life>_<hard>_<clean>
928,TR125331,<rap_identity>_<hard>_<street>
929,TR863199,<reflection_life>_<hard>_<clean>
930,TR580176,<love_poetic>_<chill>_<clean>
931,TR348171,<rap_identity>_<hard>_<clean>
932,TR938544,<trap_street>_<unknown>_<clean>
933,TR802113,<rap_identity>_<hard>_<clean>
934,TR265696,<rap_identity>_<hard>_<street>
935,TR967662,<love_poetic>_<chill>_<clean>
936,TR933903,<rap_identity>_<chill>_<street>
937,TR335755,<love_poetic>_<hard>_<clean>
938,TR125386,<rap_identity>_<hard>_<clean>
939,TR268658,<rap_identity>_<chill>_<clean>
940,TR791246,<reflection_life>_<chill>_<aggressive>
941,TR583962,<love_poetic>_<hard>_<clean>
942,TR124434,<rap_identity>_<unknown>_<street>
943,TR218997,<rap_identity>_<hard>_<aggressive>
944,TR293657,<trap_street>_<hard>_<aggressive>
945,TR790229,<rap_identity>_<chill>_<street>
946,TR218912,<love_poetic>_<hard>_<clean>
947,TR873662,<reflection_life>_<chill>_<clean>
948,TR136720,<rap_identity>_<unknown>_<street>
949,TR254911,<english_pop_trap>_<hard>_<clean>
950,TR424668,<trap_street>_<hard>_<clean>
951,TR921543,<trap_street>_<hard>_<clean>
952,TR530901,<love_poetic>_<unknown>_<clean>
953,TR120740,<rap_identity>_<hard>_<clean>
954,TR986935,<rap_identity>_<chill>_<clean>
955,TR514260,<reflection_life>_<unknown>_<clean>
956,TR973118,<trap_street>_<hard>_<clean>
957,TR353260,<reflection_life>_<unknown>_<clean>
958,TR318534,<love_poetic>_<unknown>_<clean>
959,TR193317,<love_poetic>_<unknown>_<clean>
960,TR299448,<rap_identity>_<chill>_<clean>
961,TR528812,<rap_identity>_<unknown>_<street>
962,TR963623,<love_poetic>_<unknown>_<clean>
963,TR725789,<english_pop_trap>_<hard>_<clean>
964,TR939819,<trap_street>_<hard>_<street>
965,TR223685,<rap_identity>_<unknown>_<clean>
966,TR206776,<reflection_life>_<unknown>_<clean>
967,TR521466,<rap_identity>_<hard>_<street>
968,TR319879,<rap_identity>_<unknown>_<clean>
969,TR513866,<rap_identity>_<hard>_<aggressive>
970,TR777316,<trap_street>_<hard>_<street>
971,TR853786,<rap_identity>_<chill>_<street>
972,TR432902,<spanish>_<unknown>_<street>
973,TR706576,<english_pop_trap>_<hard>_<street>
974,TR522271,<trap_street>_<hard>_<street>
975,TR649101,<rap_identity>_<chill>_<clean>
976,TR114652,<trap_street>_<hard>_<street>
977,TR794558,<rap_identity>_<unknown>_<clean>
978,TR876119,<reflection_life>_<hard>_<clean>
979,TR400695,<rap_identity>_<hard>_<street>
980,TR163092,<trap_street>_<hard>_<street>
981,TR477970,<love_poetic>_<chill>_<clean>
982,TR761094,<rap_identity>_<hard>_<street>
983,TR752180,<reflection_life>_<hard>_<clean>
984,TR624479,<rap_identity>_<unknown>_<clean>
985,TR930466,<english_pop_trap>_<hard>_<clean>
986,TR827090,<trap_street>_<hard>_<clean>
987,TR767130,<rap_identity>_<chill>_<aggressive>
988,TR918527,<rap_identity>_<hard>_<street>
989,TR438282,<reflection_life>_<chill>_<clean>
990,TR323420,<rap_identity>_<chill>_<street>
991,TR816419,<rap_identity>_<hard>_<clean>
992,TR287981,<trap_street>_<hard>_<street>
993,TR164901,<trap_street>_<hard>_<clean>
994,TR397794,<rap_identity>_<hard>_<clean>
995,TR847376,<rap_identity>_<hard>_<clean>
996,TR834470,<rap_identity>_<chill>_<street>
997,TR903244,<rap_identity>_<hard>_<aggressive>
998,TR137501,<rap_identity>_<chill>_<street>
999,TR499413,<rap_identity>_<hard>_<clean>
1000,TR687977,<love_poetic>_<hard>_<clean>
1001,TR767308,<trap_street>_<hard>_<clean>
1002,TR262429,<rap_identity>_<unknown>_<street>
1003,TR236676,<rap_identity>_<chill>_<clean>
1004,TR817794,<rap_identity>_<hard>_<clean>
1005,TR137880,<rap_identity>_<chill>_<street>
1006,TR647101,<rap_identity>_<chill>_<street>
1007,TR940582,<rap_identity>_<chill>_<clean>
1008,TR123335,<rap_identity>_<chill>_<clean>
1009,TR176901,<rap_identity>_<chill>_<clean>
1010,TR160759,<rap_identity>_<hard>_<clean>
1011,TR204974,<rap_identity>_<unknown>_<clean>
1012,TR556991,<dialect_rap>_<hard>_<street>
1013,TR577588,<rap_identity>_<chill>_<street>
1014,TR991898,<love_poetic>_<unknown>_<clean>
1015,TR936433,<rap_identity>_<chill>_<street>
1016,TR962058,<love_poetic>_<chill>_<clean>
1017,TR391199,<english_pop_trap>_<hard>_<clean>
1018,TR167825,<rap_identity>_<chill>_<street>
1019,TR649360,<rap_identity>_<hard>_<street>
1020,TR224974,<rap_identity>_<unknown>_<aggressive>
1021,TR817689,<rap_identity>_<chill>_<street>
1022,TR839122,<rap_identity>_<chill>_<street>
1023,TR727577,<trap_street>_<unknown>_<street>
1024,TR940221,<rap_identity>_<chill>_<street>
1025,TR546696,<rap_identity>_<hard>_<street>
1026,TR772974,<rap_identity>_<unknown>_<clean>
1027,TR369509,<love_poetic>_<chill>_<clean>
1028,TR597620,<love_poetic>_<hard>_<clean>
1029,TR528565,<rap_identity>_<unknown>_<aggressive>
1030,TR702417,<rap_identity>_<chill>_<clean>
1031,TR695938,<rap_identity>_<chill>_<street>
1032,TR407477,<rap_identity>_<hard>_<clean>
1033,TR675917,<rap_identity>_<unknown>_<clean>
1034,TR840393,<love_poetic>_<chill>_<clean>
1035,TR711782,<love_poetic>_<chill>_<clean>
1036,TR655499,<reflection_life>_<chill>_<clean>
1037,TR774326,<rap_identity>_<chill>_<clean>
1038,TR276207,<rap_identity>_<chill>_<street>
1039,TR483016,<rap_identity>_<chill>_<clean>
1040,TR916084,<love_poetic>_<chill>_<clean>
1041,TR410200,<dialect_rap>_<chill>_<clean>
1042,TR277780,<rap_identity>_<hard>_<aggressive>
1043,TR738385,<love_poetic>_<chill>_<street>
1044,TR251170,<rap_identity>_<chill>_<clean>
1045,TR853747,<rap_identity>_<hard>_<clean>
1046,TR343548,<rap_identity>_<unknown>_<clean>
1047,TR971606,<rap_identity>_<chill>_<clean>
1048,TR290155,<love_poetic>_<unknown>_<street>
1049,TR842497,<english_pop_trap>_<unknown>_<clean>
1050,TR256891,<english_pop_trap>_<unknown>_<clean>
1051,TR836701,<love_poetic>_<unknown>_<clean>
1052,TR679925,<rap_identity>_<unknown>_<clean>
1053,TR692716,<rap_identity>_<unknown>_<clean>
1054,TR966930,<spanish>_<unknown>_<clean>
1055,TR202440,<rap_identity>_<chill>_<clean>
1056,TR857342,<rap_identity>_<unknown>_<clean>
1057,TR972151,<rap_identity>_<chill>_<street>
1058,TR270849,<rap_identity>_<hard>_<clean>
1059,TR781750,<rap_identity>_<chill>_<street>
1060,TR489110,<rap_identity>_<hard>_<street>
1061,TR235755,<love_poetic>_<chill>_<street>
1062,TR938005,<rap_identity>_<chill>_<street>
1063,TR165364,<rap_identity>_<chill>_<clean>
1064,TR810550,<love_poetic>_<unknown>_<clean>
1065,TR631349,<rap_identity>_<unknown>_<clean>
1066,TR184316,<rap_identity>_<hard>_<clean>
1067,TR179203,<rap_identity>_<unknown>_<street>
1068,TR290792,<love_poetic>_<unknown>_<clean>
1069,TR889981,<reflection_life>_<unknown>_<clean>
1070,TR344247,<rap_identity>_<chill>_<street>
1071,TR281029,<rap_identity>_<chill>_<street>
1072,TR199535,<reflection_life>_<chill>_<street>
1073,TR400723,<trap_street>_<hard>_<clean>
1074,TR497982,<rap_identity>_<unknown>_<clean>
1075,TR581219,<rap_identity>_<chill>_<clean>
1076,TR523924,<rap_identity>_<chill>_<clean>
1077,TR106286,<rap_identity>_<unknown>_<clean>
1078,TR378457,<rap_identity>_<unknown>_<aggressive>
1079,TR978718,<rap_identity>_<chill>_<clean>
1080,TR480652,<rap_identity>_<chill>_<clean>
1081,TR401188,<rap_identity>_<hard>_<street>
1082,TR453592,<english_pop_trap>_<chill>_<clean>
1083,TR577756,<rap_identity>_<chill>_<clean>
1084,TR386472,<love_poetic>_<unknown>_<clean>
1085,TR890798,<rap_identity>_<unknown>_<clean>
1086,TR397374,<english_pop_trap>_<hard>_<clean>
1087,TR843246,<love_poetic>_<unknown>_<clean>
1088,TR594083,<rap_identity>_<chill>_<clean>
1089,TR643227,<love_poetic>_<chill>_<clean>
1090,TR552246,<rap_identity>_<chill>_<street>
1091,TR703454,<love_poetic>_<chill>_<clean>
1092,TR225508,<rap_identity>_<unknown>_<clean>
1093,TR839204,<reflection_life>_<chill>_<clean>
1094,TR922726,<rap_identity>_<hard>_<clean>
1095,TR464787,<rap_identity>_<hard>_<clean>
1096,TR420065,<rap_identity>_<hard>_<clean>
1097,TR870911,<reflection_life>_<chill>_<clean>
1098,TR990886,<rap_identity>_<hard>_<clean>
1099,TR923956,<reflection_life>_<chill>_<clean>
1100,TR184858,<reflection_life>_<chill>_<clean>
1101,TR926024,<english_pop_trap>_<hard>_<clean>
1102,TR296598,<reflection_life>_<chill>_<clean>
1103,TR444175,<reflection_life>_<hard>_<clean>
1104,TR318448,<love_poetic>_<hard>_<clean>
1105,TR884562,<reflection_life>_<hard>_<clean>
1106,TR407592,<reflection_life>_<chill>_<clean>
1107,TR619959,<rap_identity>_<unknown>_<street>
1108,TR991710,<reflection_life>_<hard>_<clean>
1109,TR543720,<reflection_life>_<chill>_<clean>
1110,TR757852,<rap_identity>_<hard>_<clean>
1111,TR627858,<rap_identity>_<hard>_<street>
1112,TR936569,<trap_street>_<hard>_<clean>
1113,TR806387,<rap_identity>_<chill>_<aggressive>
1114,TR863698,<reflection_life>_<hard>_<clean>
1115,TR275424,<reflection_life>_<hard>_<clean>
1116,TR380567,<reflection_life>_<hard>_<street>
1117,TR941826,<rap_identity>_<hard>_<clean>
1118,TR928270,<reflection_life>_<hard>_<clean>
1119,TR570747,<spanish>_<hard>_<clean>
1120,TR701217,<reflection_life>_<chill>_<clean>
1121,TR496743,<reflection_life>_<hard>_<clean>
1122,TR308464,<rap_identity>_<hard>_<clean>
1123,TR296193,<love_poetic>_<chill>_<clean>
1124,TR993481,<reflection_life>_<unknown>_<clean>
1125,TR310141,<rap_identity>_<chill>_<clean>
1126,TR509238,<rap_identity>_<hard>_<clean>
1127,TR918860,<rap_identity>_<chill>_<clean>
1128,TR266672,<love_poetic>_<hard>_<clean>
1129,TR496841,<love_poetic>_<hard>_<clean>
1130,TR936297,<reflection_life>_<unknown>_<clean>
1131,TR963179,<reflection_life>_<unknown>_<clean>
1132,TR937285,<english_pop_trap>_<hard>_<clean>
1133,TR945011,<reflection_life>_<hard>_<clean>
1134,TR740042,<reflection_life>_<chill>_<clean>
1135,TR605959,<reflection_life>_<chill>_<clean>
1136,TR337156,<love_poetic>_<hard>_<clean>
1137,TR369259,<reflection_life>_<unknown>_<clean>
1138,TR871241,<reflection_life>_<unknown>_<clean>
1139,TR232773,<love_poetic>_<hard>_<clean>
1140,TR205774,<love_poetic>_<unknown>_<clean>
1141,TR680468,<love_poetic>_<hard>_<clean>
1142,TR395370,<reflection_life>_<chill>_<clean>
1143,TR521639,<dialect_rap>_<hard>_<clean>
1144,TR113838,<reflection_life>_<chill>_<clean>
1145,TR492218,<spanish>_<chill>_<clean>
1146,TR514818,<reflection_life>_<chill>_<clean>
1147,TR467193,<english_pop_trap>_<chill>_<clean>
1148,TR162849,<english_pop_trap>_<unknown>_<clean>
1149,TR840548,<english_pop_trap>_<unknown>_<clean>
1150,TR297247,<english_pop_trap>_<chill>_<clean>
1151,TR968763,<reflection_life>_<hard>_<clean>
1152,TR224539,<reflection_life>_<unknown>_<clean>
1153,TR275829,<english_pop_trap>_<chill>_<clean>
1154,TR521889,<reflection_life>_<unknown>_<clean>
1155,TR578938,<love_poetic>_<chill>_<clean>
1156,TR156492,<reflection_life>_<unknown>_<clean>
1157,TR132417,<love_poetic>_<unknown>_<clean>
1158,TR620222,<english_pop_trap>_<unknown>_<clean>
1159,TR871104,<reflection_life>_<unknown>_<clean>
1160,TR168006,<english_pop_trap>_<chill>_<street>
1161,TR343469,<english_pop_trap>_<unknown>_<clean>
1162,TR203645,<english_pop_trap>_<unknown>_<clean>
1163,TR842754,<english_pop_trap>_<unknown>_<clean>
1164,TR944854,<english_pop_trap>_<chill>_<clean>
1165,TR658481,<trap_street>_<chill>_<street>
1166,TR971842,<trap_street>_<unknown>_<clean>
1167,TR451951,<trap_street>_<hard>_<clean>
1168,TR550803,<trap_street>_<hard>_<clean>
1169,TR501637,<rap_identity>_<unknown>_<street>
1170,TR759449,<trap_street>_<hard>_<aggressive>
1171,TR457725,<trap_street>_<hard>_<clean>
1172,TR852165,<trap_street>_<hard>_<clean>
1173,TR243801,<trap_street>_<hard>_<clean>
1174,TR155120,<trap_street>_<hard>_<clean>
1175,TR261042,<trap_street>_<unknown>_<aggressive>
1176,TR945250,<trap_street>_<hard>_<street>
1177,TR276673,<trap_street>_<hard>_<clean>
1178,TR617699,<trap_street>_<hard>_<clean>
1179,TR148423,<spanish>_<chill>_<clean>
1180,TR728880,<trap_street>_<chill>_<clean>
1181,TR500474,<trap_street>_<hard>_<clean>
1182,TR391833,<trap_street>_<unknown>_<clean>
1183,TR416576,<trap_street>_<unknown>_<clean>
1184,TR764099,<english_pop_trap>_<hard>_<street>
1185,TR121372,<english_pop_trap>_<hard>_<street>
1186,TR407387,<trap_street>_<chill>_<clean>
1187,TR252969,<trap_street>_<hard>_<clean>
1188,TR954000,<english_pop_trap>_<chill>_<clean>
1189,TR530063,<trap_street>_<unknown>_<clean>
1190,TR500883,<trap_street>_<chill>_<clean>
1191,TR578367,<trap_street>_<hard>_<clean>
1192,TR281623,<trap_street>_<chill>_<clean>
1193,TR890439,<english_pop_trap>_<hard>_<clean>
1194,TR836974,<trap_street>_<chill>_<clean>
1195,TR912599,<trap_street>_<hard>_<clean>
1196,TR351356,<love_poetic>_<chill>_<clean>
1197,TR454733,<trap_street>_<hard>_<clean>
1198,TR123931,<rap_identity>_<unknown>_<street>
1199,TR290819,<trap_street>_<unknown>_<clean>
1200,TR209162,<trap_street>_<hard>_<clean>
1201,TR794850,<trap_street>_<unknown>_<street>
1202,TR573459,<trap_street>_<hard>_<clean>
1203,TR699396,<trap_street>_<unknown>_<street>
1204,TR780016,<reflection_life>_<chill>_<clean>
1205,TR879265,<reflection_life>_<hard>_<clean>
1206,TR186927,<trap_street>_<chill>_<street>
1207,TR891458,<reflection_life>_<hard>_<clean>
1208,TR365759,<spanish>_<hard>_<clean>
1209,TR716732,<reflection_life>_<unknown>_<clean>
1210,TR166938,<trap_street>_<hard>_<street>
1211,TR490655,<love_poetic>_<hard>_<clean>
1212,TR561498,<reflection_life>_<chill>_<clean>
1213,TR252126,<reflection_life>_<chill>_<clean>
1214,TR821033,<trap_street>_<hard>_<clean>
1215,TR433062,<reflection_life>_<hard>_<clean>
1216,TR781243,<love_poetic>_<chill>_<clean>
1217,TR667327,<trap_street>_<chill>_<aggressive>
1218,TR712692,<love_poetic>_<chill>_<clean>
1219,TR997318,<dialect_rap>_<chill>_<clean>
1220,TR464821,<trap_street>_<hard>_<street>
1221,TR804864,<reflection_life>_<chill>_<clean>
1222,TR434971,<love_poetic>_<chill>_<clean>
1223,TR319401,<trap_street>_<hard>_<clean>
1224,TR768715,<reflection_life>_<hard>_<clean>
1225,TR551566,<spanish>_<hard>_<clean>
1226,TR688043,<trap_street>_<unknown>_<clean>
1227,TR913180,<trap_street>_<hard>_<clean>
1228,TR452137,<love_poetic>_<unknown>_<clean>
1229,TR869438,<reflection_life>_<hard>_<street>
1230,TR501030,<trap_street>_<unknown>_<clean>
1231,TR424795,<reflection_life>_<hard>_<clean>
1232,TR880243,<dialect_rap>_<hard>_<clean>
1233,TR464052,<reflection_life>_<hard>_<clean>
1234,TR364397,<love_poetic>_<hard>_<clean>
1235,TR665989,<trap_street>_<chill>_<clean>
1236,TR844634,<trap_street>_<unknown>_<clean>
1237,TR414992,<trap_street>_<hard>_<clean>
1238,TR163694,<trap_street>_<hard>_<clean>
1239,TR900024,<spanish>_<hard>_<clean>
1240,TR312149,<trap_street>_<chill>_<street>
1241,TR337564,<trap_street>_<hard>_<clean>
1242,TR434595,<trap_street>_<hard>_<clean>
1243,TR568161,<rap_identity>_<hard>_<aggressive>
1244,TR282575,<love_poetic>_<chill>_<street>
1245,TR653824,<rap_identity>_<chill>_<clean>
1246,TR232548,<reflection_life>_<chill>_<street>
1247,TR934329,<trap_street>_<hard>_<aggressive>
1248,TR954998,<reflection_life>_<hard>_<clean>
1249,TR179468,<trap_street>_<hard>_<aggressive>
1250,TR977191,<love_poetic>_<hard>_<clean>
1251,TR174822,<love_poetic>_<chill>_<clean>
1252,TR973220,<trap_street>_<hard>_<clean>
1253,TR523711,<english_pop_trap>_<hard>_<street>
1254,TR177807,<spanish>_<hard>_<street>
1255,TR909962,<trap_street>_<hard>_<street>
1256,TR606984,<spanish>_<hard>_<street>
1257,TR596069,<spanish>_<hard>_<clean>
1258,TR432939,<trap_street>_<hard>_<aggressive>
1259,TR607522,<trap_street>_<hard>_<street>
1260,TR680539,<dialect_rap>_<chill>_<clean>
1261,TR937536,<trap_street>_<hard>_<clean>
1262,TR276675,<love_poetic>_<chill>_<clean>
1263,TR724192,<rap_identity>_<hard>_<clean>
1264,TR898332,<reflection_life>_<hard>_<clean>
1265,TR917685,<dialect_rap>_<hard>_<clean>
1266,TR396719,<trap_street>_<hard>_<clean>
1267,TR622666,<english_pop_trap>_<chill>_<clean>
1268,TR621066,<trap_street>_<unknown>_<street>
1269,TR821710,<reflection_life>_<chill>_<aggressive>
1270,TR499764,<dialect_rap>_<chill>_<clean>
1271,TR607845,<rap_identity>_<hard>_<clean>
1272,TR711471,<rap_identity>_<hard>_<clean>
1273,TR958236,<reflection_life>_<hard>_<clean>
1274,TR615923,<trap_street>_<unknown>_<aggressive>
1275,TR540640,<english_pop_trap>_<unknown>_<street>
1276,TR406756,<rap_identity>_<chill>_<aggressive>
1277,TR859994,<trap_street>_<chill>_<clean>
1278,TR114701,<rap_identity>_<chill>_<street>
1279,TR603122,<love_poetic>_<chill>_<clean>
1280,TR721640,<trap_street>_<chill>_<street>
1281,TR555721,<reflection_life>_<unknown>_<street>
1282,TR770826,<reflection_life>_<hard>_<aggressive>
1283,TR943427,<trap_street>_<unknown>_<street>
1284,TR424103,<rap_identity>_<chill>_<street>
1285,TR368269,<reflection_life>_<chill>_<street>
1286,TR987615,<english_pop_trap>_<chill>_<street>
1287,TR854571,<love_poetic>_<chill>_<clean>
1288,TR440235,<love_poetic>_<chill>_<clean>
1289,TR944859,<reflection_life>_<unknown>_<street>
1290,TR219846,<love_poetic>_<unknown>_<street>
1291,TR758708,<love_poetic>_<unknown>_<clean>
1292,TR715928,<rap_identity>_<unknown>_<street>
1293,TR839502,<trap_street>_<chill>_<street>
1294,TR412912,<love_poetic>_<chill>_<street>
1295,TR218409,<rap_identity>_<hard>_<street>
1296,TR494257,<dialect_rap>_<chill>_<clean>
1297,TR789415,<rap_identity>_<chill>_<aggressive>
1298,TR964140,<rap_identity>_<hard>_<street>
1299,TR157361,<reflection_life>_<chill>_<street>
1300,TR470471,<trap_street>_<chill>_<clean>
1301,TR175000,<reflection_life>_<chill>_<clean>
1302,TR555208,<trap_street>_<chill>_<street>
1303,TR819095,<rap_identity>_<hard>_<aggressive>
1304,TR798937,<rap_identity>_<unknown>_<street>
1305,TR628773,<trap_street>_<chill>_<aggressive>
1306,TR495476,<trap_street>_<chill>_<clean>
1307,TR558373,<reflection_life>_<chill>_<clean>
1308,TR281798,<trap_street>_<unknown>_<street>
1309,TR322778,<rap_identity>_<unknown>_<street>
1310,TR550943,<trap_street>_<chill>_<street>
1311,TR835589,<trap_street>_<hard>_<aggressive>
1312,TR949598,<trap_street>_<hard>_<clean>
1313,TR117960,<rap_identity>_<unknown>_<street>
1314,TR299277,<english_pop_trap>_<hard>_<clean>
1315,TR252252,<love_poetic>_<chill>_<clean>
1316,TR613855,<reflection_life>_<chill>_<clean>
1317,TR336933,<trap_street>_<unknown>_<aggressive>
1318,TR371451,<reflection_life>_<unknown>_<clean>
1319,TR322512,<rap_identity>_<chill>_<clean>
1320,TR145492,<reflection_life>_<hard>_<aggressive>
1321,TR880876,<rap_identity>_<hard>_<street>
1322,TR123143,<love_poetic>_<unknown>_<clean>
1323,TR759823,<trap_street>_<hard>_<clean>
1324,TR637567,<rap_identity>_<hard>_<street>
1325,TR331638,<reflection_life>_<chill>_<clean>
1326,TR740085,<reflection_life>_<chill>_<clean>
1327,TR283646,<love_poetic>_<chill>_<clean>
1328,TR174934,<rap_identity>_<chill>_<aggressive>
1329,TR208626,<reflection_life>_<unknown>_<clean>
1330,TR204445,<rap_identity>_<chill>_<street>
1331,TR247855,<trap_street>_<hard>_<street>
1332,TR302784,<rap_identity>_<unknown>_<aggressive>
1333,TR398426,<rap_identity>_<unknown>_<clean>
1334,TR397361,<rap_identity>_<chill>_<aggressive>
1335,TR753719,<trap_street>_<hard>_<street>
1336,TR910672,<reflection_life>_<hard>_<street>
1337,TR172228,<reflection_life>_<unknown>_<street>
1338,TR506017,<reflection_life>_<chill>_<street>
1339,TR467786,<trap_street>_<hard>_<clean>
1340,TR829384,<reflection_life>_<chill>_<clean>
1341,TR191962,<rap_identity>_<unknown>_<aggressive>
1342,TR581514,<rap_identity>_<chill>_<aggressive>
1343,TR532393,<rap_identity>_<unknown>_<clean>
1344,TR608151,<love_poetic>_<hard>_<street>
1345,TR263915,<rap_identity>_<chill>_<aggressive>
1346,TR524688,<rap_identity>_<chill>_<street>
1347,TR881442,<reflection_life>_<unknown>_<street>
1348,TR118045,<rap_identity>_<unknown>_<street>
1349,TR133842,<rap_identity>_<unknown>_<street>
1350,TR198801,<rap_identity>_<unknown>_<street>
1351,TR178401,<rap_identity>_<unknown>_<street>
1352,TR910256,<rap_identity>_<unknown>_<street>
1353,TR824678,<rap_identity>_<unknown>_<aggressive>
1354,TR878071,<love_poetic>_<unknown>_<clean>
1355,TR292416,<rap_identity>_<unknown>_<aggressive>
1356,TR730690,<rap_identity>_<unknown>_<aggressive>
1357,TR861679,<love_poetic>_<unknown>_<aggressive>
1358,TR343336,<rap_identity>_<unknown>_<street>
1359,TR894748,<love_poetic>_<unknown>_<clean>
1360,TR125666,<rap_identity>_<hard>_<aggressive>
1361,TR455673,<rap_identity>_<unknown>_<aggressive>
1362,TR351965,<love_poetic>_<unknown>_<clean>
1363,TR812625,<reflection_life>_<unknown>_<clean>
1364,TR852880,<reflection_life>_<unknown>_<clean>
1365,TR369589,<reflection_life>_<unknown>_<clean>
1366,TR798864,<spanish>_<unknown>_<aggressive>
1367,TR294458,<rap_identity>_<hard>_<aggressive>
1368,TR708160,<love_poetic>_<unknown>_<clean>
1369,TR357080,<love_poetic>_<unknown>_<street>
1370,TR294207,<love_poetic>_<unknown>_<clean>
1371,TR319480,<spanish>_<unknown>_<clean>
1372,TR673830,<love_poetic>_<hard>_<street>
1373,TR339574,<love_poetic>_<unknown>_<clean>
1374,TR574901,<rap_identity>_<unknown>_<clean>
1375,TR316222,<rap_identity>_<unknown>_<aggressive>
1376,TR816438,<rap_identity>_<unknown>_<street>
1377,TR709582,<love_poetic>_<chill>_<clean>
1378,TR750367,<reflection_life>_<unknown>_<aggressive>
1379,TR470196,<rap_identity>_<unknown>_<street>
1380,TR972864,<love_poetic>_<unknown>_<clean>
1381,TR128885,<rap_identity>_<hard>_<street>
1382,TR801607,<trap_street>_<chill>_<clean>
1383,TR883325,<rap_identity>_<hard>_<aggressive>
1384,TR569567,<rap_identity>_<unknown>_<aggressive>
1385,TR452263,<reflection_life>_<chill>_<clean>
1386,TR530346,<dialect_rap>_<unknown>_<clean>
1387,TR638893,<rap_identity>_<unknown>_<street>
1388,TR184563,<rap_identity>_<unknown>_<street>
1389,TR963486,<love_poetic>_<unknown>_<clean>
1390,TR966701,<love_poetic>_<unknown>_<clean>
1391,TR895749,<rap_identity>_<unknown>_<clean>
1392,TR149136,<reflection_life>_<unknown>_<clean>
1393,TR855101,<love_poetic>_<unknown>_<clean>
1394,TR247905,<love_poetic>_<chill>_<clean>
1395,TR610659,<english_pop_trap>_<unknown>_<clean>
1396,TR307829,<love_poetic>_<unknown>_<clean>
1397,TR135510,<rap_identity>_<unknown>_<street>
1398,TR970205,<rap_identity>_<chill>_<clean>
1399,TR502197,<love_poetic>_<unknown>_<clean>
1400,TR385831,<love_poetic>_<chill>_<clean>
1401,TR991971,<trap_street>_<unknown>_<street>
1402,TR805985,<love_poetic>_<unknown>_<clean>
1403,TR236025,<love_poetic>_<hard>_<aggressive>
1404,TR364953,<love_poetic>_<unknown>_<clean>
1405,TR557094,<trap_street>_<hard>_<street>
1406,TR935490,<love_poetic>_<unknown>_<clean>
1407,TR570554,<rap_identity>_<hard>_<street>
1408,TR728410,<love_poetic>_<unknown>_<clean>
1409,TR716725,<rap_identity>_<hard>_<street>
1410,TR544749,<rap_identity>_<unknown>_<clean>
1411,TR351559,<trap_street>_<hard>_<street>
1412,TR454333,<spanish>_<unknown>_<clean>
1413,TR124016,<rap_identity>_<unknown>_<clean>
1414,TR320572,<love_poetic>_<unknown>_<clean>
1415,TR540311,<love_poetic>_<unknown>_<clean>
1416,TR849506,<rap_identity>_<unknown>_<street>
1417,TR148175,<love_poetic>_<unknown>_<clean>
1418,TR278268,<love_poetic>_<unknown>_<clean>
1419,TR347034,<love_poetic>_<unknown>_<clean>
1420,TR212530,<dialect_rap>_<hard>_<clean>
1421,TR741952,<reflection_life>_<unknown>_<street>
1422,TR542499,<reflection_life>_<unknown>_<clean>
1423,TR813513,<love_poetic>_<unknown>_<street>
1424,TR483551,<love_poetic>_<unknown>_<street>
1425,TR407225,<love_poetic>_<unknown>_<clean>
1426,TR361147,<love_poetic>_<unknown>_<clean>
1427,TR531103,<reflection_life>_<unknown>_<clean>
1428,TR623204,<love_poetic>_<unknown>_<street>
1429,TR193854,<love_poetic>_<unknown>_<clean>
1430,TR853538,<love_poetic>_<unknown>_<clean>
1431,TR275455,<love_poetic>_<unknown>_<clean>
1432,TR283717,<love_poetic>_<unknown>_<clean>
1433,TR197383,<love_poetic>_<unknown>_<clean>
1434,TR111184,<love_poetic>_<unknown>_<clean>
1435,TR558396,<love_poetic>_<unknown>_<clean>
1436,TR312445,<love_poetic>_<unknown>_<clean>
1437,TR277818,<rap_identity>_<hard>_<aggressive>
1438,TR888025,<love_poetic>_<unknown>_<clean>
1439,TR686461,<reflection_life>_<chill>_<street>
1440,TR282974,<trap_street>_<unknown>_<clean>
1441,TR613679,<reflection_life>_<hard>_<clean>
1442,TR909540,<love_poetic>_<unknown>_<clean>
1443,TR561159,<love_poetic>_<chill>_<clean>
1444,TR458611,<reflection_life>_<unknown>_<clean>
1445,TR584196,<love_poetic>_<chill>_<clean>
1446,TR198535,<spanish>_<hard>_<clean>
1447,TR151304,<reflection_life>_<unknown>_<clean>
1448,TR253881,<reflection_life>_<unknown>_<clean>
1449,TR753733,<trap_street>_<chill>_<clean>
1450,TR496624,<reflection_life>_<unknown>_<clean>
1451,TR365327,<love_poetic>_<chill>_<clean>
1452,TR663345,<reflection_life>_<chill>_<clean>
1453,TR444265,<reflection_life>_<chill>_<clean>
1454,TR512487,<trap_street>_<hard>_<clean>
1455,TR322364,<spanish>_<unknown>_<clean>
1456,TR445390,<love_poetic>_<unknown>_<street>
1457,TR799592,<love_poetic>_<chill>_<clean>
1458,TR204035,<reflection_life>_<chill>_<clean>
1459,TR143926,<reflection_life>_<unknown>_<clean>
1460,TR322889,<reflection_life>_<chill>_<clean>
1461,TR904643,<love_poetic>_<unknown>_<street>
1462,TR581355,<reflection_life>_<unknown>_<clean>
1463,TR413256,<reflection_life>_<chill>_<clean>
1464,TR278505,<love_poetic>_<chill>_<clean>
1465,TR620441,<love_poetic>_<hard>_<clean>
1466,TR383349,<love_poetic>_<unknown>_<clean>
1467,TR837400,<reflection_life>_<unknown>_<clean>
1468,TR721125,<reflection_life>_<unknown>_<street>
1469,TR537222,<reflection_life>_<hard>_<clean>
1470,TR945584,<reflection_life>_<hard>_<clean>
1471,TR207504,<reflection_life>_<hard>_<clean>
1472,TR855807,<reflection_life>_<hard>_<clean>
1473,TR495499,<english_pop_trap>_<chill>_<clean>
1474,TR489135,<dialect_rap>_<hard>_<clean>
1475,TR752251,<reflection_life>_<chill>_<clean>
1476,TR646942,<love_poetic>_<chill>_<clean>
1477,TR736249,<love_poetic>_<chill>_<clean>
1478,TR798826,<love_poetic>_<hard>_<clean>
1479,TR875675,<love_poetic>_<hard>_<clean>
1480,TR978874,<spanish>_<hard>_<clean>
1481,TR438997,<spanish>_<hard>_<clean>
1482,TR258249,<reflection_life>_<hard>_<clean>
1483,TR838330,<love_poetic>_<unknown>_<clean>
1484,TR818686,<reflection_life>_<unknown>_<clean>
1485,TR830536,<love_poetic>_<chill>_<clean>
1486,TR691362,<love_poetic>_<unknown>_<clean>
1487,TR301746,<love_poetic>_<unknown>_<clean>
1488,TR349463,<english_pop_trap>_<unknown>_<clean>
1489,TR754425,<love_poetic>_<chill>_<street>
1490,TR127118,<love_poetic>_<unknown>_<clean>
1491,TR941919,<love_poetic>_<unknown>_<clean>
1492,TR627426,<reflection_life>_<chill>_<clean>
1493,TR234041,<reflection_life>_<unknown>_<clean>
1494,TR973674,<love_poetic>_<unknown>_<clean>
1495,TR302581,<reflection_life>_<unknown>_<clean>
1496,TR534288,<love_poetic>_<chill>_<clean>
1497,TR351617,<reflection_life>_<unknown>_<clean>
1498,TR591590,<reflection_life>_<unknown>_<clean>
1499,TR776314,<love_poetic>_<chill>_<clean>
1500,TR513366,<dialect_rap>_<unknown>_<clean>
1501,TR894319,<love_poetic>_<unknown>_<clean>
1502,TR331896,<love_poetic>_<chill>_<clean>
1503,TR835111,<love_poetic>_<chill>_<clean>
1504,TR451344,<love_poetic>_<chill>_<clean>
1505,TR614137,<rap_identity>_<chill>_<clean>
1506,TR668556,<love_poetic>_<chill>_<clean>
1507,TR799289,<reflection_life>_<unknown>_<clean>
1508,TR429281,<love_poetic>_<chill>_<clean>
1509,TR233722,<rap_identity>_<hard>_<clean>
1510,TR245467,<rap_identity>_<chill>_<street>
1511,TR695720,<reflection_life>_<unknown>_<clean>
1512,TR875471,<english_pop_trap>_<chill>_<clean>
1513,TR142465,<love_poetic>_<unknown>_<clean>
1514,TR216909,<spanish>_<chill>_<clean>
1515,TR592019,<dialect_rap>_<unknown>_<clean>
1516,TR629195,<english_pop_trap>_<chill>_<aggressive>
1517,TR501039,<reflection_life>_<unknown>_<clean>
1518,TR463632,<love_poetic>_<unknown>_<clean>
1519,TR864281,<dialect_rap>_<unknown>_<clean>
1520,TR793789,<rap_identity>_<unknown>_<clean>
1521,TR255867,<love_poetic>_<unknown>_<clean>
1522,TR134896,<reflection_life>_<unknown>_<street>
1523,TR301319,<love_poetic>_<chill>_<clean>
1524,TR207340,<love_poetic>_<unknown>_<clean>
1525,TR788408,<love_poetic>_<unknown>_<clean>
1526,TR512281,<rap_identity>_<hard>_<clean>
1527,TR680118,<rap_identity>_<hard>_<clean>
1528,TR158362,<love_poetic>_<chill>_<clean>
1529,TR234831,<love_poetic>_<unknown>_<clean>
1530,TR387465,<rap_identity>_<unknown>_<clean>
1531,TR190585,<love_poetic>_<hard>_<clean>
1532,TR574898,<love_poetic>_<chill>_<clean>
1533,TR717699,<love_poetic>_<chill>_<clean>
1534,TR813121,<love_poetic>_<unknown>_<clean>
1535,TR648159,<rap_identity>_<hard>_<clean>
1536,TR425349,<reflection_life>_<unknown>_<clean>
1537,TR651217,<love_poetic>_<unknown>_<clean>
1538,TR716171,<reflection_life>_<hard>_<clean>
1539,TR784080,<love_poetic>_<unknown>_<clean>
1540,TR936329,<rap_identity>_<hard>_<street>
1541,TR316717,<love_poetic>_<hard>_<clean>
1542,TR673431,<love_poetic>_<chill>_<clean>
1543,TR167184,<love_poetic>_<unknown>_<clean>
1544,TR421859,<love_poetic>_<chill>_<clean>
1545,TR828250,<love_poetic>_<unknown>_<clean>
1546,TR221244,<love_poetic>_<unknown>_<clean>
1547,TR820681,<rap_identity>_<unknown>_<clean>
1548,TR588709,<rap_identity>_<hard>_<clean>
1549,TR659700,<reflection_life>_<hard>_<clean>
1550,TR569254,<love_poetic>_<chill>_<clean>
1551,TR292964,<love_poetic>_<unknown>_<clean>
1552,TR361636,<spanish>_<unknown>_<clean>
1553,TR963182,<love_poetic>_<hard>_<clean>
1554,TR137510,<reflection_life>_<chill>_<clean>
1555,TR341999,<rap_identity>_<unknown>_<clean>
1556,TR388396,<love_poetic>_<unknown>_<clean>
1557,TR484725,<love_poetic>_<hard>_<clean>
1558,TR341024,<reflection_life>_<chill>_<clean>
1559,TR203888,<love_poetic>_<chill>_<clean>
1560,TR430821,<rap_identity>_<chill>_<clean>
1561,TR686680,<reflection_life>_<unknown>_<clean>
1562,TR637694,<english_pop_trap>_<chill>_<clean>
1563,TR962552,<rap_identity>_<hard>_<street>
1564,TR882708,<rap_identity>_<chill>_<clean>
1565,TR636905,<reflection_life>_<chill>_<street>
1566,TR515747,<reflection_life>_<unknown>_<clean>
1567,TR192608,<rap_identity>_<hard>_<street>
1568,TR734178,<love_poetic>_<hard>_<clean>
1569,TR796350,<love_poetic>_<hard>_<clean>
1570,TR638964,<rap_identity>_<chill>_<clean>
1571,TR691549,<rap_identity>_<unknown>_<street>
1572,TR638043,<love_poetic>_<hard>_<clean>
1573,TR526693,<trap_street>_<chill>_<street>
1574,TR832792,<rap_identity>_<unknown>_<clean>
1575,TR140307,<love_poetic>_<unknown>_<clean>
1576,TR182371,<rap_identity>_<unknown>_<aggressive>
1577,TR944761,<trap_street>_<hard>_<street>
1578,TR849251,<trap_street>_<unknown>_<aggressive>
1579,TR214480,<love_poetic>_<chill>_<clean>
1580,TR277928,<rap_identity>_<hard>_<street>
1581,TR822632,<love_poetic>_<chill>_<street>
1582,TR692998,<love_poetic>_<chill>_<clean>
1583,TR308497,<trap_street>_<hard>_<aggressive>
1584,TR278228,<love_poetic>_<hard>_<clean>
1585,TR718332,<trap_street>_<chill>_<clean>
1586,TR545730,<rap_identity>_<unknown>_<street>
1587,TR505977,<trap_street>_<hard>_<clean>
1588,TR271331,<trap_street>_<hard>_<street>
1589,TR519202,<love_poetic>_<chill>_<clean>
1590,TR233437,<love_poetic>_<chill>_<clean>
1591,TR741364,<spanish>_<chill>_<clean>
1592,TR193890,<love_poetic>_<hard>_<clean>
1593,TR758604,<reflection_life>_<hard>_<clean>
1594,TR929659,<love_poetic>_<hard>_<street>
1595,TR835724,<trap_street>_<hard>_<street>
1596,TR282034,<love_poetic>_<chill>_<street>
1597,TR368950,<love_poetic>_<chill>_<clean>
1598,TR774446,<trap_street>_<hard>_<clean>
1599,TR342202,<trap_street>_<unknown>_<aggressive>
1600,TR630140,<trap_street>_<hard>_<clean>
1601,TR467494,<dialect_rap>_<chill>_<clean>
1602,TR153127,<rap_identity>_<hard>_<street>
1603,TR337973,<dialect_rap>_<chill>_<clean>
1604,TR712116,<dialect_rap>_<chill>_<clean>
1605,TR831391,<rap_identity>_<hard>_<street>
1606,TR777371,<dialect_rap>_<chill>_<clean>
1607,TR514322,<rap_identity>_<hard>_<clean>
1608,TR614287,<dialect_rap>_<chill>_<clean>
1609,TR721842,<rap_identity>_<hard>_<clean>
1610,TR354355,<dialect_rap>_<chill>_<street>
1611,TR979460,<love_poetic>_<chill>_<clean>
1612,TR485797,<love_poetic>_<chill>_<clean>
1613,TR512266,<love_poetic>_<hard>_<clean>
1614,TR629023,<love_poetic>_<hard>_<clean>
1615,TR273525,<dialect_rap>_<hard>_<clean>
1616,TR962595,<dialect_rap>_<chill>_<clean>
1617,TR397469,<dialect_rap>_<chill>_<clean>
1618,TR301142,<dialect_rap>_<chill>_<clean>
1619,TR875449,<dialect_rap>_<hard>_<clean>
1620,TR282165,<dialect_rap>_<chill>_<clean>
1621,TR224610,<love_poetic>_<chill>_<clean>
1622,TR221882,<love_poetic>_<hard>_<clean>
1623,TR254967,<rap_identity>_<chill>_<clean>
1624,TR722062,<rap_identity>_<chill>_<clean>
1625,TR202859,<reflection_life>_<hard>_<clean>
1626,TR282724,<trap_street>_<chill>_<clean>
1627,TR723534,<dialect_rap>_<chill>_<clean>
1628,TR777985,<love_poetic>_<hard>_<clean>
1629,TR825992,<dialect_rap>_<hard>_<clean>
1630,TR930172,<love_poetic>_<unknown>_<clean>
1631,TR649283,<english_pop_trap>_<unknown>_<clean>
1632,TR715078,<english_pop_trap>_<chill>_<clean>
1633,TR684361,<rap_identity>_<chill>_<clean>
1634,TR430307,<rap_identity>_<hard>_<street>
1635,TR590819,<dialect_rap>_<hard>_<clean>
1636,TR460836,<dialect_rap>_<unknown>_<clean>
1637,TR445249,<dialect_rap>_<chill>_<clean>
1638,TR354248,<dialect_rap>_<hard>_<street>
1639,TR886925,<dialect_rap>_<hard>_<clean>
1640,TR425153,<dialect_rap>_<hard>_<clean>
1641,TR622852,<dialect_rap>_<hard>_<clean>
1642,TR120443,<dialect_rap>_<chill>_<clean>
1643,TR726634,<dialect_rap>_<hard>_<clean>
1644,TR483528,<dialect_rap>_<chill>_<clean>
1645,TR835866,<love_poetic>_<unknown>_<clean>
1646,TR745567,<rap_identity>_<hard>_<clean>
1647,TR486156,<rap_identity>_<chill>_<clean>
1648,TR833101,<reflection_life>_<chill>_<clean>
1649,TR609916,<rap_identity>_<chill>_<clean>
1650,TR999967,<dialect_rap>_<hard>_<clean>
1651,TR482798,<love_poetic>_<unknown>_<clean>
1652,TR668982,<love_poetic>_<chill>_<clean>
1653,TR945181,<dialect_rap>_<hard>_<clean>
1654,TR262271,<dialect_rap>_<chill>_<clean>
1655,TR186500,<rap_identity>_<unknown>_<clean>
1656,TR869136,<rap_identity>_<chill>_<clean>
1657,TR850800,<dialect_rap>_<hard>_<street>
1658,TR103381,<dialect_rap>_<chill>_<clean>
1659,TR714758,<rap_identity>_<hard>_<clean>
1660,TR531697,<rap_identity>_<chill>_<clean>
1661,TR440648,<dialect_rap>_<unknown>_<clean>
1662,TR638637,<dialect_rap>_<hard>_<clean>
1663,TR807064,<dialect_rap>_<hard>_<clean>
1664,TR697601,<dialect_rap>_<chill>_<clean>
1665,TR950946,<reflection_life>_<hard>_<street>
1666,TR365467,<dialect_rap>_<chill>_<clean>
1667,TR400042,<dialect_rap>_<unknown>_<clean>
1668,TR568386,<dialect_rap>_<chill>_<clean>
1669,TR839331,<rap_identity>_<unknown>_<clean>
1670,TR849346,<dialect_rap>_<chill>_<clean>
1671,TR567504,<love_poetic>_<chill>_<clean>
1672,TR474232,<reflection_life>_<chill>_<clean>
1673,TR894590,<rap_identity>_<hard>_<clean>
1674,TR801120,<dialect_rap>_<hard>_<clean>
1675,TR234814,<dialect_rap>_<unknown>_<clean>
1676,TR527056,<dialect_rap>_<chill>_<clean>
1677,TR304229,<dialect_rap>_<chill>_<clean>
1678,TR389501,<dialect_rap>_<chill>_<clean>
1679,TR316449,<dialect_rap>_<chill>_<clean>
1680,TR128899,<love_poetic>_<chill>_<clean>
1681,TR560774,<rap_identity>_<chill>_<clean>
1682,TR444711,<love_poetic>_<chill>_<clean>
1683,TR847067,<dialect_rap>_<hard>_<clean>
1684,TR361105,<spanish>_<chill>_<clean>
1685,TR568289,<love_poetic>_<chill>_<clean>
1686,TR588070,<dialect_rap>_<chill>_<clean>
1687,TR522087,<dialect_rap>_<hard>_<clean>
1688,TR951262,<reflection_life>_<chill>_<clean>
1689,TR279200,<love_poetic>_<chill>_<clean>
1690,TR920780,<dialect_rap>_<chill>_<clean>
1691,TR422841,<dialect_rap>_<chill>_<clean>
1692,TR705636,<dialect_rap>_<hard>_<clean>
1693,TR941084,<love_poetic>_<chill>_<clean>
1694,TR913780,<english_pop_trap>_<unknown>_<clean>
1695,TR466647,<dialect_rap>_<chill>_<clean>
1696,TR425315,<dialect_rap>_<unknown>_<clean>
1697,TR571589,<love_poetic>_<hard>_<clean>
1698,TR219331,<love_poetic>_<unknown>_<clean>
1699,TR503043,<love_poetic>_<chill>_<street>
1700,TR990291,<rap_identity>_<hard>_<clean>
1701,TR665386,<love_poetic>_<chill>_<clean>
1702,TR454203,<love_poetic>_<chill>_<clean>
1703,TR353927,<love_poetic>_<chill>_<clean>
1704,TR147594,<dialect_rap>_<chill>_<clean>
1705,TR484257,<love_poetic>_<hard>_<clean>
1706,TR299406,<rap_identity>_<hard>_<clean>
1707,TR254487,<english_pop_trap>_<unknown>_<clean>
1708,TR379807,<rap_identity>_<hard>_<clean>
1709,TR479035,<rap_identity>_<chill>_<clean>
1710,TR134423,<love_poetic>_<chill>_<clean>
1711,TR592836,<love_poetic>_<unknown>_<clean>
1712,TR315007,<dialect_rap>_<hard>_<clean>
1713,TR319492,<love_poetic>_<chill>_<clean>
1714,TR328568,<dialect_rap>_<hard>_<clean>
1715,TR563672,<rap_identity>_<chill>_<clean>
1716,TR136564,<dialect_rap>_<hard>_<clean>
1717,TR155138,<rap_identity>_<hard>_<clean>
1718,TR378259,<dialect_rap>_<chill>_<clean>
1719,TR934606,<dialect_rap>_<unknown>_<clean>
1720,TR949901,<dialect_rap>_<chill>_<clean>
1721,TR287085,<dialect_rap>_<hard>_<clean>
1722,TR372521,<reflection_life>_<unknown>_<clean>
1723,TR730501,<dialect_rap>_<unknown>_<clean>
1724,TR474661,<rap_identity>_<unknown>_<clean>
1725,TR290228,<love_poetic>_<chill>_<clean>
1726,TR714514,<dialect_rap>_<chill>_<clean>
1727,TR406251,<english_pop_trap>_<unknown>_<street>
1728,TR124186,<rap_identity>_<hard>_<clean>
1729,TR182560,<love_poetic>_<hard>_<clean>
1730,TR195783,<dialect_rap>_<unknown>_<street>
1731,TR318049,<reflection_life>_<unknown>_<clean>
1732,TR939485,<dialect_rap>_<unknown>_<clean>
1733,TR614188,<dialect_rap>_<unknown>_<clean>
1734,TR332134,<rap_identity>_<chill>_<clean>
1735,TR589876,<dialect_rap>_<unknown>_<clean>
1736,TR549310,<dialect_rap>_<unknown>_<clean>
1737,TR592604,<love_poetic>_<chill>_<clean>
1738,TR265866,<dialect_rap>_<energetic>_<clean>
1739,TR286432,<rap_identity>_<hard>_<clean>
1740,TR970958,<love_poetic>_<hard>_<clean>
1741,TR554501,<rap_identity>_<unknown>_<clean>
1742,TR839097,<dialect_rap>_<hard>_<clean>
1743,TR766084,<dialect_rap>_<chill>_<clean>
1744,TR261723,<rap_identity>_<chill>_<clean>
1745,TR715318,<dialect_rap>_<chill>_<clean>
1746,TR488982,<rap_identity>_<unknown>_<street>
1747,TR103858,<dialect_rap>_<unknown>_<clean>
1748,TR820569,<dialect_rap>_<unknown>_<clean>
1749,TR149109,<love_poetic>_<unknown>_<clean>
1750,TR161888,<love_poetic>_<chill>_<clean>
1751,TR523644,<rap_identity>_<unknown>_<clean>
1752,TR108968,<rap_identity>_<chill>_<street>
1753,TR523926,<love_poetic>_<hard>_<clean>
1754,TR707070,<rap_identity>_<chill>_<clean>
1755,TR471430,<reflection_life>_<unknown>_<clean>
1756,TR528559,<love_poetic>_<unknown>_<clean>
1757,TR503606,<rap_identity>_<hard>_<clean>
1758,TR613101,<rap_identity>_<hard>_<clean>
1759,TR611895,<rap_identity>_<hard>_<clean>
1760,TR135009,<english_pop_trap>_<hard>_<street>
1761,TR418157,<love_poetic>_<unknown>_<clean>
1762,TR807924,<rap_identity>_<hard>_<clean>
1763,TR788642,<trap_street>_<hard>_<clean>
1764,TR500800,<rap_identity>_<hard>_<clean>
1765,TR582202,<love_poetic>_<chill>_<clean>
1766,TR350170,<english_pop_trap>_<hard>_<clean>
1767,TR668190,<rap_identity>_<hard>_<clean>
1768,TR940339,<rap_identity>_<hard>_<clean>
1769,TR965746,<rap_identity>_<hard>_<clean>
1770,TR629686,<love_poetic>_<hard>_<clean>
1771,TR858406,<love_poetic>_<chill>_<clean>
1772,TR438714,<love_poetic>_<unknown>_<clean>
1773,TR838529,<rap_identity>_<hard>_<street>
1774,TR355021,<rap_identity>_<unknown>_<clean>
1775,TR472287,<love_poetic>_<hard>_<clean>
1776,TR742024,<rap_identity>_<unknown>_<clean>
1777,TR247518,<reflection_life>_<unknown>_<clean>
1778,TR372707,<rap_identity>_<chill>_<clean>
1779,TR336072,<rap_identity>_<unknown>_<clean>
1780,TR774768,<rap_identity>_<unknown>_<clean>
1781,TR722697,<rap_identity>_<chill>_<street>
1782,TR828288,<english_pop_trap>_<unknown>_<clean>
1783,TR392894,<rap_identity>_<hard>_<clean>
1784,TR631053,<love_poetic>_<hard>_<street>
1785,TR838495,<rap_identity>_<chill>_<street>
1786,TR426713,<love_poetic>_<hard>_<clean>
1787,TR529985,<love_poetic>_<chill>_<street>
1788,TR568430,<love_poetic>_<unknown>_<clean>
1789,TR470259,<rap_identity>_<hard>_<clean>
1790,TR714037,<reflection_life>_<chill>_<clean>
1791,TR984550,<rap_identity>_<unknown>_<clean>
1792,TR222042,<love_poetic>_<hard>_<clean>
1793,TR608417,<reflection_life>_<hard>_<clean>
1794,TR294228,<love_poetic>_<unknown>_<clean>
1795,TR193436,<rap_identity>_<unknown>_<clean>
1796,TR664122,<rap_identity>_<hard>_<clean>
1797,TR819932,<love_poetic>_<hard>_<clean>
1798,TR974952,<rap_identity>_<chill>_<street>
1799,TR262772,<love_poetic>_<hard>_<clean>
1800,TR989385,<rap_identity>_<unknown>_<aggressive>
1801,TR411326,<love_poetic>_<unknown>_<clean>
1802,TR157987,<rap_identity>_<chill>_<clean>
1803,TR749608,<rap_identity>_<unknown>_<clean>
1804,TR655245,<rap_identity>_<hard>_<street>
1805,TR240454,<rap_identity>_<hard>_<aggressive>
1806,TR216551,<rap_identity>_<unknown>_<clean>
1807,TR741169,<rap_identity>_<chill>_<clean>
1808,TR943397,<reflection_life>_<chill>_<clean>
1809,TR893269,<reflection_life>_<chill>_<clean>
1810,TR664641,<rap_identity>_<hard>_<clean>
1811,TR639326,<love_poetic>_<hard>_<street>
1812,TR951257,<reflection_life>_<unknown>_<clean>
1813,TR483879,<rap_identity>_<unknown>_<street>
1814,TR490800,<rap_identity>_<unknown>_<street>
1815,TR742231,<rap_identity>_<unknown>_<clean>
1816,TR636622,<rap_identity>_<hard>_<clean>
1817,TR567021,<english_pop_trap>_<hard>_<clean>
1818,TR711819,<rap_identity>_<chill>_<clean>
1819,TR837383,<rap_identity>_<hard>_<clean>
1820,TR327415,<rap_identity>_<unknown>_<street>
1821,TR378129,<rap_identity>_<chill>_<clean>
1822,TR363416,<reflection_life>_<unknown>_<clean>
1823,TR602458,<rap_identity>_<unknown>_<street>
1824,TR314312,<trap_street>_<hard>_<clean>
1825,TR867359,<reflection_life>_<hard>_<clean>
1826,TR802478,<love_poetic>_<hard>_<clean>
1827,TR617124,<rap_identity>_<hard>_<street>
1828,TR840811,<reflection_life>_<hard>_<clean>
1829,TR598847,<reflection_life>_<hard>_<clean>
1830,TR672649,<rap_identity>_<unknown>_<aggressive>
1831,TR901388,<reflection_life>_<hard>_<clean>
1832,TR138270,<rap_identity>_<hard>_<clean>
1833,TR836799,<rap_identity>_<chill>_<clean>
1834,TR681501,<rap_identity>_<hard>_<clean>
1835,TR416102,<rap_identity>_<chill>_<clean>
1836,TR990496,<reflection_life>_<unknown>_<clean>
1837,TR358725,<rap_identity>_<unknown>_<clean>
1838,TR386868,<rap_identity>_<unknown>_<clean>
1839,TR652896,<rap_identity>_<chill>_<clean>
1840,TR790549,<rap_identity>_<unknown>_<clean>
1841,TR872869,<rap_identity>_<hard>_<street>
1842,TR216351,<love_poetic>_<hard>_<street>
1843,TR548976,<rap_identity>_<hard>_<clean>
1844,TR602471,<reflection_life>_<unknown>_<clean>
1845,TR775350,<rap_identity>_<chill>_<street>
1846,TR856666,<love_poetic>_<unknown>_<clean>
1847,TR932111,<rap_identity>_<hard>_<clean>
1848,TR530840,<love_poetic>_<unknown>_<clean>
1849,TR593609,<rap_identity>_<chill>_<clean>
1850,TR876868,<rap_identity>_<chill>_<clean>
1851,TR872955,<spanish>_<hard>_<clean>
1852,TR548014,<rap_identity>_<chill>_<clean>
1853,TR957302,<reflection_life>_<hard>_<clean>
1854,TR199041,<rap_identity>_<chill>_<clean>
1855,TR948776,<rap_identity>_<unknown>_<clean>
1856,TR184510,<rap_identity>_<hard>_<clean>
1857,TR604757,<rap_identity>_<hard>_<clean>
1858,TR619414,<love_poetic>_<hard>_<clean>
1859,TR111939,<rap_identity>_<chill>_<aggressive>
1860,TR861652,<english_pop_trap>_<chill>_<clean>
1861,TR221221,<rap_identity>_<chill>_<clean>
1862,TR961080,<rap_identity>_<unknown>_<clean>
1863,TR710212,<reflection_life>_<chill>_<clean>
1864,TR215015,<love_poetic>_<chill>_<clean>
1865,TR961915,<english_pop_trap>_<unknown>_<clean>
1866,TR906053,<reflection_life>_<chill>_<clean>
1867,TR672645,<love_poetic>_<unknown>_<street>
1868,TR437757,<love_poetic>_<chill>_<clean>
1869,TR319144,<reflection_life>_<unknown>_<clean>
1870,TR233289,<rap_identity>_<unknown>_<clean>
1871,TR248876,<english_pop_trap>_<unknown>_<clean>
1872,TR513495,<rap_identity>_<hard>_<clean>
1873,TR652825,<rap_identity>_<unknown>_<aggressive>
1874,TR446094,<love_poetic>_<chill>_<clean>
1875,TR370336,<rap_identity>_<unknown>_<clean>
1876,TR418970,<love_poetic>_<hard>_<clean>
1877,TR122619,<rap_identity>_<unknown>_<clean>
1878,TR480925,<english_pop_trap>_<unknown>_<clean>
1879,TR158936,<rap_identity>_<unknown>_<aggressive>
1880,TR821230,<love_poetic>_<unknown>_<clean>
1881,TR274787,<rap_identity>_<unknown>_<street>
1882,TR264450,<rap_identity>_<unknown>_<clean>
1883,TR135771,<rap_identity>_<chill>_<clean>
1884,TR901844,<rap_identity>_<unknown>_<clean>
1885,TR492229,<rap_identity>_<unknown>_<clean>
1886,TR722594,<rap_identity>_<hard>_<street>
1887,TR122909,<reflection_life>_<hard>_<clean>
1888,TR528178,<rap_identity>_<hard>_<street>
1889,TR977481,<rap_identity>_<hard>_<clean>
1890,TR192351,<reflection_life>_<hard>_<clean>
1891,TR114467,<love_poetic>_<hard>_<street>
1892,TR403058,<love_poetic>_<unknown>_<clean>
1893,TR418306,<love_poetic>_<hard>_<clean>
1894,TR307954,<love_poetic>_<hard>_<clean>
1895,TR719949,<rap_identity>_<unknown>_<clean>
1896,TR194183,<reflection_life>_<hard>_<clean>
1897,TR415008,<english_pop_trap>_<unknown>_<clean>
1898,TR994543,<rap_identity>_<unknown>_<clean>
1899,TR691555,<love_poetic>_<unknown>_<clean>
1900,TR702794,<english_pop_trap>_<unknown>_<clean>
1901,TR348279,<reflection_life>_<unknown>_<clean>
1902,TR675508,<english_pop_trap>_<unknown>_<clean>
1903,TR204122,<love_poetic>_<unknown>_<clean>
1904,TR828721,<love_poetic>_<unknown>_<clean>
1905,TR415938,<reflection_life>_<chill>_<clean>
1906,TR305135,<love_poetic>_<hard>_<clean>
1907,TR902735,<reflection_life>_<hard>_<clean>
1908,TR109916,<reflection_life>_<hard>_<clean>
1909,TR389978,<reflection_life>_<hard>_<clean>
1910,TR342543,<reflection_life>_<hard>_<clean>
1911,TR132327,<love_poetic>_<hard>_<clean>
1912,TR350840,<english_pop_trap>_<hard>_<clean>
1913,TR901707,<love_poetic>_<unknown>_<clean>
1914,TR476528,<rap_identity>_<unknown>_<clean>
1915,TR290887,<english_pop_trap>_<unknown>_<clean>
1916,TR285437,<love_poetic>_<unknown>_<clean>
1917,TR763624,<english_pop_trap>_<hard>_<aggressive>
1918,TR434327,<reflection_life>_<chill>_<clean>
1919,TR443742,<reflection_life>_<hard>_<clean>
1920,TR252912,<rap_identity>_<hard>_<aggressive>
1921,TR316896,<rap_identity>_<unknown>_<street>
1922,TR466521,<rap_identity>_<hard>_<street>
1923,TR863568,<rap_identity>_<hard>_<street>
1924,TR539926,<reflection_life>_<chill>_<clean>
1925,TR550536,<rap_identity>_<hard>_<aggressive>
1926,TR564816,<reflection_life>_<chill>_<street>
1927,TR204867,<rap_identity>_<unknown>_<street>
1928,TR589489,<rap_identity>_<hard>_<street>
1929,TR799409,<rap_identity>_<chill>_<clean>
1930,TR935622,<rap_identity>_<hard>_<aggressive>
1931,TR591369,<rap_identity>_<hard>_<clean>
1932,TR772758,<rap_identity>_<chill>_<aggressive>
1933,TR998998,<reflection_life>_<hard>_<clean>
1934,TR801490,<reflection_life>_<hard>_<clean>
1935,TR143367,<rap_identity>_<unknown>_<clean>
1936,TR884950,<rap_identity>_<hard>_<clean>
1937,TR991289,<rap_identity>_<hard>_<clean>
1938,TR960740,<reflection_life>_<chill>_<clean>
1939,TR239743,<rap_identity>_<chill>_<aggressive>
1940,TR203999,<rap_identity>_<hard>_<clean>
1941,TR842852,<reflection_life>_<unknown>_<clean>
1942,TR866727,<rap_identity>_<chill>_<clean>
1943,TR278311,<love_poetic>_<hard>_<clean>
1944,TR632060,<love_poetic>_<chill>_<clean>
1945,TR497858,<reflection_life>_<hard>_<street>
1946,TR613459,<rap_identity>_<unknown>_<street>
1947,TR232256,<rap_identity>_<hard>_<aggressive>
1948,TR234697,<reflection_life>_<hard>_<clean>
1949,TR172746,<rap_identity>_<chill>_<aggressive>
1950,TR150455,<rap_identity>_<chill>_<street>
1951,TR444433,<reflection_life>_<hard>_<clean>
1952,TR307915,<rap_identity>_<chill>_<street>
1953,TR838304,<rap_identity>_<chill>_<street>
1954,TR177789,<rap_identity>_<hard>_<clean>
1955,TR136811,<reflection_life>_<unknown>_<clean>
1956,TR403288,<rap_identity>_<chill>_<street>
1957,TR105364,<reflection_life>_<unknown>_<clean>
1958,TR224256,<rap_identity>_<unknown>_<clean>
1959,TR503521,<rap_identity>_<hard>_<clean>
1960,TR525576,<rap_identity>_<hard>_<clean>
1961,TR122922,<rap_identity>_<hard>_<aggressive>
1962,TR446619,<reflection_life>_<hard>_<aggressive>
1963,TR392741,<rap_identity>_<unknown>_<street>
1964,TR438358,<reflection_life>_<chill>_<clean>
1965,TR811753,<rap_identity>_<chill>_<clean>
1966,TR943143,<love_poetic>_<unknown>_<clean>
1967,TR251094,<rap_identity>_<hard>_<street>
1968,TR178473,<rap_identity>_<chill>_<clean>
1969,TR324941,<rap_identity>_<unknown>_<street>
1970,TR733092,<rap_identity>_<chill>_<aggressive>
1971,TR481276,<rap_identity>_<hard>_<aggressive>
1972,TR111715,<reflection_life>_<chill>_<clean>
1973,TR709616,<rap_identity>_<hard>_<aggressive>
1974,TR412854,<love_poetic>_<chill>_<street>
1975,TR167740,<love_poetic>_<chill>_<clean>
1976,TR148805,<rap_identity>_<unknown>_<clean>
1977,TR744298,<rap_identity>_<chill>_<clean>
1978,TR344080,<rap_identity>_<chill>_<clean>
1979,TR237380,<rap_identity>_<hard>_<clean>
1980,TR878128,<love_poetic>_<chill>_<clean>
1981,TR108446,<rap_identity>_<hard>_<clean>
1982,TR901455,<rap_identity>_<hard>_<clean>
1983,TR518927,<reflection_life>_<hard>_<clean>
1984,TR672131,<rap_identity>_<chill>_<clean>
1985,TR482736,<spanish>_<unknown>_<clean>
1986,TR990945,<rap_identity>_<chill>_<street>
1987,TR609770,<reflection_life>_<chill>_<clean>
1988,TR472380,<rap_identity>_<hard>_<clean>
1989,TR382463,<rap_identity>_<chill>_<street>
1990,TR448308,<reflection_life>_<hard>_<clean>
1991,TR931663,<reflection_life>_<chill>_<clean>
1992,TR345528,<english_pop_trap>_<chill>_<clean>
1993,TR933884,<rap_identity>_<chill>_<street>
1994,TR121405,<rap_identity>_<chill>_<clean>
1995,TR770488,<rap_identity>_<hard>_<clean>
1996,TR775377,<rap_identity>_<chill>_<clean>
1997,TR316521,<rap_identity>_<chill>_<street>
1998,TR686371,<rap_identity>_<unknown>_<clean>
1999,TR300576,<rap_identity>_<unknown>_<clean>
2000,TR290267,<rap_identity>_<chill>_<clean>
2001,TR218393,<rap_identity>_<hard>_<clean>
2002,TR508264,<trap_street>_<hard>_<clean>
2003,TR176424,<rap_identity>_<hard>_<clean>
2004,TR962108,<love_poetic>_<hard>_<clean>
2005,TR273414,<reflection_life>_<hard>_<clean>
2006,TR291776,<rap_identity>_<chill>_<clean>
2007,TR724796,<rap_identity>_<hard>_<clean>
2008,TR844218,<reflection_life>_<chill>_<clean>
2009,TR312732,<rap_identity>_<chill>_<clean>
2010,TR168277,<reflection_life>_<unknown>_<clean>
2011,TR988738,<rap_identity>_<chill>_<street>
2012,TR932768,<rap_identity>_<unknown>_<clean>
2013,TR349321,<rap_identity>_<hard>_<clean>
2014,TR848166,<reflection_life>_<hard>_<clean>
2015,TR762452,<reflection_life>_<hard>_<clean>
2016,TR407335,<rap_identity>_<chill>_<clean>
2017,TR248802,<love_poetic>_<unknown>_<clean>
2018,TR877490,<spanish>_<hard>_<clean>
2019,TR978195,<rap_identity>_<hard>_<clean>
2020,TR705159,<rap_identity>_<hard>_<clean>
2021,TR370663,<rap_identity>_<chill>_<street>
2022,TR597065,<reflection_life>_<chill>_<clean>
2023,TR580051,<reflection_life>_<hard>_<clean>
2024,TR484857,<reflection_life>_<hard>_<clean>
2025,TR198241,<reflection_life>_<chill>_<clean>
2026,TR646735,<love_poetic>_<unknown>_<clean>
2027,TR831827,<rap_identity>_<chill>_<clean>
2028,TR249890,<rap_identity>_<chill>_<clean>
2029,TR565958,<rap_identity>_<unknown>_<clean>
2030,TR385951,<love_poetic>_<chill>_<clean>
2031,TR120106,<rap_identity>_<chill>_<clean>
2032,TR368909,<rap_identity>_<chill>_<clean>
2033,TR588523,<rap_identity>_<chill>_<clean>
2034,TR693043,<reflection_life>_<chill>_<clean>
2035,TR554964,<rap_identity>_<hard>_<clean>
2036,TR220174,<rap_identity>_<chill>_<clean>
2037,TR903036,<english_pop_trap>_<unknown>_<clean>
2038,TR260784,<rap_identity>_<chill>_<clean>
2039,TR997195,<love_poetic>_<chill>_<clean>
2040,TR167063,<rap_identity>_<unknown>_<street>
2041,TR994546,<rap_identity>_<chill>_<clean>
2042,TR835623,<trap_street>_<hard>_<clean>
2043,TR870721,<rap_identity>_<chill>_<street>
2044,TR917955,<rap_identity>_<hard>_<clean>
2045,TR420224,<rap_identity>_<chill>_<aggressive>
2046,TR671007,<reflection_life>_<hard>_<clean>
2047,TR983233,<rap_identity>_<unknown>_<clean>
2048,TR736278,<reflection_life>_<chill>_<clean>
2049,TR233630,<rap_identity>_<hard>_<clean>
2050,TR942520,<rap_identity>_<hard>_<aggressive>
2051,TR388921,<rap_identity>_<unknown>_<clean>
2052,TR220790,<reflection_life>_<chill>_<clean>
2053,TR958743,<rap_identity>_<chill>_<aggressive>
2054,TR975112,<rap_identity>_<chill>_<clean>
2055,TR957680,<reflection_life>_<hard>_<clean>
2056,TR895644,<reflection_life>_<unknown>_<clean>
2057,TR877889,<rap_identity>_<chill>_<clean>
2058,TR115652,<rap_identity>_<chill>_<clean>
2059,TR537942,<reflection_life>_<chill>_<clean>
2060,TR700280,<rap_identity>_<hard>_<clean>
2061,TR888500,<rap_identity>_<unknown>_<street>
2062,TR904420,<rap_identity>_<chill>_<street>
2063,TR920592,<reflection_life>_<hard>_<clean>
2064,TR224027,<rap_identity>_<unknown>_<clean>
2065,TR114955,<rap_identity>_<hard>_<clean>
2066,TR803061,<reflection_life>_<chill>_<clean>
2067,TR561056,<reflection_life>_<chill>_<clean>
2068,TR690143,<rap_identity>_<chill>_<street>
2069,TR532822,<reflection_life>_<chill>_<clean>
2070,TR340036,<reflection_life>_<unknown>_<clean>
2071,TR633813,<rap_identity>_<chill>_<clean>
2072,TR519371,<rap_identity>_<chill>_<street>
2073,TR581440,<reflection_life>_<unknown>_<clean>
2074,TR778894,<rap_identity>_<chill>_<clean>
2075,TR137864,<rap_identity>_<unknown>_<clean>
2076,TR428096,<rap_identity>_<chill>_<clean>
2077,TR600057,<rap_identity>_<hard>_<clean>
2078,TR607550,<rap_identity>_<hard>_<clean>
2079,TR156022,<reflection_life>_<hard>_<clean>
2080,TR255665,<rap_identity>_<unknown>_<clean>
2081,TR561901,<rap_identity>_<hard>_<street>
2082,TR724010,<rap_identity>_<hard>_<clean>
2083,TR418852,<rap_identity>_<hard>_<clean>
2084,TR751110,<rap_identity>_<unknown>_<clean>
2085,TR844036,<rap_identity>_<hard>_<clean>
2086,TR593858,<rap_identity>_<chill>_<clean>
2087,TR591050,<reflection_life>_<chill>_<clean>
2088,TR409731,<reflection_life>_<chill>_<clean>
2089,TR887990,<rap_identity>_<chill>_<clean>
2090,TR961564,<rap_identity>_<hard>_<clean>
2091,TR597348,<rap_identity>_<hard>_<clean>
2092,TR837586,<rap_identity>_<chill>_<street>
2093,TR351380,<love_poetic>_<chill>_<clean>
2094,TR479793,<reflection_life>_<chill>_<clean>
2095,TR957389,<reflection_life>_<chill>_<clean>
2096,TR709968,<rap_identity>_<hard>_<clean>
2097,TR910855,<rap_identity>_<chill>_<street>
2098,TR484122,<rap_identity>_<hard>_<clean>
2099,TR941156,<rap_identity>_<chill>_<clean>
2100,TR424045,<reflection_life>_<chill>_<clean>
2101,TR512155,<rap_identity>_<hard>_<street>
2102,TR703446,<rap_identity>_<unknown>_<street>
2103,TR166646,<reflection_life>_<chill>_<clean>
2104,TR285089,<reflection_life>_<chill>_<clean>
2105,TR307833,<love_poetic>_<unknown>_<clean>
2106,TR735029,<rap_identity>_<hard>_<clean>
2107,TR420459,<reflection_life>_<unknown>_<clean>
2108,TR872232,<rap_identity>_<chill>_<clean>
2109,TR981948,<reflection_life>_<hard>_<clean>
2110,TR696046,<reflection_life>_<unknown>_<clean>
2111,TR100524,<rap_identity>_<hard>_<clean>
2112,TR975085,<rap_identity>_<chill>_<clean>
2113,TR251966,<rap_identity>_<chill>_<clean>
2114,TR506768,<reflection_life>_<hard>_<clean>
2115,TR999958,<reflection_life>_<chill>_<clean>
2116,TR845575,<english_pop_trap>_<chill>_<clean>
2117,TR231480,<rap_identity>_<chill>_<clean>
2118,TR547400,<reflection_life>_<chill>_<clean>
2119,TR250056,<rap_identity>_<chill>_<clean>
2120,TR873026,<love_poetic>_<chill>_<clean>
2121,TR672561,<rap_identity>_<chill>_<clean>
2122,TR539870,<rap_identity>_<chill>_<clean>
2123,TR904041,<rap_identity>_<hard>_<clean>
2124,TR247713,<rap_identity>_<chill>_<clean>
2125,TR977799,<trap_street>_<chill>_<clean>
2126,TR451705,<rap_identity>_<chill>_<street>
2127,TR219103,<reflection_life>_<hard>_<clean>
2128,TR955916,<rap_identity>_<chill>_<aggressive>
2129,TR397401,<rap_identity>_<chill>_<clean>
2130,TR731271,<rap_identity>_<chill>_<clean>
2131,TR376662,<rap_identity>_<chill>_<clean>
2132,TR408042,<reflection_life>_<unknown>_<clean>
2133,TR466354,<rap_identity>_<hard>_<clean>
2134,TR245679,<rap_identity>_<unknown>_<aggressive>
2135,TR946363,<rap_identity>_<chill>_<street>
2136,TR456894,<reflection_life>_<chill>_<clean>
2137,TR742051,<rap_identity>_<hard>_<aggressive>
2138,TR588490,<rap_identity>_<hard>_<clean>
2139,TR800085,<rap_identity>_<chill>_<clean>
2140,TR605119,<rap_identity>_<chill>_<street>
2141,TR336834,<reflection_life>_<hard>_<clean>
2142,TR765677,<rap_identity>_<chill>_<clean>
2143,TR414333,<rap_identity>_<chill>_<clean>
2144,TR866344,<rap_identity>_<chill>_<clean>
2145,TR676171,<english_pop_trap>_<hard>_<clean>
2146,TR704705,<rap_identity>_<chill>_<aggressive>
2147,TR435845,<rap_identity>_<chill>_<clean>
2148,TR868123,<rap_identity>_<hard>_<aggressive>
2149,TR547354,<rap_identity>_<hard>_<clean>
2150,TR895378,<rap_identity>_<hard>_<clean>
2151,TR219883,<rap_identity>_<chill>_<street>
2152,TR540123,<rap_identity>_<chill>_<street>
2153,TR373448,<rap_identity>_<hard>_<clean>
2154,TR363564,<rap_identity>_<unknown>_<clean>
2155,TR475897,<rap_identity>_<unknown>_<clean>
2156,TR940609,<rap_identity>_<chill>_<clean>
2157,TR296960,<rap_identity>_<chill>_<clean>
2158,TR375955,<reflection_life>_<chill>_<clean>
2159,TR737536,<rap_identity>_<unknown>_<clean>
2160,TR553134,<rap_identity>_<unknown>_<clean>
2161,TR219347,<rap_identity>_<unknown>_<street>
2162,TR264422,<rap_identity>_<chill>_<clean>
2163,TR709016,<rap_identity>_<hard>_<clean>
2164,TR402241,<rap_identity>_<unknown>_<clean>
2165,TR618043,<rap_identity>_<unknown>_<clean>
2166,TR174989,<rap_identity>_<unknown>_<clean>
2167,TR344030,<reflection_life>_<hard>_<clean>
2168,TR160920,<reflection_life>_<unknown>_<clean>
2169,TR675623,<dialect_rap>_<unknown>_<clean>
2170,TR605683,<love_poetic>_<chill>_<clean>
2171,TR617350,<dialect_rap>_<unknown>_<clean>
2172,TR338511,<dialect_rap>_<unknown>_<clean>
2173,TR412298,<dialect_rap>_<chill>_<clean>
2174,TR572499,<dialect_rap>_<hard>_<clean>
2175,TR737484,<dialect_rap>_<unknown>_<clean>
2176,TR648356,<dialect_rap>_<unknown>_<clean>
2177,TR997555,<dialect_rap>_<chill>_<clean>
2178,TR597365,<reflection_life>_<hard>_<clean>
2179,TR331921,<dialect_rap>_<unknown>_<clean>
2180,TR894311,<dialect_rap>_<unknown>_<clean>
2181,TR868629,<reflection_life>_<unknown>_<clean>
2182,TR574573,<dialect_rap>_<unknown>_<clean>
2183,TR737044,<dialect_rap>_<unknown>_<clean>
2184,TR984521,<dialect_rap>_<chill>_<clean>
2185,TR734615,<dialect_rap>_<chill>_<clean>
2186,TR416131,<love_poetic>_<chill>_<clean>
2187,TR797239,<reflection_life>_<chill>_<clean>
2188,TR397702,<love_poetic>_<hard>_<clean>
2189,TR676076,<love_poetic>_<chill>_<clean>
2190,TR310359,<reflection_life>_<chill>_<clean>
2191,TR278514,<dialect_rap>_<chill>_<clean>
2192,TR340091,<spanish>_<chill>_<clean>
2193,TR783842,<dialect_rap>_<hard>_<clean>
2194,TR891269,<reflection_life>_<unknown>_<clean>
2195,TR972346,<dialect_rap>_<unknown>_<clean>
2196,TR583703,<dialect_rap>_<unknown>_<clean>
2197,TR291889,<reflection_life>_<chill>_<clean>
2198,TR823777,<dialect_rap>_<unknown>_<street>
2199,TR423129,<rap_identity>_<unknown>_<clean>
2200,TR628164,<dialect_rap>_<hard>_<clean>
2201,TR375832,<dialect_rap>_<hard>_<clean>
2202,TR611098,<love_poetic>_<hard>_<clean>
2203,TR160510,<dialect_rap>_<hard>_<clean>
2204,TR175075,<love_poetic>_<hard>_<clean>
2205,TR903919,<dialect_rap>_<unknown>_<clean>
2206,TR402879,<reflection_life>_<unknown>_<clean>
2207,TR874566,<rap_identity>_<chill>_<clean>
2208,TR420592,<love_poetic>_<unknown>_<clean>
2209,TR984458,<dialect_rap>_<unknown>_<clean>
2210,TR273257,<reflection_life>_<unknown>_<clean>
2211,TR328613,<love_poetic>_<chill>_<clean>
2212,TR909775,<trap_street>_<unknown>_<clean>
2213,TR300646,<trap_street>_<unknown>_<clean>
2214,TR712571,<dialect_rap>_<unknown>_<clean>
2215,TR361123,<dialect_rap>_<hard>_<clean>
2216,TR123175,<love_poetic>_<chill>_<clean>
2217,TR827390,<dialect_rap>_<unknown>_<clean>
2218,TR736632,<reflection_life>_<unknown>_<clean>
2219,TR393441,<dialect_rap>_<hard>_<clean>
2220,TR233963,<dialect_rap>_<unknown>_<clean>
2221,TR678953,<dialect_rap>_<chill>_<clean>
2222,TR736749,<dialect_rap>_<unknown>_<clean>
2223,TR559203,<love_poetic>_<unknown>_<clean>
2224,TR425722,<love_poetic>_<chill>_<clean>
2225,TR943962,<love_poetic>_<chill>_<clean>
2226,TR427818,<dialect_rap>_<unknown>_<clean>
2227,TR970003,<dialect_rap>_<chill>_<clean>
2228,TR988497,<reflection_life>_<chill>_<clean>
2229,TR261934,<reflection_life>_<chill>_<clean>
2230,TR913632,<love_poetic>_<chill>_<clean>
2231,TR990943,<dialect_rap>_<unknown>_<clean>
2232,TR183878,<rap_identity>_<chill>_<clean>
2233,TR753166,<dialect_rap>_<chill>_<clean>
2234,TR411238,<love_poetic>_<unknown>_<clean>
2235,TR281544,<dialect_rap>_<chill>_<clean>
2236,TR249038,<dialect_rap>_<chill>_<clean>
2237,TR702413,<dialect_rap>_<chill>_<clean>
2238,TR520264,<dialect_rap>_<chill>_<clean>
2239,TR880392,<love_poetic>_<chill>_<clean>
2240,TR195065,<rap_identity>_<unknown>_<street>
2241,TR410821,<rap_identity>_<chill>_<street>
2242,TR571867,<dialect_rap>_<chill>_<clean>
2243,TR145926,<dialect_rap>_<chill>_<clean>
2244,TR824652,<love_poetic>_<unknown>_<clean>
2245,TR436070,<love_poetic>_<chill>_<clean>
2246,TR295040,<dialect_rap>_<chill>_<clean>
2247,TR569842,<dialect_rap>_<chill>_<clean>
2248,TR219841,<dialect_rap>_<chill>_<clean>
2249,TR787229,<love_poetic>_<hard>_<clean>
2250,TR535595,<dialect_rap>_<chill>_<clean>
2251,TR281334,<rap_identity>_<chill>_<street>
2252,TR773022,<reflection_life>_<chill>_<clean>
2253,TR995120,<dialect_rap>_<chill>_<clean>
2254,TR782772,<love_poetic>_<chill>_<clean>
2255,TR384111,<reflection_life>_<unknown>_<clean>
2256,TR594428,<reflection_life>_<chill>_<clean>
2257,TR715255,<dialect_rap>_<chill>_<clean>
2258,TR427811,<dialect_rap>_<chill>_<clean>
2259,TR235567,<reflection_life>_<chill>_<street>
2260,TR707094,<love_poetic>_<chill>_<clean>
2261,TR552278,<dialect_rap>_<chill>_<clean>
2262,TR100109,<dialect_rap>_<unknown>_<clean>
2263,TR419369,<dialect_rap>_<chill>_<clean>
2264,TR886366,<dialect_rap>_<chill>_<clean>
2265,TR538332,<reflection_life>_<hard>_<clean>
2266,TR883861,<dialect_rap>_<chill>_<clean>
2267,TR857306,<reflection_life>_<chill>_<clean>
2268,TR197659,<rap_identity>_<chill>_<street>
2269,TR462868,<dialect_rap>_<chill>_<clean>
2270,TR497227,<dialect_rap>_<chill>_<clean>
2271,TR345819,<rap_identity>_<chill>_<clean>
2272,TR492881,<reflection_life>_<chill>_<clean>
2273,TR356558,<dialect_rap>_<chill>_<clean>
2274,TR413569,<dialect_rap>_<chill>_<clean>
2275,TR754008,<love_poetic>_<chill>_<clean>
2276,TR927894,<dialect_rap>_<hard>_<clean>
2277,TR625086,<spanish>_<chill>_<clean>
2278,TR263459,<love_poetic>_<chill>_<clean>
2279,TR241959,<love_poetic>_<unknown>_<clean>
2280,TR449511,<love_poetic>_<chill>_<clean>
2281,TR393450,<dialect_rap>_<unknown>_<clean>
2282,TR641189,<dialect_rap>_<unknown>_<clean>
2283,TR107054,<rap_identity>_<chill>_<clean>
2284,TR324991,<rap_identity>_<unknown>_<clean>
2285,TR693299,<reflection_life>_<unknown>_<street>
2286,TR873021,<rap_identity>_<unknown>_<clean>
2287,TR674129,<dialect_rap>_<unknown>_<clean>
2288,TR489426,<love_poetic>_<unknown>_<clean>
2289,TR820547,<rap_identity>_<chill>_<street>
2290,TR936760,<dialect_rap>_<unknown>_<clean>
2291,TR370680,<rap_identity>_<chill>_<clean>
2292,TR728866,<spanish>_<chill>_<clean>
2293,TR125665,<love_poetic>_<chill>_<clean>
2294,TR798239,<dialect_rap>_<chill>_<clean>
2295,TR685368,<dialect_rap>_<chill>_<clean>
2296,TR667173,<love_poetic>_<chill>_<clean>
2297,TR685295,<dialect_rap>_<chill>_<clean>
2298,TR809212,<dialect_rap>_<chill>_<clean>
2299,TR625175,<dialect_rap>_<chill>_<clean>
2300,TR158341,<dialect_rap>_<unknown>_<clean>
2301,TR353662,<dialect_rap>_<chill>_<clean>
2302,TR827034,<reflection_life>_<unknown>_<clean>
2303,TR669332,<dialect_rap>_<hard>_<clean>
2304,TR983470,<dialect_rap>_<hard>_<clean>
2305,TR255172,<dialect_rap>_<hard>_<clean>
2306,TR121106,<dialect_rap>_<unknown>_<clean>
2307,TR495592,<spanish>_<chill>_<clean>
2308,TR451888,<rap_identity>_<unknown>_<clean>
2309,TR404719,<rap_identity>_<unknown>_<street>
2310,TR218969,<reflection_life>_<unknown>_<clean>
2311,TR559646,<reflection_life>_<unknown>_<clean>
2312,TR939970,<reflection_life>_<unknown>_<clean>
2313,TR929666,<rap_identity>_<chill>_<clean>
2314,TR638929,<love_poetic>_<hard>_<clean>
2315,TR908529,<rap_identity>_<unknown>_<clean>
2316,TR416217,<reflection_life>_<chill>_<clean>
2317,TR657342,<reflection_life>_<energetic>_<clean>
2318,TR887276,<reflection_life>_<chill>_<clean>
2319,TR897620,<rap_identity>_<chill>_<clean>
2320,TR357182,<reflection_life>_<chill>_<clean>
2321,TR461758,<reflection_life>_<unknown>_<clean>
2322,TR483459,<rap_identity>_<chill>_<clean>
2323,TR405220,<love_poetic>_<chill>_<clean>
2324,TR844214,<reflection_life>_<chill>_<clean>
2325,TR233886,<english_pop_trap>_<chill>_<clean>
2326,TR713029,<reflection_life>_<chill>_<clean>
2327,TR342353,<rap_identity>_<unknown>_<street>
2328,TR909684,<rap_identity>_<energetic>_<street>
2329,TR385017,<love_poetic>_<unknown>_<clean>
2330,TR724468,<rap_identity>_<chill>_<clean>
2331,TR153713,<english_pop_trap>_<unknown>_<clean>
2332,TR896844,<english_pop_trap>_<chill>_<clean>
2333,TR113651,<rap_identity>_<chill>_<clean>
2334,TR973931,<rap_identity>_<chill>_<street>
2335,TR515505,<reflection_life>_<unknown>_<clean>
2336,TR757723,<rap_identity>_<chill>_<clean>
2337,TR456655,<reflection_life>_<unknown>_<clean>
2338,TR765073,<reflection_life>_<chill>_<clean>
2339,TR238862,<reflection_life>_<chill>_<clean>
2340,TR853687,<rap_identity>_<energetic>_<clean>
2341,TR761814,<rap_identity>_<chill>_<clean>
2342,TR681105,<rap_identity>_<unknown>_<clean>
2343,TR473631,<reflection_life>_<chill>_<clean>
2344,TR176784,<rap_identity>_<chill>_<clean>
2345,TR412121,<rap_identity>_<chill>_<clean>
2346,TR795453,<english_pop_trap>_<chill>_<clean>
2347,TR577535,<reflection_life>_<chill>_<street>
2348,TR902031,<reflection_life>_<chill>_<clean>
2349,TR989133,<rap_identity>_<chill>_<clean>
2350,TR618193,<love_poetic>_<chill>_<clean>
2351,TR420349,<reflection_life>_<chill>_<clean>
2352,TR888990,<rap_identity>_<unknown>_<clean>
2353,TR647184,<reflection_life>_<unknown>_<clean>
2354,TR994891,<english_pop_trap>_<unknown>_<clean>
2355,TR393747,<trap_street>_<chill>_<clean>
2356,TR735359,<rap_identity>_<chill>_<street>
2357,TR316279,<rap_identity>_<chill>_<clean>
2358,TR930294,<rap_identity>_<chill>_<clean>
2359,TR451883,<rap_identity>_<chill>_<clean>
2360,TR245683,<english_pop_trap>_<hard>_<street>
2361,TR626172,<rap_identity>_<unknown>_<street>
2362,TR487546,<love_poetic>_<unknown>_<clean>
2363,TR589803,<rap_identity>_<chill>_<clean>
2364,TR674667,<reflection_life>_<chill>_<clean>
2365,TR573940,<rap_identity>_<unknown>_<street>
2366,TR326139,<reflection_life>_<chill>_<clean>
2367,TR448926,<rap_identity>_<chill>_<clean>
2368,TR106934,<reflection_life>_<chill>_<clean>
2369,TR396451,<love_poetic>_<chill>_<clean>
2370,TR482300,<love_poetic>_<hard>_<clean>
2371,TR393765,<rap_identity>_<unknown>_<street>
2372,TR924604,<rap_identity>_<unknown>_<clean>
2373,TR122082,<reflection_life>_<unknown>_<clean>
2374,TR651339,<reflection_life>_<chill>_<clean>
2375,TR971470,<rap_identity>_<chill>_<clean>
2376,TR450922,<reflection_life>_<chill>_<clean>
2377,TR113475,<reflection_life>_<unknown>_<clean>
2378,TR999995,<rap_identity>_<chill>_<street>
2379,TR163591,<reflection_life>_<hard>_<clean>
2380,TR294787,<reflection_life>_<unknown>_<clean>
2381,TR281122,<rap_identity>_<chill>_<street>
2382,TR888527,<reflection_life>_<chill>_<clean>
2383,TR901922,<rap_identity>_<chill>_<clean>
2384,TR981030,<rap_identity>_<chill>_<clean>
2385,TR852704,<rap_identity>_<energetic>_<street>
2386,TR293075,<rap_identity>_<chill>_<clean>
2387,TR629034,<love_poetic>_<unknown>_<clean>
2388,TR530415,<rap_identity>_<unknown>_<clean>
2389,TR696576,<rap_identity>_<unknown>_<street>
2390,TR888249,<reflection_life>_<chill>_<clean>
2391,TR692683,<love_poetic>_<chill>_<clean>
2392,TR381756,<rap_identity>_<unknown>_<clean>
2393,TR992688,<english_pop_trap>_<hard>_<clean>
2394,TR720275,<reflection_life>_<chill>_<clean>
2395,TR656065,<reflection_life>_<chill>_<clean>
2396,TR918231,<reflection_life>_<chill>_<clean>
2397,TR774058,<reflection_life>_<chill>_<clean>
2398,TR777950,<reflection_life>_<chill>_<clean>
2399,TR521864,<rap_identity>_<chill>_<clean>
2400,TR852101,<reflection_life>_<chill>_<clean>
2401,TR388413,<reflection_life>_<chill>_<clean>
2402,TR120687,<reflection_life>_<chill>_<clean>
2403,TR349647,<rap_identity>_<unknown>_<street>
2404,TR183052,<reflection_life>_<hard>_<clean>
2405,TR383266,<rap_identity>_<chill>_<clean>
2406,TR410219,<rap_identity>_<unknown>_<clean>
2407,TR632992,<rap_identity>_<hard>_<clean>
2408,TR226338,<reflection_life>_<unknown>_<clean>
2409,TR454904,<rap_identity>_<unknown>_<clean>
2410,TR780519,<english_pop_trap>_<hard>_<clean>
2411,TR125373,<rap_identity>_<hard>_<clean>
2412,TR556717,<rap_identity>_<unknown>_<clean>
2413,TR188603,<rap_identity>_<chill>_<aggressive>
2414,TR636800,<love_poetic>_<unknown>_<clean>
2415,TR304766,<love_poetic>_<unknown>_<clean>
2416,TR249299,<love_poetic>_<hard>_<clean>
2417,TR505059,<rap_identity>_<hard>_<street>
2418,TR364099,<rap_identity>_<hard>_<clean>
2419,TR270343,<love_poetic>_<hard>_<clean>
2420,TR560564,<reflection_life>_<unknown>_<clean>
2421,TR330018,<spanish>_<hard>_<clean>
2422,TR233503,<love_poetic>_<unknown>_<street>
2423,TR542367,<reflection_life>_<hard>_<clean>
2424,TR119972,<trap_street>_<unknown>_<clean>
2425,TR113185,<rap_identity>_<unknown>_<aggressive>
2426,TR718104,<rap_identity>_<hard>_<aggressive>
2427,TR166536,<rap_identity>_<hard>_<aggressive>
2428,TR675222,<reflection_life>_<hard>_<clean>
2429,TR325631,<reflection_life>_<hard>_<clean>
2430,TR103881,<reflection_life>_<hard>_<clean>
2431,TR861735,<rap_identity>_<hard>_<clean>
2432,TR779699,<love_poetic>_<hard>_<clean>
2433,TR693432,<love_poetic>_<hard>_<clean>
2434,TR996426,<love_poetic>_<chill>_<clean>
2435,TR379006,<english_pop_trap>_<chill>_<aggressive>
2436,TR389984,<love_poetic>_<hard>_<clean>
2437,TR569914,<rap_identity>_<hard>_<clean>
2438,TR469418,<love_poetic>_<unknown>_<clean>
2439,TR818473,<rap_identity>_<chill>_<clean>
2440,TR520274,<reflection_life>_<hard>_<clean>
2441,TR420905,<rap_identity>_<hard>_<clean>
2442,TR770576,<english_pop_trap>_<hard>_<clean>
2443,TR774641,<reflection_life>_<hard>_<clean>
2444,TR644679,<rap_identity>_<chill>_<clean>
2445,TR865489,<reflection_life>_<hard>_<clean>
2446,TR842542,<rap_identity>_<unknown>_<clean>
2447,TR482772,<english_pop_trap>_<hard>_<street>
2448,TR564628,<rap_identity>_<hard>_<clean>
2449,TR527773,<rap_identity>_<unknown>_<clean>
2450,TR492196,<rap_identity>_<unknown>_<street>
2451,TR557033,<english_pop_trap>_<hard>_<street>
2452,TR347932,<rap_identity>_<unknown>_<clean>
2453,TR511439,<rap_identity>_<hard>_<clean>
2454,TR351570,<rap_identity>_<unknown>_<aggressive>
2455,TR909283,<reflection_life>_<chill>_<clean>
2456,TR764513,<love_poetic>_<hard>_<clean>
2457,TR901322,<rap_identity>_<chill>_<clean>
2458,TR833299,<rap_identity>_<chill>_<clean>
2459,TR664408,<rap_identity>_<hard>_<clean>
2460,TR928285,<rap_identity>_<hard>_<clean>
2461,TR540503,<rap_identity>_<hard>_<clean>
2462,TR365643,<rap_identity>_<unknown>_<clean>
2463,TR814405,<rap_identity>_<hard>_<clean>
2464,TR434401,<reflection_life>_<chill>_<clean>
2465,TR486925,<rap_identity>_<unknown>_<clean>
2466,TR162769,<love_poetic>_<chill>_<clean>
2467,TR957360,<love_poetic>_<unknown>_<street>
2468,TR524477,<english_pop_trap>_<unknown>_<aggressive>
2469,TR119304,<love_poetic>_<hard>_<clean>
2470,TR431736,<reflection_life>_<chill>_<clean>
2471,TR921983,<reflection_life>_<chill>_<clean>
2472,TR372011,<love_poetic>_<hard>_<clean>
2473,TR456946,<love_poetic>_<hard>_<street>
2474,TR325554,<rap_identity>_<hard>_<street>
2475,TR431009,<rap_identity>_<unknown>_<clean>
2476,TR625144,<reflection_life>_<chill>_<street>
2477,TR300770,<spanish>_<hard>_<clean>
2478,TR182353,<rap_identity>_<hard>_<clean>
2479,TR937793,<rap_identity>_<unknown>_<street>
2480,TR288478,<love_poetic>_<hard>_<clean>
2481,TR596200,<reflection_life>_<unknown>_<street>
2482,TR944903,<reflection_life>_<unknown>_<clean>
2483,TR993950,<love_poetic>_<unknown>_<clean>
2484,TR785490,<love_poetic>_<hard>_<clean>
2485,TR276892,<love_poetic>_<chill>_<clean>
2486,TR781460,<reflection_life>_<hard>_<clean>
2487,TR394156,<spanish>_<chill>_<clean>
2488,TR595249,<rap_identity>_<hard>_<clean>
2489,TR193950,<reflection_life>_<hard>_<aggressive>
2490,TR177719,<reflection_life>_<chill>_<street>
2491,TR765173,<reflection_life>_<unknown>_<clean>
2492,TR652749,<rap_identity>_<chill>_<clean>
2493,TR591971,<love_poetic>_<chill>_<clean>
2494,TR824944,<rap_identity>_<chill>_<clean>
2495,TR818353,<rap_identity>_<hard>_<clean>
2496,TR427068,<rap_identity>_<chill>_<clean>
2497,TR251805,<spanish>_<unknown>_<clean>
2498,TR504503,<love_poetic>_<hard>_<clean>
2499,TR718090,<reflection_life>_<hard>_<clean>
2500,TR558083,<reflection_life>_<hard>_<clean>
2501,TR280635,<reflection_life>_<unknown>_<street>
2502,TR488409,<dialect_rap>_<unknown>_<clean>
2503,TR231328,<rap_identity>_<chill>_<street>
2504,TR138164,<rap_identity>_<unknown>_<clean>
2505,TR436692,<love_poetic>_<hard>_<clean>
2506,TR224447,<love_poetic>_<chill>_<clean>
2507,TR582411,<english_pop_trap>_<unknown>_<aggressive>
2508,TR742846,<rap_identity>_<chill>_<clean>
2509,TR852974,<rap_identity>_<unknown>_<clean>
2510,TR967853,<rap_identity>_<unknown>_<clean>
2511,TR443940,<rap_identity>_<chill>_<street>
2512,TR817208,<english_pop_trap>_<unknown>_<aggressive>
2513,TR453932,<rap_identity>_<unknown>_<clean>
2514,TR261539,<rap_identity>_<chill>_<clean>
2515,TR364379,<reflection_life>_<unknown>_<clean>
2516,TR281444,<love_poetic>_<unknown>_<clean>
2517,TR260357,<love_poetic>_<hard>_<clean>
2518,TR332272,<rap_identity>_<unknown>_<street>
2519,TR761195,<reflection_life>_<chill>_<clean>
2520,TR741248,<reflection_life>_<chill>_<clean>
2521,TR971741,<reflection_life>_<hard>_<clean>
2522,TR895787,<love_poetic>_<unknown>_<clean>
2523,TR346332,<reflection_life>_<hard>_<clean>
2524,TR403619,<rap_identity>_<hard>_<clean>
2525,TR342370,<rap_identity>_<hard>_<clean>
2526,TR484906,<love_poetic>_<hard>_<clean>
2527,TR595069,<rap_identity>_<hard>_<clean>
2528,TR206410,<love_poetic>_<hard>_<clean>
2529,TR128736,<love_poetic>_<chill>_<clean>
2530,TR982484,<rap_identity>_<hard>_<clean>
2531,TR507057,<love_poetic>_<unknown>_<clean>
2532,TR929544,<love_poetic>_<hard>_<clean>
2533,TR231932,<love_poetic>_<unknown>_<clean>
2534,TR580853,<love_poetic>_<unknown>_<clean>
2535,TR591293,<rap_identity>_<hard>_<street>
2536,TR503441,<love_poetic>_<unknown>_<clean>
2537,TR552211,<reflection_life>_<unknown>_<clean>
2538,TR779722,<rap_identity>_<hard>_<street>
2539,TR122045,<rap_identity>_<hard>_<aggressive>
2540,TR168014,<rap_identity>_<chill>_<clean>
2541,TR489662,<reflection_life>_<unknown>_<clean>
2542,TR867921,<reflection_life>_<unknown>_<clean>
2543,TR427782,<reflection_life>_<unknown>_<street>
2544,TR443655,<rap_identity>_<hard>_<clean>
2545,TR392289,<reflection_life>_<unknown>_<clean>
2546,TR285284,<reflection_life>_<hard>_<aggressive>
2547,TR293661,<rap_identity>_<unknown>_<street>
2548,TR639014,<reflection_life>_<unknown>_<clean>
2549,TR924722,<trap_street>_<hard>_<street>
2550,TR688225,<love_poetic>_<chill>_<clean>
2551,TR941836,<dialect_rap>_<unknown>_<clean>
2552,TR865167,<english_pop_trap>_<unknown>_<clean>
2553,TR463505,<spanish>_<chill>_<clean>
2554,TR385845,<love_poetic>_<chill>_<clean>
2555,TR908019,<rap_identity>_<unknown>_<clean>
2556,TR394661,<love_poetic>_<chill>_<clean>
2557,TR781601,<love_poetic>_<hard>_<clean>
2558,TR599799,<rap_identity>_<chill>_<clean>
2559,TR205294,<rap_identity>_<hard>_<clean>
2560,TR470088,<love_poetic>_<hard>_<clean>
2561,TR636815,<reflection_life>_<chill>_<clean>
2562,TR861477,<rap_identity>_<hard>_<clean>
2563,TR332128,<rap_identity>_<hard>_<clean>
2564,TR414415,<rap_identity>_<chill>_<street>
2565,TR138806,<love_poetic>_<chill>_<clean>
2566,TR909588,<english_pop_trap>_<hard>_<street>
2567,TR844270,<rap_identity>_<hard>_<street>
2568,TR567215,<rap_identity>_<chill>_<clean>
2569,TR641915,<english_pop_trap>_<hard>_<clean>
2570,TR832877,<love_poetic>_<chill>_<clean>
2571,TR166825,<rap_identity>_<hard>_<clean>
2572,TR871925,<love_poetic>_<hard>_<clean>
2573,TR502899,<rap_identity>_<chill>_<street>
2574,TR560031,<love_poetic>_<hard>_<street>
2575,TR999931,<rap_identity>_<chill>_<street>
2576,TR211418,<love_poetic>_<hard>_<clean>
2577,TR993322,<english_pop_trap>_<hard>_<clean>
2578,TR747523,<trap_street>_<hard>_<clean>
2579,TR227116,<love_poetic>_<hard>_<clean>
2580,TR792870,<love_poetic>_<hard>_<clean>
2581,TR930570,<love_poetic>_<hard>_<clean>
2582,TR951520,<rap_identity>_<hard>_<clean>
2583,TR493403,<love_poetic>_<chill>_<clean>
2584,TR971092,<love_poetic>_<hard>_<clean>
2585,TR422785,<trap_street>_<hard>_<clean>
2586,TR107583,<love_poetic>_<chill>_<clean>
2587,TR924898,<rap_identity>_<chill>_<clean>
2588,TR331751,<spanish>_<chill>_<clean>
2589,TR560054,<dialect_rap>_<hard>_<street>
2590,TR792749,<rap_identity>_<unknown>_<clean>
2591,TR529046,<love_poetic>_<hard>_<clean>
2592,TR284568,<reflection_life>_<hard>_<clean>
2593,TR719708,<trap_street>_<hard>_<clean>
2594,TR165899,<love_poetic>_<chill>_<clean>
2595,TR896289,<rap_identity>_<chill>_<clean>
2596,TR107295,<love_poetic>_<chill>_<clean>
2597,TR460079,<love_poetic>_<chill>_<clean>
2598,TR580218,<love_poetic>_<chill>_<clean>
2599,TR491816,<rap_identity>_<chill>_<street>
2600,TR839157,<love_poetic>_<hard>_<clean>
2601,TR982684,<rap_identity>_<chill>_<clean>
2602,TR331328,<love_poetic>_<chill>_<clean>
2603,TR697800,<rap_identity>_<hard>_<clean>
2604,TR578635,<rap_identity>_<chill>_<clean>
2605,TR661180,<rap_identity>_<chill>_<clean>
2606,TR659920,<love_poetic>_<unknown>_<clean>
2607,TR348740,<love_poetic>_<chill>_<clean>
2608,TR729753,<rap_identity>_<hard>_<clean>
2609,TR462551,<rap_identity>_<chill>_<street>
2610,TR240808,<rap_identity>_<hard>_<street>
2611,TR579261,<love_poetic>_<chill>_<clean>
2612,TR692101,<rap_identity>_<chill>_<clean>
2613,TR953514,<rap_identity>_<chill>_<clean>
2614,TR585084,<rap_identity>_<hard>_<clean>
2615,TR227599,<rap_identity>_<unknown>_<clean>
2616,TR667515,<rap_identity>_<hard>_<street>
2617,TR426786,<reflection_life>_<chill>_<clean>
2618,TR460611,<rap_identity>_<unknown>_<clean>
2619,TR692488,<rap_identity>_<unknown>_<street>
2620,TR450142,<english_pop_trap>_<chill>_<street>
2621,TR512388,<love_poetic>_<unknown>_<clean>
2622,TR309855,<reflection_life>_<hard>_<street>
2623,TR176514,<reflection_life>_<hard>_<clean>
2624,TR598033,<english_pop_trap>_<hard>_<clean>
2625,TR351439,<reflection_life>_<unknown>_<clean>
2626,TR264261,<love_poetic>_<unknown>_<clean>
2627,TR203806,<trap_street>_<unknown>_<street>
2628,TR739275,<love_poetic>_<chill>_<clean>
2629,TR826415,<english_pop_trap>_<hard>_<aggressive>
2630,TR142881,<reflection_life>_<unknown>_<clean>
2631,TR306828,<rap_identity>_<hard>_<clean>
2632,TR656528,<reflection_life>_<hard>_<clean>
2633,TR679586,<love_poetic>_<chill>_<clean>
2634,TR125521,<reflection_life>_<hard>_<clean>
2635,TR540283,<rap_identity>_<hard>_<clean>
2636,TR920364,<reflection_life>_<unknown>_<clean>
2637,TR702642,<rap_identity>_<chill>_<street>
2638,TR265497,<reflection_life>_<chill>_<clean>
2639,TR464791,<love_poetic>_<chill>_<clean>
2640,TR798946,<reflection_life>_<chill>_<clean>
2641,TR920831,<rap_identity>_<chill>_<street>
2642,TR663421,<rap_identity>_<chill>_<clean>
2643,TR749759,<reflection_life>_<hard>_<clean>
2644,TR809354,<trap_street>_<unknown>_<clean>
2645,TR111451,<english_pop_trap>_<chill>_<aggressive>
2646,TR519117,<reflection_life>_<unknown>_<clean>
2647,TR355490,<rap_identity>_<unknown>_<clean>
2648,TR334044,<trap_street>_<hard>_<clean>
2649,TR131697,<reflection_life>_<hard>_<clean>
2650,TR109608,<english_pop_trap>_<hard>_<street>
2651,TR138599,<spanish>_<unknown>_<clean>
2652,TR645311,<spanish>_<unknown>_<clean>
2653,TR832589,<spanish>_<unknown>_<clean>
2654,TR133830,<spanish>_<unknown>_<clean>
2655,TR835413,<spanish>_<unknown>_<clean>
2656,TR857686,<spanish>_<hard>_<clean>
2657,TR733391,<english_pop_trap>_<hard>_<clean>
2658,TR315204,<spanish>_<hard>_<clean>
2659,TR577214,<spanish>_<unknown>_<clean>
2660,TR551232,<spanish>_<unknown>_<clean>
2661,TR837813,<spanish>_<hard>_<clean>
2662,TR316192,<spanish>_<unknown>_<clean>
2663,TR490797,<love_poetic>_<unknown>_<street>
2664,TR963289,<reflection_life>_<hard>_<clean>
2665,TR272593,<rap_identity>_<unknown>_<clean>
2666,TR621222,<reflection_life>_<unknown>_<clean>
2667,TR886666,<reflection_life>_<hard>_<clean>
2668,TR876043,<love_poetic>_<hard>_<clean>
2669,TR985363,<reflection_life>_<unknown>_<clean>
2670,TR754294,<reflection_life>_<hard>_<clean>
2671,TR865985,<trap_street>_<unknown>_<clean>
2672,TR756531,<rap_identity>_<hard>_<clean>
2673,TR855184,<reflection_life>_<unknown>_<clean>
2674,TR451011,<love_poetic>_<hard>_<clean>
2675,TR926707,<english_pop_trap>_<unknown>_<clean>
2676,TR250222,<reflection_life>_<hard>_<clean>
2677,TR999337,<rap_identity>_<hard>_<clean>
2678,TR369933,<reflection_life>_<unknown>_<clean>
2679,TR712311,<rap_identity>_<unknown>_<clean>
2680,TR113113,<reflection_life>_<unknown>_<clean>
2681,TR856634,<reflection_life>_<hard>_<clean>
2682,TR528222,<rap_identity>_<hard>_<clean>
2683,TR151801,<english_pop_trap>_<hard>_<clean>
2684,TR418905,<reflection_life>_<hard>_<street>
2685,TR501095,<reflection_life>_<unknown>_<clean>
2686,TR427275,<reflection_life>_<hard>_<clean>
2687,TR105403,<reflection_life>_<unknown>_<clean>
2688,TR528961,<reflection_life>_<hard>_<clean>
2689,TR252754,<rap_identity>_<hard>_<clean>
2690,TR603875,<reflection_life>_<unknown>_<clean>
2691,TR498405,<reflection_life>_<unknown>_<clean>
2692,TR281742,<reflection_life>_<unknown>_<clean>
2693,TR540591,<love_poetic>_<hard>_<clean>
2694,TR871375,<rap_identity>_<chill>_<clean>
2695,TR665670,<reflection_life>_<unknown>_<clean>
2696,TR630832,<reflection_life>_<hard>_<clean>
2697,TR677792,<love_poetic>_<unknown>_<clean>
2698,TR816838,<love_poetic>_<unknown>_<clean>
2699,TR931334,<reflection_life>_<hard>_<clean>
2700,TR808361,<love_poetic>_<unknown>_<clean>
2701,TR370536,<rap_identity>_<unknown>_<clean>
2702,TR947835,<reflection_life>_<unknown>_<clean>
2703,TR384445,<rap_identity>_<unknown>_<clean>
2704,TR275557,<rap_identity>_<chill>_<clean>
2705,TR760065,<reflection_life>_<hard>_<clean>
2706,TR984145,<rap_identity>_<chill>_<clean>
2707,TR923118,<rap_identity>_<unknown>_<clean>
2708,TR316439,<rap_identity>_<hard>_<clean>
2709,TR794418,<love_poetic>_<hard>_<clean>
2710,TR243817,<love_poetic>_<unknown>_<clean>
2711,TR999972,<love_poetic>_<unknown>_<clean>
2712,TR771129,<reflection_life>_<hard>_<clean>
2713,TR117592,<reflection_life>_<hard>_<clean>
2714,TR965738,<reflection_life>_<chill>_<clean>
2715,TR399230,<love_poetic>_<unknown>_<clean>
2716,TR213881,<rap_identity>_<chill>_<clean>
2717,TR631201,<rap_identity>_<hard>_<clean>
2718,TR961239,<reflection_life>_<unknown>_<clean>
2719,TR791364,<love_poetic>_<chill>_<clean>
2720,TR732317,<english_pop_trap>_<unknown>_<clean>
2721,TR736033,<rap_identity>_<unknown>_<clean>
2722,TR131553,<rap_identity>_<unknown>_<clean>
2723,TR965898,<english_pop_trap>_<chill>_<street>
2724,TR171773,<english_pop_trap>_<chill>_<clean>
2725,TR518875,<reflection_life>_<unknown>_<clean>
2726,TR877733,<rap_identity>_<hard>_<clean>
2727,TR727632,<reflection_life>_<chill>_<clean>
2728,TR743528,<rap_identity>_<unknown>_<clean>
2729,TR773667,<reflection_life>_<chill>_<clean>
2730,TR883129,<love_poetic>_<unknown>_<clean>
2731,TR607595,<love_poetic>_<hard>_<clean>
2732,TR629436,<english_pop_trap>_<chill>_<clean>
2733,TR686630,<rap_identity>_<chill>_<clean>
2734,TR206970,<love_poetic>_<chill>_<clean>
2735,TR718275,<rap_identity>_<unknown>_<clean>
2736,TR864854,<love_poetic>_<chill>_<clean>
2737,TR433128,<love_poetic>_<chill>_<clean>
2738,TR233848,<rap_identity>_<chill>_<clean>
2739,TR765858,<rap_identity>_<hard>_<clean>
2740,TR769559,<english_pop_trap>_<unknown>_<clean>
2741,TR262120,<rap_identity>_<chill>_<clean>
2742,TR395554,<english_pop_trap>_<unknown>_<clean>
2743,TR408052,<love_poetic>_<hard>_<clean>
2744,TR765318,<rap_identity>_<chill>_<clean>
2745,TR623857,<love_poetic>_<chill>_<clean>
2746,TR397871,<love_poetic>_<energetic>_<clean>
2747,TR139554,<reflection_life>_<chill>_<clean>
2748,TR110395,<love_poetic>_<unknown>_<clean>
2749,TR434590,<rap_identity>_<unknown>_<clean>
2750,TR324818,<reflection_life>_<hard>_<clean>
2751,TR198513,<reflection_life>_<chill>_<clean>
2752,TR571175,<reflection_life>_<unknown>_<clean>
2753,TR986147,<love_poetic>_<hard>_<clean>
2754,TR929889,<rap_identity>_<chill>_<street>
2755,TR448667,<love_poetic>_<chill>_<clean>
2756,TR708641,<dialect_rap>_<hard>_<clean>
2757,TR350315,<love_poetic>_<chill>_<clean>
2758,TR556383,<dialect_rap>_<chill>_<clean>
2759,TR325861,<trap_street>_<chill>_<street>
2760,TR208984,<love_poetic>_<hard>_<aggressive>
2761,TR482747,<love_poetic>_<hard>_<clean>
2762,TR692813,<love_poetic>_<chill>_<clean>
2763,TR902868,<love_poetic>_<chill>_<clean>
2764,TR810856,<reflection_life>_<chill>_<clean>
2765,TR399628,<love_poetic>_<chill>_<clean>
2766,TR314110,<love_poetic>_<unknown>_<clean>
2767,TR903748,<love_poetic>_<chill>_<clean>
2768,TR937516,<love_poetic>_<chill>_<clean>
2769,TR792524,<love_poetic>_<chill>_<clean>
2770,TR621869,<rap_identity>_<hard>_<clean>
2771,TR484229,<reflection_life>_<unknown>_<clean>
2772,TR546369,<love_poetic>_<unknown>_<clean>
2773,TR925727,<english_pop_trap>_<hard>_<clean>
2774,TR417961,<love_poetic>_<hard>_<clean>
2775,TR812512,<love_poetic>_<unknown>_<clean>
2776,TR657462,<english_pop_trap>_<chill>_<clean>
2777,TR307424,<love_poetic>_<unknown>_<clean>
2778,TR602241,<love_poetic>_<chill>_<clean>
2779,TR444405,<love_poetic>_<chill>_<clean>
2780,TR877428,<love_poetic>_<hard>_<clean>
2781,TR148280,<trap_street>_<chill>_<street>
2782,TR416914,<reflection_life>_<unknown>_<clean>
2783,TR899952,<english_pop_trap>_<unknown>_<clean>
2784,TR267393,<reflection_life>_<chill>_<clean>
2785,TR530803,<love_poetic>_<chill>_<clean>
2786,TR932820,<spanish>_<hard>_<aggressive>
2787,TR584975,<reflection_life>_<hard>_<clean>
2788,TR458604,<trap_street>_<chill>_<clean>
2789,TR385547,<reflection_life>_<chill>_<clean>
2790,TR545009,<english_pop_trap>_<chill>_<clean>
2791,TR491043,<love_poetic>_<hard>_<clean>
2792,TR979381,<reflection_life>_<chill>_<clean>
2793,TR773327,<trap_street>_<chill>_<clean>
2794,TR124813,<english_pop_trap>_<hard>_<aggressive>
2795,TR936556,<love_poetic>_<hard>_<clean>
2796,TR723576,<trap_street>_<hard>_<clean>
2797,TR233192,<trap_street>_<unknown>_<clean>
2798,TR719644,<english_pop_trap>_<unknown>_<clean>
2799,TR328002,<love_poetic>_<hard>_<clean>
2800,TR132847,<spanish>_<unknown>_<clean>
2801,TR789099,<english_pop_trap>_<chill>_<clean>
2802,TR717071,<english_pop_trap>_<unknown>_<street>
2803,TR718602,<english_pop_trap>_<unknown>_<street>
2804,TR574634,<english_pop_trap>_<chill>_<clean>
2805,TR785396,<rap_identity>_<chill>_<clean>
2806,TR843100,<trap_street>_<chill>_<aggressive>
2807,TR513321,<love_poetic>_<hard>_<clean>
2808,TR884911,<english_pop_trap>_<hard>_<street>
2809,TR132614,<english_pop_trap>_<hard>_<aggressive>
2810,TR583094,<english_pop_trap>_<unknown>_<clean>
2811,TR631144,<trap_street>_<hard>_<clean>
2812,TR538194,<love_poetic>_<chill>_<clean>
2813,TR999922,<trap_street>_<hard>_<clean>
2814,TR595216,<english_pop_trap>_<hard>_<clean>
2815,TR515395,<trap_street>_<chill>_<clean>
2816,TR664204,<english_pop_trap>_<chill>_<clean>
2817,TR232498,<trap_street>_<unknown>_<street>
2818,TR574666,<english_pop_trap>_<unknown>_<street>
2819,TR605233,<english_pop_trap>_<chill>_<aggressive>
2820,TR445948,<reflection_life>_<unknown>_<street>
2821,TR656966,<english_pop_trap>_<chill>_<street>
2822,TR244255,<reflection_life>_<hard>_<clean>
2823,TR559785,<trap_street>_<unknown>_<street>
2824,TR413812,<trap_street>_<hard>_<clean>
2825,TR547447,<trap_street>_<chill>_<aggressive>
2826,TR142582,<trap_street>_<unknown>_<clean>
2827,TR101919,<english_pop_trap>_<unknown>_<street>
2828,TR247450,<reflection_life>_<chill>_<clean>
2829,TR333436,<reflection_life>_<unknown>_<clean>
2830,TR652419,<english_pop_trap>_<unknown>_<aggressive>
2831,TR373707,<english_pop_trap>_<chill>_<aggressive>
2832,TR957443,<trap_street>_<hard>_<street>
2833,TR426213,<trap_street>_<unknown>_<clean>
2834,TR368292,<trap_street>_<unknown>_<clean>
2835,TR580691,<trap_street>_<chill>_<aggressive>
2836,TR772702,<reflection_life>_<unknown>_<clean>
2837,TR172345,<reflection_life>_<chill>_<clean>
2838,TR337598,<reflection_life>_<unknown>_<clean>
2839,TR382336,<trap_street>_<hard>_<aggressive>
2840,TR371387,<english_pop_trap>_<chill>_<street>
2841,TR304026,<reflection_life>_<unknown>_<clean>
2842,TR372564,<reflection_life>_<unknown>_<street>
2843,TR225697,<reflection_life>_<unknown>_<clean>
2844,TR952777,<trap_street>_<chill>_<clean>
2845,TR413834,<english_pop_trap>_<chill>_<aggressive>
2846,TR137788,<trap_street>_<unknown>_<street>
2847,TR148262,<love_poetic>_<chill>_<clean>
2848,TR789568,<english_pop_trap>_<chill>_<clean>
2849,TR686820,<english_pop_trap>_<unknown>_<aggressive>
2850,TR778463,<trap_street>_<chill>_<aggressive>
2851,TR761194,<english_pop_trap>_<hard>_<aggressive>
2852,TR183819,<english_pop_trap>_<chill>_<aggressive>
2853,TR572337,<reflection_life>_<chill>_<clean>
2854,TR502272,<trap_street>_<hard>_<aggressive>
2855,TR344878,<trap_street>_<chill>_<clean>
2856,TR764856,<trap_street>_<unknown>_<clean>
2857,TR239723,<reflection_life>_<chill>_<clean>
2858,TR596420,<english_pop_trap>_<unknown>_<aggressive>
2859,TR585393,<reflection_life>_<unknown>_<clean>
2860,TR583353,<english_pop_trap>_<unknown>_<street>
2861,TR542044,<english_pop_trap>_<chill>_<clean>
2862,TR754738,<english_pop_trap>_<chill>_<street>
2863,TR467976,<reflection_life>_<unknown>_<clean>
2864,TR975972,<spanish>_<unknown>_<clean>
2865,TR520128,<english_pop_trap>_<hard>_<aggressive>
2866,TR996422,<reflection_life>_<chill>_<clean>
2867,TR516774,<trap_street>_<chill>_<aggressive>
2868,TR726762,<english_pop_trap>_<unknown>_<aggressive>
2869,TR722945,<trap_street>_<chill>_<street>
2870,TR839302,<english_pop_trap>_<unknown>_<street>
2871,TR374959,<english_pop_trap>_<unknown>_<street>
2872,TR149652,<english_pop_trap>_<unknown>_<aggressive>
2873,TR427150,<trap_street>_<unknown>_<clean>
2874,TR214129,<english_pop_trap>_<hard>_<street>
2875,TR297714,<love_poetic>_<unknown>_<clean>
2876,TR102674,<trap_street>_<chill>_<aggressive>
2877,TR544001,<trap_street>_<unknown>_<street>
2878,TR624941,<reflection_life>_<unknown>_<clean>
2879,TR213172,<trap_street>_<unknown>_<aggressive>
2880,TR646871,<english_pop_trap>_<hard>_<clean>
2881,TR370464,<english_pop_trap>_<unknown>_<aggressive>
2882,TR873238,<trap_street>_<hard>_<street>
2883,TR216316,<reflection_life>_<unknown>_<clean>
2884,TR500693,<reflection_life>_<unknown>_<clean>
2885,TR539308,<trap_street>_<unknown>_<street>
2886,TR139595,<trap_street>_<chill>_<aggressive>
2887,TR112774,<reflection_life>_<unknown>_<clean>
2888,TR624899,<trap_street>_<unknown>_<street>
2889,TR227957,<english_pop_trap>_<unknown>_<street>
2890,TR851740,<english_pop_trap>_<hard>_<clean>
2891,TR176124,<reflection_life>_<unknown>_<clean>
2892,TR294526,<english_pop_trap>_<unknown>_<street>
2893,TR482146,<english_pop_trap>_<unknown>_<aggressive>
2894,TR843076,<rap_identity>_<unknown>_<clean>
2895,TR269908,<rap_identity>_<chill>_<aggressive>
2896,TR932217,<english_pop_trap>_<unknown>_<street>
2897,TR729748,<english_pop_trap>_<chill>_<clean>
2898,TR375734,<english_pop_trap>_<hard>_<street>
2899,TR347049,<trap_street>_<chill>_<clean>
2900,TR763689,<trap_street>_<hard>_<clean>
2901,TR526748,<trap_street>_<hard>_<clean>
2902,TR220191,<trap_street>_<hard>_<clean>
2903,TR101698,<trap_street>_<hard>_<clean>
2904,TR398127,<trap_street>_<chill>_<clean>
2905,TR540259,<reflection_life>_<unknown>_<clean>
2906,TR986287,<trap_street>_<hard>_<clean>
2907,TR655928,<trap_street>_<unknown>_<clean>
2908,TR696286,<trap_street>_<hard>_<street>
2909,TR374577,<trap_street>_<chill>_<clean>
2910,TR954458,<reflection_life>_<chill>_<street>
2911,TR299525,<reflection_life>_<unknown>_<clean>
2912,TR941998,<love_poetic>_<chill>_<clean>
2913,TR470591,<dialect_rap>_<hard>_<street>
2914,TR620661,<rap_identity>_<unknown>_<clean>
2915,TR885564,<english_pop_trap>_<hard>_<clean>
2916,TR516733,<trap_street>_<chill>_<clean>
2917,TR784141,<love_poetic>_<unknown>_<clean>
2918,TR339275,<trap_street>_<hard>_<clean>
2919,TR296439,<love_poetic>_<hard>_<clean>
2920,TR898138,<rap_identity>_<chill>_<clean>
2921,TR216375,<rap_identity>_<hard>_<clean>
2922,TR470247,<trap_street>_<chill>_<clean>
2923,TR167786,<trap_street>_<unknown>_<clean>
2924,TR606466,<trap_street>_<chill>_<clean>
2925,TR624359,<trap_street>_<unknown>_<clean>
2926,TR126989,<spanish>_<hard>_<street>
2927,TR962127,<trap_street>_<chill>_<clean>
2928,TR745907,<trap_street>_<hard>_<clean>
2929,TR518823,<love_poetic>_<chill>_<clean>
2930,TR828715,<trap_street>_<hard>_<clean>
2931,TR574957,<reflection_life>_<chill>_<clean>
2932,TR357563,<spanish>_<hard>_<clean>
2933,TR786619,<love_poetic>_<chill>_<clean>
2934,TR741501,<trap_street>_<chill>_<clean>
2935,TR731398,<trap_street>_<hard>_<street>
2936,TR174541,<reflection_life>_<hard>_<clean>
2937,TR310123,<love_poetic>_<chill>_<clean>
2938,TR875393,<trap_street>_<hard>_<aggressive>
2939,TR305952,<love_poetic>_<hard>_<clean>
2940,TR629091,<love_poetic>_<hard>_<clean>
2941,TR709512,<trap_street>_<hard>_<street>
2942,TR974036,<reflection_life>_<chill>_<clean>
2943,TR783144,<trap_street>_<hard>_<clean>
2944,TR674940,<reflection_life>_<hard>_<clean>
2945,TR458975,<trap_street>_<chill>_<clean>
2946,TR894366,<trap_street>_<hard>_<clean>
2947,TR148522,<reflection_life>_<chill>_<clean>
2948,TR544505,<trap_street>_<hard>_<aggressive>
2949,TR967870,<trap_street>_<hard>_<clean>
2950,TR879978,<english_pop_trap>_<hard>_<street>
2951,TR458945,<reflection_life>_<hard>_<clean>
2952,TR709966,<reflection_life>_<chill>_<clean>
2953,TR777489,<love_poetic>_<chill>_<clean>
2954,TR173013,<english_pop_trap>_<unknown>_<clean>
2955,TR799066,<trap_street>_<chill>_<clean>
2956,TR538309,<trap_street>_<hard>_<street>
2957,TR407821,<trap_street>_<hard>_<clean>
2958,TR999926,<trap_street>_<chill>_<clean>
2959,TR156309,<trap_street>_<hard>_<clean>
2960,TR724104,<trap_street>_<unknown>_<clean>
2961,TR237947,<trap_street>_<hard>_<clean>
2962,TR972480,<reflection_life>_<chill>_<clean>
2963,TR787970,<love_poetic>_<chill>_<clean>
2964,TR885144,<trap_street>_<hard>_<clean>
2965,TR992464,<trap_street>_<unknown>_<clean>
2966,TR228884,<rap_identity>_<hard>_<clean>
2967,TR145577,<spanish>_<chill>_<clean>
2968,TR977345,<trap_street>_<hard>_<clean>
2969,TR895346,<love_poetic>_<chill>_<clean>
2970,TR967838,<trap_street>_<hard>_<clean>
2971,TR366391,<trap_street>_<hard>_<clean>
2972,TR905589,<reflection_life>_<chill>_<clean>
2973,TR524750,<reflection_life>_<hard>_<clean>
2974,TR997454,<trap_street>_<unknown>_<clean>
2975,TR590832,<trap_street>_<hard>_<clean>
2976,TR573549,<english_pop_trap>_<hard>_<clean>
2977,TR426438,<english_pop_trap>_<hard>_<street>
2978,TR269346,<love_poetic>_<hard>_<clean>
2979,TR515675,<reflection_life>_<unknown>_<clean>
2980,TR845424,<trap_street>_<hard>_<clean>
2981,TR115275,<trap_street>_<hard>_<clean>
2982,TR852256,<trap_street>_<chill>_<street>
2983,TR374638,<trap_street>_<hard>_<clean>
2984,TR262296,<trap_street>_<hard>_<clean>
2985,TR554067,<trap_street>_<hard>_<street>
2986,TR223076,<trap_street>_<hard>_<street>
2987,TR502678,<spanish>_<hard>_<clean>
2988,TR678697,<trap_street>_<hard>_<clean>
2989,TR948467,<english_pop_trap>_<unknown>_<clean>
2990,TR616930,<spanish>_<hard>_<clean>
2991,TR171471,<reflection_life>_<chill>_<clean>
2992,TR436364,<spanish>_<chill>_<clean>
2993,TR735293,<trap_street>_<hard>_<street>
2994,TR124496,<trap_street>_<unknown>_<street>
2995,TR695604,<rap_identity>_<hard>_<aggressive>
2996,TR523962,<rap_identity>_<unknown>_<aggressive>
2997,TR630141,<trap_street>_<hard>_<clean>
2998,TR354188,<english_pop_trap>_<hard>_<aggressive>
2999,TR884968,<rap_identity>_<hard>_<clean>
3000,TR694245,<reflection_life>_<chill>_<clean>
3001,TR272836,<rap_identity>_<unknown>_<street>
3002,TR579276,<rap_identity>_<hard>_<street>
3003,TR749006,<rap_identity>_<chill>_<aggressive>
3004,TR733821,<rap_identity>_<hard>_<street>
3005,TR736330,<love_poetic>_<unknown>_<clean>
3006,TR643399,<english_pop_trap>_<hard>_<clean>
3007,TR597247,<rap_identity>_<hard>_<clean>
3008,TR758361,<rap_identity>_<unknown>_<aggressive>
3009,TR485585,<rap_identity>_<chill>_<clean>
3010,TR358920,<rap_identity>_<hard>_<street>
3011,TR805047,<rap_identity>_<chill>_<street>
3012,TR544949,<rap_identity>_<chill>_<street>
3013,TR270467,<trap_street>_<unknown>_<clean>
3014,TR490838,<rap_identity>_<chill>_<street>
3015,TR760205,<rap_identity>_<hard>_<street>
3016,TR226953,<rap_identity>_<chill>_<street>
3017,TR833403,<rap_identity>_<chill>_<aggressive>
3018,TR107983,<trap_street>_<hard>_<clean>
3019,TR229272,<reflection_life>_<hard>_<clean>
3020,TR869463,<trap_street>_<unknown>_<clean>
3021,TR527872,<love_poetic>_<unknown>_<clean>
3022,TR336955,<reflection_life>_<hard>_<clean>
3023,TR749725,<love_poetic>_<chill>_<clean>
3024,TR627743,<reflection_life>_<chill>_<clean>
3025,TR651800,<love_poetic>_<unknown>_<clean>
3026,TR768854,<love_poetic>_<chill>_<clean>
3027,TR496656,<love_poetic>_<unknown>_<clean>
3028,TR476060,<reflection_life>_<chill>_<clean>
3029,TR754038,<love_poetic>_<chill>_<clean>
3030,TR181096,<reflection_life>_<chill>_<clean>
3031,TR458685,<love_poetic>_<chill>_<clean>
3032,TR992238,<love_poetic>_<unknown>_<clean>
3033,TR287512,<love_poetic>_<unknown>_<clean>
3034,TR618864,<reflection_life>_<unknown>_<clean>
3035,TR646039,<rap_identity>_<chill>_<clean>
3036,TR679972,<love_poetic>_<chill>_<clean>
3037,TR274925,<reflection_life>_<unknown>_<clean>
3038,TR135764,<reflection_life>_<chill>_<clean>
3039,TR209942,<love_poetic>_<hard>_<clean>
3040,TR263495,<love_poetic>_<unknown>_<clean>
3041,TR786291,<love_poetic>_<chill>_<clean>
3042,TR319313,<love_poetic>_<chill>_<clean>
3043,TR845571,<reflection_life>_<unknown>_<street>
3044,TR992097,<love_poetic>_<unknown>_<clean>
3045,TR774677,<reflection_life>_<unknown>_<clean>
3046,TR677107,<love_poetic>_<chill>_<clean>
3047,TR592898,<reflection_life>_<chill>_<clean>
3048,TR244785,<reflection_life>_<unknown>_<clean>
3049,TR368597,<reflection_life>_<hard>_<clean>
3050,TR839680,<reflection_life>_<unknown>_<clean>
3051,TR208744,<love_poetic>_<chill>_<clean>
3052,TR870935,<reflection_life>_<hard>_<clean>
3053,TR381627,<reflection_life>_<unknown>_<clean>
3054,TR232809,<reflection_life>_<hard>_<clean>
3055,TR837198,<reflection_life>_<unknown>_<clean>
3056,TR227572,<reflection_life>_<unknown>_<clean>
3057,TR383445,<reflection_life>_<unknown>_<clean>
3058,TR186081,<reflection_life>_<chill>_<clean>
3059,TR473366,<reflection_life>_<chill>_<clean>
3060,TR483411,<reflection_life>_<unknown>_<clean>
3061,TR578301,<love_poetic>_<unknown>_<clean>
3062,TR420313,<rap_identity>_<unknown>_<clean>
3063,TR640362,<reflection_life>_<unknown>_<clean>
3064,TR359221,<reflection_life>_<chill>_<clean>
3065,TR558613,<love_poetic>_<hard>_<clean>
3066,TR775675,<reflection_life>_<chill>_<clean>
3067,TR382866,<rap_identity>_<unknown>_<clean>
3068,TR275443,<reflection_life>_<unknown>_<clean>
3069,TR623727,<love_poetic>_<unknown>_<clean>
3070,TR754788,<reflection_life>_<unknown>_<clean>
3071,TR609064,<reflection_life>_<unknown>_<clean>
3072,TR360515,<love_poetic>_<chill>_<clean>
3073,TR360953,<love_poetic>_<unknown>_<clean>
3074,TR846383,<love_poetic>_<chill>_<clean>
3075,TR947013,<rap_identity>_<hard>_<clean>
3076,TR137460,<love_poetic>_<unknown>_<clean>
3077,TR610064,<reflection_life>_<chill>_<clean>
3078,TR601405,<reflection_life>_<hard>_<clean>
3079,TR504967,<love_poetic>_<chill>_<street>
3080,TR944321,<reflection_life>_<chill>_<clean>
3081,TR840496,<reflection_life>_<unknown>_<clean>
3082,TR976198,<reflection_life>_<chill>_<clean>
3083,TR386162,<reflection_life>_<hard>_<clean>
3084,TR840992,<reflection_life>_<unknown>_<clean>
3085,TR820243,<reflection_life>_<chill>_<clean>
3086,TR656050,<reflection_life>_<unknown>_<clean>
3087,TR642806,<reflection_life>_<unknown>_<clean>
3088,TR594550,<love_poetic>_<unknown>_<clean>
3089,TR553934,<reflection_life>_<unknown>_<clean>
3090,TR465096,<love_poetic>_<chill>_<clean>
3091,TR705460,<reflection_life>_<unknown>_<clean>
3092,TR352143,<reflection_life>_<unknown>_<clean>
3093,TR677994,<reflection_life>_<unknown>_<clean>
3094,TR496713,<love_poetic>_<hard>_<clean>
3095,TR643415,<reflection_life>_<unknown>_<clean>
3096,TR460967,<love_poetic>_<unknown>_<clean>
3097,TR116118,<love_poetic>_<unknown>_<clean>
3098,TR474153,<rap_identity>_<chill>_<clean>
3099,TR732440,<reflection_life>_<unknown>_<clean>
3100,TR630082,<reflection_life>_<chill>_<clean>
3101,TR953976,<reflection_life>_<chill>_<clean>
3102,TR369931,<reflection_life>_<chill>_<clean>
3103,TR553104,<rap_identity>_<hard>_<clean>
3104,TR696450,<love_poetic>_<chill>_<clean>
3105,TR408178,<love_poetic>_<hard>_<clean>
3106,TR269843,<reflection_life>_<hard>_<clean>
3107,TR182594,<reflection_life>_<unknown>_<clean>
3108,TR281121,<reflection_life>_<chill>_<clean>
3109,TR980429,<rap_identity>_<unknown>_<clean>
3110,TR425384,<love_poetic>_<unknown>_<clean>
3111,TR422359,<rap_identity>_<unknown>_<clean>
3112,TR563285,<reflection_life>_<unknown>_<clean>
3113,TR505148,<love_poetic>_<unknown>_<clean>
3114,TR794489,<love_poetic>_<unknown>_<clean>
3115,TR202792,<reflection_life>_<chill>_<clean>
3116,TR333951,<reflection_life>_<chill>_<clean>
3117,TR454150,<reflection_life>_<chill>_<clean>
3118,TR698280,<reflection_life>_<unknown>_<clean>
3119,TR845539,<reflection_life>_<unknown>_<clean>
3120,TR721270,<reflection_life>_<unknown>_<clean>
3121,TR235126,<reflection_life>_<unknown>_<clean>
3122,TR440795,<reflection_life>_<unknown>_<clean>
3123,TR798026,<reflection_life>_<unknown>_<clean>
3124,TR657382,<reflection_life>_<unknown>_<clean>
3125,TR791475,<love_poetic>_<unknown>_<clean>
3126,TR277887,<reflection_life>_<unknown>_<clean>
3127,TR767405,<reflection_life>_<chill>_<clean>
3128,TR407507,<reflection_life>_<unknown>_<clean>
3129,TR933898,<english_pop_trap>_<unknown>_<clean>
3130,TR959397,<english_pop_trap>_<unknown>_<clean>
3131,TR306545,<rap_identity>_<unknown>_<clean>
3132,TR551037,<reflection_life>_<unknown>_<clean>
3133,TR210886,<reflection_life>_<chill>_<clean>
3134,TR832681,<reflection_life>_<chill>_<clean>
3135,TR751448,<reflection_life>_<hard>_<clean>
3136,TR187249,<love_poetic>_<unknown>_<clean>
3137,TR813730,<reflection_life>_<unknown>_<clean>
3138,TR304105,<reflection_life>_<unknown>_<clean>
3139,TR808632,<reflection_life>_<unknown>_<clean>
3140,TR201620,<rap_identity>_<chill>_<clean>
3141,TR289320,<reflection_life>_<unknown>_<clean>
3142,TR846542,<reflection_life>_<chill>_<clean>
3143,TR937164,<love_poetic>_<chill>_<clean>
3144,TR484750,<reflection_life>_<unknown>_<clean>
3145,TR848588,<love_poetic>_<unknown>_<clean>
3146,TR859529,<reflection_life>_<chill>_<clean>
3147,TR990892,<reflection_life>_<unknown>_<clean>
3148,TR765769,<love_poetic>_<chill>_<clean>
3149,TR848447,<reflection_life>_<chill>_<clean>
3150,TR866993,<reflection_life>_<chill>_<clean>
3151,TR445120,<rap_identity>_<unknown>_<clean>
3152,TR395040,<love_poetic>_<unknown>_<clean>
3153,TR947816,<english_pop_trap>_<unknown>_<clean>
3154,TR611034,<reflection_life>_<unknown>_<clean>
3155,TR464376,<love_poetic>_<chill>_<clean>
3156,TR939512,<reflection_life>_<chill>_<clean>
3157,TR266893,<love_poetic>_<hard>_<clean>
3158,TR946356,<love_poetic>_<unknown>_<clean>
3159,TR769262,<reflection_life>_<hard>_<clean>
3160,TR713502,<reflection_life>_<unknown>_<clean>
3161,TR591168,<reflection_life>_<unknown>_<clean>
3162,TR890254,<english_pop_trap>_<unknown>_<clean>
3163,TR445699,<reflection_life>_<chill>_<clean>
3164,TR196345,<rap_identity>_<unknown>_<clean>
3165,TR720455,<reflection_life>_<unknown>_<clean>
3166,TR896706,<reflection_life>_<unknown>_<clean>
3167,TR103370,<rap_identity>_<hard>_<clean>
3168,TR899760,<english_pop_trap>_<unknown>_<clean>
3169,TR867908,<reflection_life>_<unknown>_<clean>
3170,TR582930,<rap_identity>_<unknown>_<clean>
3171,TR603669,<reflection_life>_<unknown>_<clean>
3172,TR565534,<reflection_life>_<unknown>_<clean>
3173,TR765241,<reflection_life>_<unknown>_<clean>
3174,TR481001,<reflection_life>_<unknown>_<clean>
3175,TR904949,<reflection_life>_<unknown>_<clean>
3176,TR166677,<reflection_life>_<unknown>_<clean>
3177,TR491107,<reflection_life>_<unknown>_<clean>
3178,TR837415,<reflection_life>_<unknown>_<street>
3179,TR406304,<reflection_life>_<unknown>_<aggressive>
3180,TR339521,<reflection_life>_<unknown>_<clean>
3181,TR648658,<reflection_life>_<unknown>_<clean>
3182,TR682976,<reflection_life>_<unknown>_<clean>
3183,TR946669,<reflection_life>_<unknown>_<clean>
3184,TR277099,<reflection_life>_<unknown>_<clean>
3185,TR691321,<reflection_life>_<unknown>_<clean>
3186,TR656460,<reflection_life>_<unknown>_<clean>
3187,TR624319,<reflection_life>_<unknown>_<clean>
3188,TR224608,<reflection_life>_<unknown>_<clean>
3189,TR774514,<reflection_life>_<unknown>_<clean>
3190,TR502973,<love_poetic>_<chill>_<clean>
3191,TR666846,<reflection_life>_<chill>_<clean>
3192,TR752562,<love_poetic>_<unknown>_<clean>
3193,TR900883,<reflection_life>_<unknown>_<clean>
3194,TR664946,<reflection_life>_<unknown>_<clean>
3195,TR902052,<love_poetic>_<chill>_<clean>
3196,TR567383,<love_poetic>_<unknown>_<clean>
3197,TR408306,<love_poetic>_<chill>_<clean>
3198,TR425291,<rap_identity>_<chill>_<clean>
3199,TR448850,<love_poetic>_<unknown>_<clean>
3200,TR974603,<rap_identity>_<unknown>_<clean>
3201,TR323384,<love_poetic>_<chill>_<clean>
3202,TR356108,<love_poetic>_<unknown>_<clean>
3203,TR572038,<reflection_life>_<unknown>_<clean>
3204,TR254626,<rap_identity>_<unknown>_<clean>
3205,TR727691,<reflection_life>_<chill>_<clean>
3206,TR822379,<reflection_life>_<unknown>_<clean>
3207,TR857471,<rap_identity>_<hard>_<clean>
3208,TR215097,<reflection_life>_<chill>_<clean>
3209,TR103013,<love_poetic>_<chill>_<clean>
3210,TR379186,<reflection_life>_<unknown>_<clean>
3211,TR654742,<english_pop_trap>_<chill>_<street>
3212,TR379787,<love_poetic>_<chill>_<clean>
3213,TR136753,<love_poetic>_<chill>_<clean>
3214,TR722203,<reflection_life>_<unknown>_<clean>
3215,TR415254,<rap_identity>_<chill>_<clean>
3216,TR500622,<reflection_life>_<unknown>_<clean>
3217,TR974461,<reflection_life>_<chill>_<clean>
3218,TR368517,<reflection_life>_<unknown>_<clean>
3219,TR325758,<love_poetic>_<unknown>_<clean>
3220,TR327271,<english_pop_trap>_<chill>_<clean>
3221,TR695879,<reflection_life>_<unknown>_<clean>
3222,TR354852,<reflection_life>_<hard>_<clean>
3223,TR231911,<rap_identity>_<hard>_<clean>
3224,TR937172,<reflection_life>_<unknown>_<clean>
3225,TR463966,<rap_identity>_<chill>_<clean>
3226,TR284353,<reflection_life>_<hard>_<clean>
3227,TR348136,<rap_identity>_<chill>_<street>
3228,TR786152,<love_poetic>_<unknown>_<clean>
3229,TR794725,<reflection_life>_<chill>_<clean>
3230,TR927155,<rap_identity>_<chill>_<clean>
3231,TR985857,<love_poetic>_<unknown>_<clean>
3232,TR937876,<rap_identity>_<unknown>_<street>
3233,TR445842,<rap_identity>_<hard>_<clean>
3234,TR171437,<love_poetic>_<chill>_<clean>
3235,TR551110,<reflection_life>_<chill>_<clean>
3236,TR851942,<rap_identity>_<hard>_<clean>
3237,TR508763,<rap_identity>_<unknown>_<clean>
3238,TR283307,<spanish>_<unknown>_<clean>
3239,TR978015,<rap_identity>_<unknown>_<clean>
3240,TR972778,<rap_identity>_<unknown>_<clean>
3241,TR423812,<trap_street>_<chill>_<clean>
3242,TR885449,<reflection_life>_<unknown>_<clean>
3243,TR593055,<rap_identity>_<unknown>_<street>
3244,TR510680,<rap_identity>_<chill>_<clean>
3245,TR882368,<love_poetic>_<chill>_<clean>
3246,TR982072,<rap_identity>_<unknown>_<clean>
3247,TR158793,<rap_identity>_<chill>_<clean>
3248,TR804246,<reflection_life>_<chill>_<clean>
3249,TR386841,<rap_identity>_<hard>_<clean>
3250,TR664788,<reflection_life>_<chill>_<clean>
3251,TR847692,<rap_identity>_<unknown>_<street>
3252,TR125643,<rap_identity>_<chill>_<street>
3253,TR552465,<rap_identity>_<unknown>_<street>
3254,TR719912,<english_pop_trap>_<unknown>_<clean>
3255,TR876190,<love_poetic>_<unknown>_<clean>
3256,TR972804,<reflection_life>_<unknown>_<clean>
3257,TR595234,<reflection_life>_<unknown>_<clean>
3258,TR691181,<reflection_life>_<chill>_<clean>
3259,TR283474,<rap_identity>_<unknown>_<clean>
3260,TR988233,<english_pop_trap>_<unknown>_<clean>
3261,TR324410,<reflection_life>_<chill>_<clean>
3262,TR359755,<rap_identity>_<unknown>_<street>
3263,TR491993,<reflection_life>_<chill>_<clean>
3264,TR893693,<love_poetic>_<chill>_<clean>
3265,TR352777,<english_pop_trap>_<chill>_<clean>
3266,TR636283,<love_poetic>_<chill>_<clean>
3267,TR136199,<reflection_life>_<unknown>_<clean>
3268,TR365029,<spanish>_<unknown>_<clean>
3269,TR434027,<love_poetic>_<chill>_<clean>
3270,TR316424,<reflection_life>_<chill>_<clean>
3271,TR764899,<rap_identity>_<unknown>_<street>
3272,TR786972,<rap_identity>_<chill>_<street>
3273,TR850080,<rap_identity>_<chill>_<clean>
3274,TR537587,<love_poetic>_<unknown>_<clean>
3275,TR999898,<rap_identity>_<chill>_<clean>
3276,TR672026,<reflection_life>_<chill>_<clean>
3277,TR308788,<rap_identity>_<hard>_<clean>
3278,TR591192,<rap_identity>_<chill>_<aggressive>
3279,TR542786,<english_pop_trap>_<unknown>_<clean>
3280,TR304282,<rap_identity>_<hard>_<clean>
3281,TR114174,<rap_identity>_<unknown>_<clean>
3282,TR444213,<love_poetic>_<unknown>_<clean>
3283,TR275810,<rap_identity>_<hard>_<aggressive>
3284,TR358321,<rap_identity>_<unknown>_<clean>
3285,TR991966,<rap_identity>_<unknown>_<clean>
3286,TR156869,<love_poetic>_<unknown>_<clean>
3287,TR591881,<rap_identity>_<unknown>_<street>
3288,TR916089,<love_poetic>_<unknown>_<clean>
3289,TR530675,<rap_identity>_<unknown>_<street>
3290,TR673318,<reflection_life>_<unknown>_<clean>
3291,TR176967,<reflection_life>_<chill>_<clean>
3292,TR423436,<reflection_life>_<unknown>_<clean>
3293,TR393877,<love_poetic>_<unknown>_<clean>
3294,TR701196,<love_poetic>_<chill>_<street>
3295,TR457962,<rap_identity>_<unknown>_<clean>
3296,TR821180,<reflection_life>_<hard>_<clean>
3297,TR650109,<love_poetic>_<hard>_<clean>
3298,TR700254,<rap_identity>_<hard>_<clean>
3299,TR244186,<love_poetic>_<unknown>_<clean>
3300,TR925824,<rap_identity>_<unknown>_<clean>
3301,TR461800,<reflection_life>_<chill>_<clean>
3302,TR520782,<trap_street>_<unknown>_<clean>
3303,TR903275,<rap_identity>_<unknown>_<clean>
3304,TR436272,<english_pop_trap>_<chill>_<clean>
3305,TR212790,<reflection_life>_<chill>_<clean>
3306,TR346272,<love_poetic>_<unknown>_<clean>
3307,TR459600,<rap_identity>_<chill>_<clean>
3308,TR894937,<rap_identity>_<hard>_<clean>
3309,TR819873,<love_poetic>_<unknown>_<clean>
3310,TR899240,<reflection_life>_<unknown>_<clean>
3311,TR510976,<rap_identity>_<unknown>_<clean>
3312,TR818382,<rap_identity>_<hard>_<clean>
3313,TR772482,<spanish>_<unknown>_<clean>
3314,TR747538,<reflection_life>_<chill>_<clean>
3315,TR245362,<rap_identity>_<chill>_<clean>
3316,TR556661,<rap_identity>_<unknown>_<clean>
3317,TR716382,<rap_identity>_<unknown>_<street>
3318,TR513688,<rap_identity>_<unknown>_<clean>
3319,TR301588,<reflection_life>_<chill>_<clean>
3320,TR263841,<love_poetic>_<unknown>_<clean>
3321,TR329324,<rap_identity>_<unknown>_<street>
3322,TR332748,<rap_identity>_<unknown>_<street>
3323,TR274886,<english_pop_trap>_<unknown>_<street>
3324,TR433393,<reflection_life>_<unknown>_<clean>
3325,TR540919,<rap_identity>_<unknown>_<street>
3326,TR933909,<reflection_life>_<unknown>_<clean>
3327,TR887543,<rap_identity>_<unknown>_<clean>
3328,TR697838,<spanish>_<unknown>_<clean>
3329,TR248974,<rap_identity>_<unknown>_<clean>
3330,TR292128,<love_poetic>_<unknown>_<clean>
3331,TR421131,<rap_identity>_<hard>_<clean>
3332,TR208132,<english_pop_trap>_<hard>_<clean>
3333,TR859656,<reflection_life>_<chill>_<clean>
3334,TR599386,<rap_identity>_<unknown>_<clean>
3335,TR863562,<love_poetic>_<hard>_<clean>
3336,TR501665,<trap_street>_<hard>_<clean>
3337,TR329724,<rap_identity>_<hard>_<clean>
3338,TR514068,<spanish>_<hard>_<clean>
3339,TR142400,<reflection_life>_<hard>_<clean>
3340,TR518279,<love_poetic>_<unknown>_<clean>
3341,TR996180,<rap_identity>_<unknown>_<clean>
3342,TR395546,<english_pop_trap>_<unknown>_<clean>
3343,TR721669,<spanish>_<unknown>_<clean>
3344,TR578728,<english_pop_trap>_<unknown>_<clean>
3345,TR625294,<english_pop_trap>_<chill>_<clean>
3346,TR861964,<love_poetic>_<unknown>_<clean>
3347,TR235538,<dialect_rap>_<unknown>_<clean>
3348,TR967856,<love_poetic>_<unknown>_<clean>
3349,TR412488,<love_poetic>_<chill>_<clean>
3350,TR151040,<reflection_life>_<chill>_<clean>
3351,TR729807,<rap_identity>_<unknown>_<clean>
3352,TR468877,<rap_identity>_<hard>_<clean>
3353,TR749625,<english_pop_trap>_<hard>_<clean>
3354,TR752381,<love_poetic>_<chill>_<clean>
3355,TR535086,<love_poetic>_<unknown>_<clean>
3356,TR925952,<love_poetic>_<chill>_<clean>
3357,TR960201,<rap_identity>_<unknown>_<clean>
3358,TR652049,<love_poetic>_<chill>_<clean>
3359,TR219874,<english_pop_trap>_<chill>_<clean>
3360,TR966683,<love_poetic>_<hard>_<clean>
3361,TR519010,<reflection_life>_<unknown>_<clean>
3362,TR548126,<rap_identity>_<hard>_<clean>
3363,TR419301,<reflection_life>_<unknown>_<clean>
3364,TR455097,<love_poetic>_<chill>_<clean>
3365,TR539448,<english_pop_trap>_<hard>_<clean>
3366,TR485812,<reflection_life>_<unknown>_<clean>
3367,TR860324,<love_poetic>_<unknown>_<clean>
3368,TR599026,<love_poetic>_<unknown>_<clean>
3369,TR880884,<love_poetic>_<hard>_<clean>
3370,TR491025,<english_pop_trap>_<unknown>_<clean>
3371,TR991077,<reflection_life>_<chill>_<clean>
3372,TR279791,<english_pop_trap>_<hard>_<clean>
3373,TR517096,<english_pop_trap>_<hard>_<street>
3374,TR267751,<english_pop_trap>_<hard>_<clean>
3375,TR263508,<rap_identity>_<unknown>_<clean>
3376,TR252498,<reflection_life>_<unknown>_<clean>
3377,TR807996,<reflection_life>_<unknown>_<clean>
3378,TR727867,<love_poetic>_<chill>_<clean>
3379,TR415787,<reflection_life>_<chill>_<clean>
3380,TR841445,<spanish>_<unknown>_<clean>
3381,TR701626,<rap_identity>_<unknown>_<clean>
3382,TR355098,<love_poetic>_<unknown>_<clean>
3383,TR768941,<reflection_life>_<unknown>_<clean>
3384,TR963213,<rap_identity>_<hard>_<clean>
3385,TR363488,<reflection_life>_<chill>_<clean>
3386,TR604152,<reflection_life>_<chill>_<clean>
3387,TR801011,<spanish>_<unknown>_<clean>
3388,TR435691,<rap_identity>_<hard>_<clean>
3389,TR682520,<dialect_rap>_<hard>_<clean>
3390,TR517834,<english_pop_trap>_<chill>_<clean>
3391,TR233861,<love_poetic>_<unknown>_<clean>
3392,TR212753,<dialect_rap>_<unknown>_<clean>
3393,TR508620,<love_poetic>_<unknown>_<clean>
3394,TR834246,<english_pop_trap>_<unknown>_<clean>
3395,TR333551,<love_poetic>_<unknown>_<clean>
3396,TR789078,<reflection_life>_<unknown>_<clean>
3397,TR781060,<reflection_life>_<hard>_<clean>
3398,TR292480,<love_poetic>_<hard>_<clean>
3399,TR999778,<dialect_rap>_<unknown>_<clean>
3400,TR682877,<reflection_life>_<unknown>_<clean>
3401,TR454967,<love_poetic>_<unknown>_<clean>
3402,TR732784,<reflection_life>_<chill>_<clean>
3403,TR587652,<love_poetic>_<unknown>_<street>
3404,TR950263,<love_poetic>_<unknown>_<clean>
3405,TR219490,<trap_street>_<unknown>_<clean>
3406,TR379950,<dialect_rap>_<unknown>_<clean>
3407,TR273712,<love_poetic>_<chill>_<clean>
3408,TR238511,<english_pop_trap>_<unknown>_<clean>
3409,TR879709,<reflection_life>_<unknown>_<clean>
3410,TR732563,<reflection_life>_<unknown>_<clean>
3411,TR266859,<dialect_rap>_<unknown>_<clean>
3412,TR304841,<dialect_rap>_<unknown>_<clean>
3413,TR296139,<love_poetic>_<chill>_<clean>
3414,TR322321,<love_poetic>_<chill>_<clean>
3415,TR408802,<reflection_life>_<unknown>_<clean>
3416,TR621119,<love_poetic>_<hard>_<clean>
3417,TR999968,<reflection_life>_<chill>_<clean>
3418,TR549036,<reflection_life>_<unknown>_<clean>
3419,TR784203,<love_poetic>_<chill>_<clean>
3420,TR613224,<dialect_rap>_<unknown>_<clean>
3421,TR975356,<reflection_life>_<chill>_<clean>
3422,TR321464,<reflection_life>_<unknown>_<clean>
3423,TR149394,<dialect_rap>_<unknown>_<clean>
3424,TR749499,<reflection_life>_<chill>_<clean>
3425,TR181555,<love_poetic>_<unknown>_<clean>
3426,TR188431,<reflection_life>_<unknown>_<clean>
3427,TR406699,<love_poetic>_<chill>_<clean>
3428,TR657929,<dialect_rap>_<unknown>_<clean>
3429,TR465077,<reflection_life>_<chill>_<clean>
3430,TR193746,<reflection_life>_<chill>_<clean>
3431,TR796688,<love_poetic>_<chill>_<clean>
3432,TR241630,<reflection_life>_<chill>_<clean>
3433,TR664736,<dialect_rap>_<unknown>_<clean>
3434,TR106804,<love_poetic>_<chill>_<clean>
3435,TR699575,<love_poetic>_<chill>_<clean>
3436,TR136575,<reflection_life>_<unknown>_<clean>
3437,TR832044,<rap_identity>_<chill>_<clean>
3438,TR297767,<dialect_rap>_<unknown>_<clean>
3439,TR882212,<love_poetic>_<unknown>_<clean>
3440,TR742153,<love_poetic>_<unknown>_<clean>
3441,TR585659,<dialect_rap>_<chill>_<clean>
3442,TR771139,<love_poetic>_<chill>_<clean>
3443,TR683909,<love_poetic>_<chill>_<street>
3444,TR447083,<love_poetic>_<unknown>_<clean>
3445,TR138637,<reflection_life>_<unknown>_<clean>
3446,TR308085,<reflection_life>_<unknown>_<clean>
3447,TR128819,<reflection_life>_<chill>_<clean>
3448,TR943681,<reflection_life>_<chill>_<clean>
3449,TR590881,<love_poetic>_<hard>_<clean>
3450,TR586983,<love_poetic>_<chill>_<clean>
3451,TR865520,<spanish>_<chill>_<clean>
3452,TR254090,<english_pop_trap>_<chill>_<clean>
3453,TR658102,<english_pop_trap>_<chill>_<clean>
3454,TR936960,<love_poetic>_<unknown>_<clean>
3455,TR167355,<reflection_life>_<unknown>_<clean>
3456,TR260929,<love_poetic>_<chill>_<clean>
3457,TR508800,<love_poetic>_<hard>_<clean>
3458,TR584738,<love_poetic>_<unknown>_<clean>
3459,TR706885,<reflection_life>_<chill>_<clean>
3460,TR932816,<love_poetic>_<unknown>_<street>
3461,TR810076,<reflection_life>_<unknown>_<clean>
3462,TR347592,<love_poetic>_<chill>_<clean>
3463,TR237970,<reflection_life>_<unknown>_<clean>
3464,TR233383,<love_poetic>_<unknown>_<clean>
3465,TR321383,<love_poetic>_<hard>_<clean>
3466,TR410952,<english_pop_trap>_<unknown>_<clean>
3467,TR362904,<love_poetic>_<unknown>_<clean>
3468,TR968335,<english_pop_trap>_<chill>_<clean>
3469,TR219707,<reflection_life>_<chill>_<clean>
3470,TR731604,<english_pop_trap>_<unknown>_<clean>
3471,TR887843,<reflection_life>_<hard>_<clean>
3472,TR519170,<reflection_life>_<unknown>_<clean>
3473,TR771768,<english_pop_trap>_<chill>_<clean>
3474,TR122537,<reflection_life>_<chill>_<clean>
3475,TR705072,<rap_identity>_<unknown>_<clean>
3476,TR120588,<love_poetic>_<hard>_<clean>
3477,TR985675,<reflection_life>_<unknown>_<clean>
3478,TR947566,<reflection_life>_<hard>_<clean>
3479,TR577946,<reflection_life>_<hard>_<clean>
3480,TR537310,<reflection_life>_<unknown>_<clean>
3481,TR649772,<reflection_life>_<hard>_<clean>
3482,TR688414,<spanish>_<hard>_<clean>
3483,TR268445,<english_pop_trap>_<unknown>_<clean>
3484,TR891224,<reflection_life>_<chill>_<clean>
3485,TR379799,<love_poetic>_<unknown>_<clean>
3486,TR555224,<rap_identity>_<unknown>_<clean>
3487,TR530978,<love_poetic>_<chill>_<clean>
3488,TR529965,<reflection_life>_<unknown>_<clean>
3489,TR707154,<reflection_life>_<hard>_<clean>
3490,TR593750,<love_poetic>_<hard>_<clean>
3491,TR209885,<reflection_life>_<chill>_<clean>
3492,TR857820,<dialect_rap>_<hard>_<clean>
3493,TR714723,<reflection_life>_<chill>_<clean>
3494,TR810654,<love_poetic>_<hard>_<clean>
3495,TR178795,<rap_identity>_<hard>_<street>
3496,TR418296,<rap_identity>_<unknown>_<clean>
3497,TR563139,<reflection_life>_<hard>_<clean>
3498,TR521479,<english_pop_trap>_<hard>_<clean>
3499,TR158645,<reflection_life>_<hard>_<clean>
3500,TR504327,<reflection_life>_<unknown>_<clean>
3501,TR251708,<reflection_life>_<hard>_<clean>
3502,TR672575,<spanish>_<hard>_<clean>
3503,TR799732,<reflection_life>_<hard>_<clean>
3504,TR751449,<reflection_life>_<chill>_<clean>
3505,TR265640,<love_poetic>_<hard>_<clean>
3506,TR906700,<love_poetic>_<hard>_<clean>
3507,TR391190,<love_poetic>_<hard>_<clean>
3508,TR306993,<rap_identity>_<unknown>_<clean>
3509,TR476491,<rap_identity>_<hard>_<clean>
3510,TR532342,<love_poetic>_<hard>_<clean>
3511,TR674616,<reflection_life>_<unknown>_<clean>
3512,TR973011,<love_poetic>_<hard>_<clean>
3513,TR821623,<reflection_life>_<chill>_<clean>
3514,TR439025,<love_poetic>_<hard>_<clean>
3515,TR648713,<reflection_life>_<hard>_<clean>
3516,TR440518,<love_poetic>_<hard>_<clean>
3517,TR502103,<reflection_life>_<unknown>_<clean>
3518,TR891491,<trap_street>_<chill>_<clean>
3519,TR652606,<reflection_life>_<chill>_<clean>
3520,TR957836,<trap_street>_<chill>_<street>
3521,TR807542,<trap_street>_<hard>_<street>
3522,TR418134,<trap_street>_<unknown>_<clean>
3523,TR633898,<love_poetic>_<chill>_<clean>
3524,TR557745,<trap_street>_<hard>_<clean>
3525,TR410035,<love_poetic>_<hard>_<clean>
3526,TR945379,<trap_street>_<hard>_<clean>
3527,TR902095,<love_poetic>_<hard>_<clean>
3528,TR932430,<rap_identity>_<hard>_<street>
3529,TR867441,<trap_street>_<hard>_<clean>
3530,TR995294,<love_poetic>_<hard>_<aggressive>
3531,TR677007,<trap_street>_<chill>_<clean>
3532,TR319877,<trap_street>_<hard>_<clean>
3533,TR776706,<reflection_life>_<chill>_<clean>
3534,TR174614,<reflection_life>_<unknown>_<street>
3535,TR885147,<reflection_life>_<chill>_<clean>
3536,TR439556,<love_poetic>_<hard>_<clean>
3537,TR712897,<trap_street>_<chill>_<clean>
3538,TR921757,<reflection_life>_<unknown>_<clean>
3539,TR956741,<love_poetic>_<chill>_<clean>
3540,TR462294,<reflection_life>_<chill>_<clean>
3541,TR154838,<reflection_life>_<hard>_<clean>
3542,TR542712,<english_pop_trap>_<hard>_<clean>
3543,TR464818,<trap_street>_<chill>_<clean>
3544,TR165458,<rap_identity>_<chill>_<clean>
3545,TR267026,<trap_street>_<hard>_<clean>
3546,TR127507,<reflection_life>_<chill>_<clean>
3547,TR399960,<trap_street>_<hard>_<clean>
3548,TR750334,<love_poetic>_<unknown>_<street>
3549,TR618308,<rap_identity>_<hard>_<clean>
3550,TR886247,<trap_street>_<chill>_<clean>
3551,TR324618,<love_poetic>_<unknown>_<clean>
3552,TR172785,<trap_street>_<hard>_<clean>
3553,TR984393,<rap_identity>_<unknown>_<clean>
3554,TR196938,<love_poetic>_<chill>_<clean>
3555,TR505182,<love_poetic>_<hard>_<clean>
3556,TR279448,<rap_identity>_<hard>_<clean>
3557,TR847682,<trap_street>_<unknown>_<clean>
3558,TR962625,<love_poetic>_<hard>_<clean>
3559,TR494325,<trap_street>_<hard>_<clean>
3560,TR757765,<reflection_life>_<hard>_<clean>
3561,TR574159,<rap_identity>_<hard>_<street>
3562,TR994297,<trap_street>_<hard>_<clean>
3563,TR119234,<love_poetic>_<unknown>_<clean>
3564,TR506031,<trap_street>_<hard>_<clean>
3565,TR472221,<rap_identity>_<chill>_<street>
3566,TR958425,<trap_street>_<chill>_<clean>
3567,TR240632,<rap_identity>_<chill>_<clean>
3568,TR516171,<love_poetic>_<chill>_<clean>
3569,TR968793,<love_poetic>_<unknown>_<clean>
3570,TR428708,<trap_street>_<hard>_<clean>
3571,TR264558,<trap_street>_<hard>_<clean>
3572,TR615866,<reflection_life>_<hard>_<clean>
3573,TR948209,<reflection_life>_<unknown>_<clean>
3574,TR679460,<love_poetic>_<unknown>_<clean>
3575,TR370418,<reflection_life>_<hard>_<clean>
3576,TR433251,<love_poetic>_<chill>_<clean>
3577,TR662585,<reflection_life>_<chill>_<clean>
3578,TR639941,<reflection_life>_<hard>_<clean>
3579,TR282839,<trap_street>_<chill>_<clean>
3580,TR426670,<reflection_life>_<unknown>_<clean>
3581,TR613429,<rap_identity>_<hard>_<clean>
3582,TR229688,<trap_street>_<chill>_<clean>
3583,TR403260,<love_poetic>_<chill>_<street>
3584,TR740057,<reflection_life>_<chill>_<clean>
3585,TR852886,<english_pop_trap>_<unknown>_<clean>
3586,TR895573,<love_poetic>_<unknown>_<clean>
3587,TR771985,<reflection_life>_<chill>_<clean>
3588,TR247701,<rap_identity>_<chill>_<clean>
3589,TR564128,<reflection_life>_<unknown>_<clean>
3590,TR601891,<trap_street>_<chill>_<clean>
3591,TR755939,<dialect_rap>_<unknown>_<clean>
3592,TR187689,<reflection_life>_<unknown>_<clean>
3593,TR529418,<love_poetic>_<unknown>_<clean>
3594,TR467301,<reflection_life>_<chill>_<clean>
3595,TR170159,<reflection_life>_<hard>_<clean>
3596,TR782237,<trap_street>_<chill>_<street>
3597,TR624183,<reflection_life>_<chill>_<clean>
3598,TR591541,<reflection_life>_<unknown>_<clean>
3599,TR487165,<love_poetic>_<hard>_<clean>
3600,TR808057,<trap_street>_<hard>_<clean>
3601,TR492233,<love_poetic>_<energetic>_<clean>
3602,TR837117,<trap_street>_<hard>_<clean>
3603,TR296505,<trap_street>_<chill>_<clean>
3604,TR820391,<spanish>_<chill>_<clean>
3605,TR964632,<love_poetic>_<chill>_<clean>
3606,TR159831,<rap_identity>_<chill>_<street>
3607,TR118137,<love_poetic>_<unknown>_<clean>
3608,TR549816,<trap_street>_<unknown>_<clean>
3609,TR283843,<love_poetic>_<chill>_<clean>
3610,TR901690,<reflection_life>_<hard>_<clean>
3611,TR485934,<trap_street>_<unknown>_<clean>
3612,TR463662,<love_poetic>_<unknown>_<clean>
3613,TR431505,<love_poetic>_<hard>_<clean>
3614,TR297746,<rap_identity>_<chill>_<street>
3615,TR915680,<rap_identity>_<chill>_<clean>
3616,TR227853,<reflection_life>_<chill>_<clean>
3617,TR608524,<rap_identity>_<hard>_<aggressive>
3618,TR295256,<trap_street>_<chill>_<clean>
3619,TR123739,<love_poetic>_<unknown>_<clean>
3620,TR346766,<reflection_life>_<unknown>_<clean>
3621,TR352702,<love_poetic>_<chill>_<clean>
3622,TR993789,<trap_street>_<unknown>_<clean>
3623,TR973458,<reflection_life>_<chill>_<clean>
3624,TR334822,<trap_street>_<chill>_<clean>
3625,TR285713,<love_poetic>_<chill>_<clean>
3626,TR518220,<love_poetic>_<chill>_<clean>
3627,TR754784,<rap_identity>_<chill>_<clean>
3628,TR964895,<love_poetic>_<chill>_<clean>
3629,TR968549,<trap_street>_<chill>_<clean>
3630,TR424996,<rap_identity>_<chill>_<clean>
3631,TR159341,<reflection_life>_<chill>_<clean>
3632,TR314992,<love_poetic>_<hard>_<street>
3633,TR437427,<trap_street>_<chill>_<clean>
3634,TR220057,<reflection_life>_<chill>_<street>
3635,TR589284,<reflection_life>_<unknown>_<clean>
3636,TR409308,<rap_identity>_<chill>_<clean>
3637,TR935050,<reflection_life>_<chill>_<clean>
3638,TR270583,<love_poetic>_<chill>_<clean>
3639,TR402326,<reflection_life>_<chill>_<clean>
3640,TR695735,<trap_street>_<chill>_<clean>
3641,TR637591,<rap_identity>_<chill>_<street>
3642,TR412627,<reflection_life>_<unknown>_<clean>
3643,TR280089,<rap_identity>_<chill>_<clean>
3644,TR905411,<rap_identity>_<unknown>_<clean>
3645,TR646929,<rap_identity>_<unknown>_<street>
3646,TR700155,<reflection_life>_<hard>_<clean>
3647,TR104869,<reflection_life>_<unknown>_<clean>
3648,TR573032,<reflection_life>_<unknown>_<clean>
3649,TR864005,<rap_identity>_<unknown>_<street>
3650,TR423455,<trap_street>_<energetic>_<clean>
3651,TR442170,<rap_identity>_<unknown>_<clean>
3652,TR731836,<rap_identity>_<unknown>_<street>
3653,TR592461,<love_poetic>_<chill>_<clean>
3654,TR793611,<rap_identity>_<chill>_<clean>
3655,TR542769,<rap_identity>_<chill>_<clean>
3656,TR909373,<rap_identity>_<chill>_<clean>
3657,TR766443,<reflection_life>_<chill>_<clean>
3658,TR234801,<reflection_life>_<hard>_<clean>
3659,TR615053,<english_pop_trap>_<unknown>_<clean>
3660,TR384230,<spanish>_<chill>_<clean>
3661,TR603257,<love_poetic>_<chill>_<clean>
3662,TR685898,<love_poetic>_<chill>_<clean>
3663,TR978628,<rap_identity>_<unknown>_<clean>
3664,TR167552,<rap_identity>_<unknown>_<clean>
3665,TR813819,<reflection_life>_<unknown>_<clean>
3666,TR534364,<love_poetic>_<chill>_<clean>
3667,TR194395,<love_poetic>_<chill>_<clean>
3668,TR161342,<love_poetic>_<chill>_<clean>
3669,TR461697,<reflection_life>_<unknown>_<clean>
3670,TR350177,<love_poetic>_<unknown>_<clean>
3671,TR481633,<love_poetic>_<chill>_<clean>
3672,TR161146,<love_poetic>_<hard>_<clean>
3673,TR264144,<reflection_life>_<unknown>_<clean>
3674,TR925883,<love_poetic>_<chill>_<street>
3675,TR632441,<reflection_life>_<chill>_<clean>
3676,TR401536,<rap_identity>_<chill>_<clean>
3677,TR708413,<rap_identity>_<hard>_<clean>
3678,TR919280,<rap_identity>_<unknown>_<clean>
3679,TR349974,<english_pop_trap>_<hard>_<clean>
3680,TR845320,<reflection_life>_<unknown>_<clean>
3681,TR920735,<love_poetic>_<hard>_<clean>
3682,TR344823,<english_pop_trap>_<chill>_<clean>
3683,TR935155,<rap_identity>_<chill>_<clean>
3684,TR278661,<love_poetic>_<hard>_<clean>
3685,TR366613,<english_pop_trap>_<unknown>_<clean>
3686,TR948872,<reflection_life>_<unknown>_<clean>
3687,TR999510,<reflection_life>_<chill>_<clean>
3688,TR138450,<english_pop_trap>_<hard>_<clean>
3689,TR713293,<rap_identity>_<unknown>_<clean>
3690,TR885079,<love_poetic>_<chill>_<clean>
3691,TR258741,<rap_identity>_<unknown>_<clean>
3692,TR389612,<love_poetic>_<unknown>_<clean>
3693,TR968771,<rap_identity>_<unknown>_<clean>
3694,TR133264,<reflection_life>_<chill>_<clean>
3695,TR139837,<reflection_life>_<chill>_<street>
3696,TR741689,<reflection_life>_<chill>_<clean>
3697,TR881498,<love_poetic>_<chill>_<clean>
3698,TR928874,<rap_identity>_<hard>_<clean>
3699,TR451278,<love_poetic>_<chill>_<clean>
3700,TR605147,<rap_identity>_<chill>_<clean>
3701,TR776757,<rap_identity>_<chill>_<clean>
3702,TR591276,<rap_identity>_<hard>_<clean>
3703,TR302064,<love_poetic>_<unknown>_<clean>
3704,TR199399,<love_poetic>_<chill>_<clean>
3705,TR199607,<reflection_life>_<unknown>_<clean>
3706,TR686987,<english_pop_trap>_<unknown>_<clean>
3707,TR786191,<rap_identity>_<hard>_<street>
3708,TR852292,<love_poetic>_<hard>_<street>
3709,TR690498,<rap_identity>_<chill>_<clean>
3710,TR286357,<reflection_life>_<chill>_<clean>
3711,TR784642,<reflection_life>_<unknown>_<clean>
3712,TR186262,<rap_identity>_<unknown>_<clean>
3713,TR414991,<english_pop_trap>_<unknown>_<clean>
3714,TR421597,<rap_identity>_<hard>_<clean>
3715,TR263743,<rap_identity>_<unknown>_<clean>
3716,TR194905,<reflection_life>_<hard>_<street>
3717,TR419372,<love_poetic>_<chill>_<clean>
3718,TR464305,<rap_identity>_<unknown>_<clean>
3719,TR421407,<rap_identity>_<chill>_<clean>
3720,TR663292,<rap_identity>_<chill>_<aggressive>
3721,TR440781,<reflection_life>_<chill>_<clean>
3722,TR714054,<reflection_life>_<chill>_<clean>
3723,TR484330,<rap_identity>_<chill>_<clean>
3724,TR820999,<reflection_life>_<hard>_<clean>
3725,TR998750,<rap_identity>_<hard>_<clean>
3726,TR427135,<english_pop_trap>_<unknown>_<clean>
3727,TR901362,<rap_identity>_<chill>_<clean>
3728,TR286241,<rap_identity>_<chill>_<clean>
3729,TR149633,<reflection_life>_<unknown>_<clean>
3730,TR155833,<reflection_life>_<unknown>_<clean>
3731,TR943852,<reflection_life>_<unknown>_<clean>
3732,TR344428,<rap_identity>_<chill>_<clean>
3733,TR226234,<love_poetic>_<chill>_<clean>
3734,TR500763,<love_poetic>_<chill>_<street>
3735,TR131073,<reflection_life>_<chill>_<clean>
3736,TR884772,<rap_identity>_<unknown>_<street>
3737,TR471517,<reflection_life>_<chill>_<clean>
3738,TR720803,<reflection_life>_<chill>_<clean>
3739,TR245143,<reflection_life>_<chill>_<clean>
3740,TR364767,<rap_identity>_<chill>_<street>
3741,TR863095,<rap_identity>_<hard>_<clean>
3742,TR125685,<rap_identity>_<chill>_<clean>
3743,TR543715,<english_pop_trap>_<chill>_<clean>
3744,TR321576,<rap_identity>_<chill>_<clean>
3745,TR784888,<reflection_life>_<chill>_<clean>
3746,TR907890,<rap_identity>_<chill>_<clean>
3747,TR434556,<english_pop_trap>_<unknown>_<clean>
3748,TR767464,<rap_identity>_<hard>_<clean>
3749,TR439748,<rap_identity>_<chill>_<clean>
3750,TR421563,<reflection_life>_<unknown>_<clean>
3751,TR201199,<reflection_life>_<chill>_<clean>
3752,TR748876,<rap_identity>_<hard>_<clean>
3753,TR999985,<rap_identity>_<chill>_<clean>
3754,TR256472,<reflection_life>_<hard>_<clean>
3755,TR481303,<reflection_life>_<hard>_<clean>
3756,TR495889,<reflection_life>_<chill>_<street>
3757,TR712240,<reflection_life>_<chill>_<clean>
3758,TR445597,<english_pop_trap>_<chill>_<street>
3759,TR411420,<reflection_life>_<chill>_<clean>
3760,TR671266,<reflection_life>_<hard>_<street>
3761,TR444637,<reflection_life>_<hard>_<clean>
3762,TR891424,<rap_identity>_<chill>_<clean>
3763,TR990298,<reflection_life>_<hard>_<clean>
3764,TR516738,<rap_identity>_<chill>_<clean>
3765,TR124722,<reflection_life>_<unknown>_<clean>
3766,TR280717,<rap_identity>_<hard>_<street>
3767,TR591782,<rap_identity>_<chill>_<clean>
3768,TR846770,<rap_identity>_<chill>_<clean>
3769,TR239282,<love_poetic>_<chill>_<clean>
3770,TR754298,<rap_identity>_<hard>_<clean>
3771,TR947220,<reflection_life>_<hard>_<clean>
3772,TR371302,<rap_identity>_<unknown>_<street>
3773,TR400318,<english_pop_trap>_<hard>_<aggressive>
3774,TR263488,<rap_identity>_<unknown>_<clean>
3775,TR164597,<reflection_life>_<unknown>_<clean>
3776,TR347366,<reflection_life>_<unknown>_<clean>
3777,TR294890,<rap_identity>_<unknown>_<clean>
3778,TR854892,<rap_identity>_<chill>_<clean>
3779,TR221903,<english_pop_trap>_<unknown>_<clean>
3780,TR774220,<reflection_life>_<unknown>_<street>
3781,TR545712,<rap_identity>_<chill>_<clean>
3782,TR591274,<love_poetic>_<unknown>_<clean>
3783,TR427789,<love_poetic>_<unknown>_<clean>
3784,TR974148,<reflection_life>_<chill>_<clean>
3785,TR476447,<rap_identity>_<unknown>_<clean>
3786,TR120534,<love_poetic>_<chill>_<clean>
3787,TR355103,<reflection_life>_<unknown>_<clean>
3788,TR363086,<rap_identity>_<unknown>_<clean>
3789,TR952319,<reflection_life>_<unknown>_<clean>
3790,TR748412,<rap_identity>_<unknown>_<clean>
3791,TR780819,<rap_identity>_<hard>_<clean>
3792,TR317469,<reflection_life>_<unknown>_<clean>
3793,TR123914,<love_poetic>_<hard>_<clean>
3794,TR219461,<english_pop_trap>_<unknown>_<clean>
3795,TR550201,<reflection_life>_<chill>_<clean>
3796,TR966156,<reflection_life>_<hard>_<clean>
3797,TR828581,<trap_street>_<chill>_<street>
3798,TR938316,<trap_street>_<hard>_<street>
3799,TR804109,<trap_street>_<unknown>_<aggressive>
3800,TR383948,<trap_street>_<hard>_<street>
3801,TR667910,<spanish>_<hard>_<street>
3802,TR798074,<trap_street>_<hard>_<street>
3803,TR283069,<trap_street>_<hard>_<clean>
3804,TR216758,<trap_street>_<hard>_<clean>
3805,TR768689,<trap_street>_<hard>_<street>
3806,TR346341,<love_poetic>_<hard>_<clean>
3807,TR836284,<english_pop_trap>_<chill>_<clean>
3808,TR821091,<trap_street>_<hard>_<aggressive>
3809,TR238389,<dialect_rap>_<hard>_<clean>
3810,TR964176,<trap_street>_<hard>_<clean>
3811,TR977096,<trap_street>_<unknown>_<aggressive>
3812,TR865248,<reflection_life>_<unknown>_<clean>
3813,TR857007,<trap_street>_<hard>_<aggressive>
3814,TR123863,<dialect_rap>_<hard>_<clean>
3815,TR650387,<trap_street>_<unknown>_<clean>
3816,TR446135,<trap_street>_<hard>_<aggressive>
3817,TR589177,<love_poetic>_<chill>_<clean>
3818,TR817878,<love_poetic>_<unknown>_<clean>
3819,TR669679,<trap_street>_<hard>_<clean>
3820,TR153205,<trap_street>_<hard>_<aggressive>
3821,TR465519,<trap_street>_<hard>_<clean>
3822,TR678481,<trap_street>_<hard>_<clean>
3823,TR758902,<love_poetic>_<hard>_<clean>
3824,TR740659,<trap_street>_<hard>_<street>
3825,TR737728,<trap_street>_<hard>_<clean>
3826,TR141924,<trap_street>_<unknown>_<clean>
3827,TR679806,<trap_street>_<hard>_<clean>
3828,TR936070,<trap_street>_<hard>_<clean>
3829,TR219491,<trap_street>_<hard>_<aggressive>
3830,TR898795,<trap_street>_<chill>_<aggressive>
3831,TR416132,<trap_street>_<hard>_<clean>
3832,TR440186,<trap_street>_<hard>_<aggressive>
3833,TR162623,<trap_street>_<hard>_<aggressive>
3834,TR914334,<love_poetic>_<hard>_<clean>
3835,TR821541,<trap_street>_<hard>_<clean>
3836,TR740380,<reflection_life>_<chill>_<clean>
3837,TR832136,<reflection_life>_<hard>_<clean>
3838,TR291030,<rap_identity>_<chill>_<clean>
3839,TR536955,<reflection_life>_<hard>_<clean>
3840,TR163198,<rap_identity>_<unknown>_<street>
3841,TR532421,<rap_identity>_<hard>_<street>
3842,TR467233,<rap_identity>_<hard>_<clean>
3843,TR530691,<rap_identity>_<hard>_<clean>
3844,TR231640,<love_poetic>_<unknown>_<clean>
3845,TR652790,<rap_identity>_<hard>_<clean>
3846,TR857525,<love_poetic>_<chill>_<clean>
3847,TR356579,<reflection_life>_<hard>_<clean>
3848,TR979765,<english_pop_trap>_<chill>_<clean>
3849,TR722814,<reflection_life>_<hard>_<clean>
3850,TR254586,<reflection_life>_<unknown>_<clean>
3851,TR501131,<english_pop_trap>_<unknown>_<clean>
3852,TR113376,<rap_identity>_<hard>_<clean>
3853,TR949321,<reflection_life>_<unknown>_<aggressive>
3854,TR301437,<rap_identity>_<unknown>_<aggressive>
3855,TR469749,<rap_identity>_<unknown>_<aggressive>
3856,TR235739,<rap_identity>_<hard>_<clean>
3857,TR737141,<english_pop_trap>_<hard>_<clean>
3858,TR734513,<rap_identity>_<hard>_<clean>
3859,TR255298,<rap_identity>_<unknown>_<street>
3860,TR220784,<rap_identity>_<hard>_<clean>
3861,TR266033,<english_pop_trap>_<unknown>_<clean>
3862,TR638292,<reflection_life>_<unknown>_<clean>
3863,TR877170,<rap_identity>_<unknown>_<clean>
3864,TR334659,<rap_identity>_<hard>_<clean>
3865,TR248109,<rap_identity>_<hard>_<clean>
3866,TR346346,<english_pop_trap>_<unknown>_<clean>
3867,TR222783,<rap_identity>_<unknown>_<aggressive>
3868,TR281255,<reflection_life>_<hard>_<clean>
3869,TR695912,<reflection_life>_<unknown>_<clean>
3870,TR854452,<rap_identity>_<chill>_<clean>
3871,TR967756,<rap_identity>_<hard>_<clean>
3872,TR730658,<reflection_life>_<hard>_<clean>
3873,TR501788,<love_poetic>_<unknown>_<clean>
3874,TR118822,<rap_identity>_<unknown>_<street>
3875,TR791566,<rap_identity>_<unknown>_<clean>
3876,TR621203,<rap_identity>_<hard>_<clean>
3877,TR433695,<rap_identity>_<hard>_<clean>
3878,TR111777,<reflection_life>_<hard>_<clean>
3879,TR727165,<rap_identity>_<chill>_<clean>
3880,TR373486,<rap_identity>_<chill>_<clean>
3881,TR891225,<rap_identity>_<unknown>_<street>
3882,TR597782,<rap_identity>_<unknown>_<street>
3883,TR859512,<reflection_life>_<chill>_<clean>
3884,TR845724,<reflection_life>_<hard>_<clean>
3885,TR519327,<english_pop_trap>_<unknown>_<clean>
3886,TR172063,<rap_identity>_<hard>_<clean>
3887,TR933335,<rap_identity>_<unknown>_<clean>
3888,TR109530,<rap_identity>_<unknown>_<street>
3889,TR730847,<rap_identity>_<hard>_<street>
3890,TR516842,<english_pop_trap>_<unknown>_<clean>
3891,TR349835,<rap_identity>_<chill>_<clean>
3892,TR499923,<rap_identity>_<hard>_<clean>
3893,TR596395,<reflection_life>_<unknown>_<clean>
3894,TR771886,<rap_identity>_<chill>_<clean>
3895,TR320285,<reflection_life>_<unknown>_<clean>
3896,TR604441,<rap_identity>_<hard>_<clean>
3897,TR189925,<reflection_life>_<chill>_<clean>
3898,TR831613,<rap_identity>_<unknown>_<clean>
3899,TR117557,<reflection_life>_<unknown>_<aggressive>
3900,TR453057,<rap_identity>_<hard>_<street>
3901,TR715960,<english_pop_trap>_<hard>_<aggressive>
3902,TR558637,<love_poetic>_<unknown>_<clean>
3903,TR667726,<reflection_life>_<hard>_<clean>
3904,TR746284,<rap_identity>_<chill>_<clean>
3905,TR992676,<reflection_life>_<unknown>_<clean>
3906,TR983017,<rap_identity>_<unknown>_<street>
3907,TR464479,<reflection_life>_<unknown>_<clean>
3908,TR473781,<rap_identity>_<unknown>_<street>
3909,TR372433,<rap_identity>_<hard>_<street>
3910,TR661287,<rap_identity>_<chill>_<clean>
3911,TR430143,<rap_identity>_<hard>_<street>
3912,TR691728,<reflection_life>_<unknown>_<clean>
3913,TR589465,<rap_identity>_<unknown>_<clean>
3914,TR210133,<rap_identity>_<unknown>_<street>
3915,TR807315,<rap_identity>_<unknown>_<street>
3916,TR949559,<rap_identity>_<hard>_<street>
3917,TR533207,<reflection_life>_<unknown>_<clean>
3918,TR604026,<rap_identity>_<unknown>_<aggressive>
3919,TR635683,<reflection_life>_<chill>_<clean>
3920,TR979582,<reflection_life>_<chill>_<clean>
3921,TR521216,<rap_identity>_<unknown>_<clean>
3922,TR788344,<rap_identity>_<hard>_<clean>
3923,TR811367,<love_poetic>_<unknown>_<clean>
3924,TR999996,<rap_identity>_<chill>_<street>
3925,TR256533,<reflection_life>_<hard>_<clean>
3926,TR402256,<reflection_life>_<unknown>_<clean>
3927,TR725450,<love_poetic>_<unknown>_<clean>
3928,TR999993,<rap_identity>_<unknown>_<clean>
3929,TR474469,<rap_identity>_<hard>_<aggressive>
3930,TR316763,<rap_identity>_<chill>_<street>
3931,TR211210,<rap_identity>_<unknown>_<clean>
3932,TR545556,<love_poetic>_<unknown>_<clean>
3933,TR620113,<rap_identity>_<unknown>_<clean>
3934,TR193767,<rap_identity>_<hard>_<clean>
3935,TR537753,<english_pop_trap>_<unknown>_<street>
3936,TR498675,<rap_identity>_<chill>_<aggressive>
3937,TR976705,<english_pop_trap>_<hard>_<clean>
3938,TR771194,<reflection_life>_<unknown>_<clean>
3939,TR733996,<spanish>_<hard>_<aggressive>
3940,TR652357,<rap_identity>_<unknown>_<clean>
3941,TR841206,<rap_identity>_<chill>_<clean>
3942,TR241534,<love_poetic>_<unknown>_<clean>
3943,TR770453,<reflection_life>_<unknown>_<clean>
3944,TR511580,<reflection_life>_<unknown>_<clean>
3945,TR404465,<rap_identity>_<hard>_<street>
3946,TR594237,<rap_identity>_<chill>_<clean>
3947,TR301224,<rap_identity>_<chill>_<aggressive>
3948,TR784611,<reflection_life>_<unknown>_<clean>
3949,TR529732,<rap_identity>_<chill>_<street>
3950,TR321247,<rap_identity>_<unknown>_<street>
3951,TR511737,<rap_identity>_<unknown>_<aggressive>
3952,TR903723,<rap_identity>_<hard>_<clean>
3953,TR432221,<rap_identity>_<unknown>_<aggressive>
3954,TR446267,<english_pop_trap>_<chill>_<clean>
3955,TR954607,<rap_identity>_<unknown>_<street>
3956,TR337138,<love_poetic>_<unknown>_<clean>
3957,TR693717,<rap_identity>_<chill>_<street>
3958,TR211219,<rap_identity>_<unknown>_<aggressive>
3959,TR126928,<rap_identity>_<hard>_<clean>
3960,TR398494,<rap_identity>_<unknown>_<street>
3961,TR210449,<rap_identity>_<unknown>_<street>
3962,TR457607,<reflection_life>_<hard>_<clean>
3963,TR176338,<reflection_life>_<unknown>_<clean>
3964,TR701364,<english_pop_trap>_<unknown>_<clean>
3965,TR902974,<english_pop_trap>_<unknown>_<clean>
3966,TR270928,<reflection_life>_<unknown>_<aggressive>
3967,TR788949,<rap_identity>_<hard>_<clean>
3968,TR151373,<rap_identity>_<hard>_<clean>
3969,TR108862,<english_pop_trap>_<hard>_<street>
3970,TR173296,<rap_identity>_<unknown>_<clean>
3971,TR797240,<rap_identity>_<unknown>_<aggressive>
3972,TR240173,<rap_identity>_<unknown>_<clean>
3973,TR928171,<english_pop_trap>_<hard>_<clean>
3974,TR330141,<rap_identity>_<hard>_<street>
3975,TR788822,<spanish>_<unknown>_<aggressive>
3976,TR135597,<rap_identity>_<hard>_<clean>
3977,TR175360,<rap_identity>_<unknown>_<aggressive>
3978,TR183798,<rap_identity>_<unknown>_<clean>
3979,TR669759,<rap_identity>_<unknown>_<clean>
3980,TR956159,<reflection_life>_<hard>_<clean>
3981,TR147400,<english_pop_trap>_<unknown>_<aggressive>
3982,TR505983,<rap_identity>_<unknown>_<aggressive>
3983,TR194762,<reflection_life>_<unknown>_<clean>
3984,TR475849,<rap_identity>_<unknown>_<aggressive>
3985,TR828593,<rap_identity>_<unknown>_<clean>
3986,TR834122,<rap_identity>_<unknown>_<street>
3987,TR440478,<reflection_life>_<unknown>_<clean>
3988,TR755658,<rap_identity>_<hard>_<aggressive>
3989,TR125607,<rap_identity>_<unknown>_<clean>
3990,TR549717,<reflection_life>_<unknown>_<street>
3991,TR337126,<rap_identity>_<hard>_<street>
3992,TR444358,<rap_identity>_<unknown>_<clean>
3993,TR182873,<english_pop_trap>_<unknown>_<clean>
3994,TR568979,<rap_identity>_<unknown>_<clean>
3995,TR210927,<english_pop_trap>_<hard>_<clean>
3996,TR658142,<rap_identity>_<unknown>_<aggressive>
3997,TR149705,<rap_identity>_<chill>_<clean>
3998,TR126642,<rap_identity>_<unknown>_<street>
3999,TR922537,<rap_identity>_<chill>_<clean>
4000,TR520880,<rap_identity>_<unknown>_<street>
4001,TR467395,<english_pop_trap>_<hard>_<clean>
4002,TR573758,<rap_identity>_<unknown>_<clean>
4003,TR200563,<english_pop_trap>_<hard>_<clean>
4004,TR303033,<english_pop_trap>_<unknown>_<clean>
4005,TR924708,<rap_identity>_<hard>_<street>
4006,TR983817,<love_poetic>_<unknown>_<aggressive>
4007,TR736253,<rap_identity>_<hard>_<clean>
4008,TR926090,<rap_identity>_<hard>_<street>
4009,TR789242,<rap_identity>_<unknown>_<street>
4010,TR340268,<spanish>_<unknown>_<clean>
4011,TR104167,<rap_identity>_<unknown>_<clean>
4012,TR183501,<rap_identity>_<unknown>_<clean>
4013,TR201959,<rap_identity>_<chill>_<clean>
4014,TR615417,<rap_identity>_<hard>_<aggressive>
4015,TR551113,<reflection_life>_<hard>_<street>
4016,TR554837,<reflection_life>_<chill>_<clean>
4017,TR251264,<rap_identity>_<chill>_<street>
4018,TR734556,<rap_identity>_<unknown>_<street>
4019,TR151128,<reflection_life>_<hard>_<clean>
4020,TR683505,<rap_identity>_<chill>_<clean>
4021,TR597980,<reflection_life>_<unknown>_<clean>
4022,TR355878,<rap_identity>_<hard>_<street>
4023,TR994651,<rap_identity>_<chill>_<clean>
4024,TR788426,<english_pop_trap>_<chill>_<clean>
4025,TR318521,<rap_identity>_<hard>_<clean>
4026,TR843243,<rap_identity>_<chill>_<street>
4027,TR825797,<english_pop_trap>_<unknown>_<clean>
4028,TR289625,<reflection_life>_<hard>_<clean>
4029,TR687674,<love_poetic>_<chill>_<street>
4030,TR461502,<english_pop_trap>_<hard>_<street>
4031,TR916965,<english_pop_trap>_<chill>_<street>
4032,TR808861,<rap_identity>_<unknown>_<clean>
4033,TR422879,<reflection_life>_<unknown>_<clean>
4034,TR559299,<rap_identity>_<unknown>_<aggressive>
4035,TR473083,<reflection_life>_<hard>_<clean>
4036,TR755855,<rap_identity>_<unknown>_<clean>
4037,TR556920,<rap_identity>_<chill>_<aggressive>
4038,TR715156,<rap_identity>_<hard>_<clean>
4039,TR380039,<rap_identity>_<unknown>_<street>
4040,TR533539,<rap_identity>_<unknown>_<clean>
4041,TR175019,<rap_identity>_<chill>_<street>
4042,TR743711,<rap_identity>_<hard>_<clean>
4043,TR855854,<english_pop_trap>_<unknown>_<clean>
4044,TR293430,<rap_identity>_<unknown>_<clean>
4045,TR919302,<reflection_life>_<unknown>_<clean>
4046,TR351557,<rap_identity>_<unknown>_<street>
4047,TR841403,<rap_identity>_<unknown>_<aggressive>
4048,TR199400,<rap_identity>_<chill>_<street>
4049,TR577274,<reflection_life>_<unknown>_<clean>
4050,TR716132,<english_pop_trap>_<hard>_<street>
4051,TR160608,<reflection_life>_<unknown>_<clean>
4052,TR425289,<reflection_life>_<unknown>_<clean>
4053,TR299943,<reflection_life>_<unknown>_<clean>
4054,TR328539,<rap_identity>_<unknown>_<street>
4055,TR999983,<rap_identity>_<unknown>_<clean>
4056,TR486465,<love_poetic>_<unknown>_<clean>
4057,TR605285,<reflection_life>_<unknown>_<clean>
4058,TR733751,<rap_identity>_<hard>_<aggressive>
4059,TR251871,<rap_identity>_<chill>_<clean>
4060,TR608048,<english_pop_trap>_<hard>_<aggressive>
4061,TR355590,<english_pop_trap>_<chill>_<aggressive>
4062,TR689316,<trap_street>_<hard>_<clean>
4063,TR159611,<reflection_life>_<hard>_<clean>
4064,TR217787,<trap_street>_<hard>_<clean>
4065,TR108274,<trap_street>_<chill>_<clean>
4066,TR658767,<trap_street>_<chill>_<clean>
4067,TR626990,<reflection_life>_<unknown>_<clean>
4068,TR726684,<trap_street>_<chill>_<street>
4069,TR571958,<love_poetic>_<hard>_<clean>
4070,TR867247,<rap_identity>_<unknown>_<clean>
4071,TR392039,<rap_identity>_<hard>_<aggressive>
4072,TR530821,<reflection_life>_<unknown>_<clean>
4073,TR259256,<reflection_life>_<chill>_<clean>
4074,TR903216,<love_poetic>_<hard>_<clean>
4075,TR784100,<reflection_life>_<chill>_<clean>
4076,TR385819,<reflection_life>_<hard>_<clean>
4077,TR189863,<trap_street>_<unknown>_<street>
4078,TR791323,<reflection_life>_<chill>_<clean>
4079,TR832072,<love_poetic>_<chill>_<clean>
4080,TR477201,<trap_street>_<hard>_<clean>
4081,TR209517,<spanish>_<hard>_<clean>
4082,TR613675,<reflection_life>_<unknown>_<clean>
4083,TR430982,<rap_identity>_<hard>_<street>
4084,TR735910,<reflection_life>_<chill>_<clean>
4085,TR437395,<trap_street>_<hard>_<clean>
4086,TR524901,<rap_identity>_<chill>_<clean>
4087,TR548423,<reflection_life>_<chill>_<clean>
4088,TR907973,<reflection_life>_<chill>_<clean>
4089,TR733281,<reflection_life>_<chill>_<clean>
4090,TR815841,<trap_street>_<hard>_<clean>
4091,TR928281,<trap_street>_<unknown>_<clean>
4092,TR175695,<love_poetic>_<chill>_<clean>
4093,TR726119,<trap_street>_<hard>_<street>
4094,TR725031,<reflection_life>_<unknown>_<street>
4095,TR751435,<rap_identity>_<hard>_<aggressive>
4096,TR998080,<love_poetic>_<hard>_<clean>
4097,TR104431,<love_poetic>_<chill>_<clean>
4098,TR291055,<rap_identity>_<unknown>_<clean>
4099,TR268278,<love_poetic>_<unknown>_<clean>
4100,TR835183,<trap_street>_<chill>_<clean>
4101,TR359531,<spanish>_<hard>_<clean>
4102,TR592486,<reflection_life>_<chill>_<clean>
4103,TR267824,<spanish>_<hard>_<clean>
4104,TR612087,<love_poetic>_<hard>_<clean>
4105,TR398468,<reflection_life>_<hard>_<clean>
4106,TR211507,<english_pop_trap>_<hard>_<clean>
4107,TR987701,<dialect_rap>_<hard>_<clean>
4108,TR728122,<love_poetic>_<hard>_<street>
4109,TR721835,<reflection_life>_<hard>_<clean>
4110,TR823088,<trap_street>_<hard>_<clean>
4111,TR534982,<english_pop_trap>_<unknown>_<clean>
4112,TR290977,<english_pop_trap>_<hard>_<clean>
4113,TR791009,<love_poetic>_<unknown>_<clean>
4114,TR855616,<trap_street>_<hard>_<clean>
4115,TR661227,<trap_street>_<chill>_<street>
4116,TR920396,<english_pop_trap>_<hard>_<clean>
4117,TR746527,<trap_street>_<hard>_<clean>
4118,TR687972,<english_pop_trap>_<hard>_<clean>
4119,TR817312,<love_poetic>_<unknown>_<clean>
4120,TR191134,<dialect_rap>_<chill>_<clean>
4121,TR498412,<rap_identity>_<chill>_<street>
4122,TR241721,<trap_street>_<hard>_<clean>
4123,TR751028,<trap_street>_<chill>_<street>
4124,TR658250,<reflection_life>_<chill>_<clean>
4125,TR211291,<reflection_life>_<hard>_<clean>
4126,TR319478,<rap_identity>_<unknown>_<street>
4127,TR563209,<trap_street>_<hard>_<clean>
4128,TR144941,<trap_street>_<hard>_<clean>
4129,TR269116,<love_poetic>_<hard>_<street>
4130,TR689645,<english_pop_trap>_<hard>_<clean>
4131,TR552641,<love_poetic>_<hard>_<clean>
4132,TR131297,<rap_identity>_<unknown>_<clean>
4133,TR746040,<reflection_life>_<unknown>_<street>
4134,TR285783,<trap_street>_<hard>_<street>
4135,TR902714,<love_poetic>_<unknown>_<clean>
4136,TR964018,<trap_street>_<chill>_<clean>
4137,TR952965,<reflection_life>_<chill>_<clean>
4138,TR617415,<trap_street>_<hard>_<clean>
4139,TR731376,<reflection_life>_<hard>_<clean>
4140,TR349424,<reflection_life>_<hard>_<clean>
4141,TR157173,<reflection_life>_<unknown>_<clean>
4142,TR816045,<rap_identity>_<unknown>_<street>
4143,TR564303,<love_poetic>_<unknown>_<clean>
4144,TR901879,<rap_identity>_<unknown>_<clean>
4145,TR289467,<reflection_life>_<hard>_<clean>
4146,TR470608,<rap_identity>_<hard>_<clean>
4147,TR776746,<reflection_life>_<chill>_<clean>
4148,TR993018,<rap_identity>_<unknown>_<street>
4149,TR716935,<reflection_life>_<unknown>_<clean>
4150,TR863249,<trap_street>_<hard>_<street>
4151,TR611259,<love_poetic>_<chill>_<clean>
4152,TR553777,<rap_identity>_<chill>_<street>
4153,TR907059,<english_pop_trap>_<hard>_<clean>
4154,TR789114,<rap_identity>_<hard>_<clean>
4155,TR547457,<rap_identity>_<chill>_<clean>
4156,TR175917,<rap_identity>_<hard>_<street>
4157,TR676362,<trap_street>_<unknown>_<street>
4158,TR797701,<rap_identity>_<hard>_<street>
4159,TR502284,<love_poetic>_<chill>_<clean>
4160,TR650620,<trap_street>_<unknown>_<clean>
4161,TR648705,<reflection_life>_<unknown>_<clean>
4162,TR362892,<rap_identity>_<unknown>_<street>
4163,TR684657,<trap_street>_<hard>_<clean>
4164,TR588889,<rap_identity>_<hard>_<street>
4165,TR128172,<love_poetic>_<hard>_<street>
4166,TR806743,<reflection_life>_<unknown>_<clean>
4167,TR355831,<reflection_life>_<hard>_<clean>
4168,TR654292,<reflection_life>_<hard>_<clean>
4169,TR426771,<trap_street>_<hard>_<aggressive>
4170,TR750039,<reflection_life>_<unknown>_<clean>
4171,TR344222,<rap_identity>_<hard>_<clean>
4172,TR486110,<love_poetic>_<chill>_<clean>
4173,TR498604,<reflection_life>_<unknown>_<clean>
4174,TR433634,<trap_street>_<chill>_<clean>
4175,TR144538,<love_poetic>_<chill>_<clean>
4176,TR289879,<rap_identity>_<chill>_<clean>
4177,TR915093,<love_poetic>_<hard>_<clean>
4178,TR326623,<rap_identity>_<chill>_<street>
4179,TR548105,<love_poetic>_<chill>_<clean>
4180,TR865371,<rap_identity>_<hard>_<clean>
4181,TR806531,<rap_identity>_<chill>_<clean>
4182,TR132468,<reflection_life>_<chill>_<clean>
4183,TR245440,<rap_identity>_<chill>_<clean>
4184,TR950434,<rap_identity>_<hard>_<clean>
4185,TR572811,<rap_identity>_<chill>_<clean>
4186,TR857827,<love_poetic>_<chill>_<clean>
4187,TR855341,<rap_identity>_<hard>_<aggressive>
4188,TR201734,<reflection_life>_<chill>_<clean>
4189,TR139394,<reflection_life>_<chill>_<clean>
4190,TR833035,<rap_identity>_<chill>_<aggressive>
4191,TR899349,<reflection_life>_<unknown>_<clean>
4192,TR590757,<rap_identity>_<hard>_<clean>
4193,TR575389,<rap_identity>_<hard>_<clean>
4194,TR884628,<trap_street>_<chill>_<clean>
4195,TR838741,<rap_identity>_<chill>_<clean>
4196,TR766738,<rap_identity>_<unknown>_<street>
4197,TR789334,<love_poetic>_<chill>_<clean>
4198,TR100739,<rap_identity>_<chill>_<aggressive>
4199,TR505180,<rap_identity>_<chill>_<clean>
4200,TR726015,<rap_identity>_<hard>_<street>
4201,TR746379,<reflection_life>_<chill>_<clean>
4202,TR492744,<rap_identity>_<chill>_<clean>
4203,TR261517,<english_pop_trap>_<chill>_<clean>
4204,TR529299,<rap_identity>_<hard>_<street>
4205,TR628300,<rap_identity>_<hard>_<street>
4206,TR535724,<reflection_life>_<chill>_<clean>
4207,TR505910,<rap_identity>_<unknown>_<street>
4208,TR454565,<reflection_life>_<hard>_<clean>
4209,TR810194,<reflection_life>_<chill>_<clean>
4210,TR460311,<love_poetic>_<chill>_<clean>
4211,TR672564,<reflection_life>_<chill>_<clean>
4212,TR819541,<trap_street>_<chill>_<clean>
4213,TR865620,<rap_identity>_<hard>_<clean>
4214,TR723847,<reflection_life>_<chill>_<clean>
4215,TR231780,<reflection_life>_<chill>_<clean>
4216,TR350803,<rap_identity>_<chill>_<clean>
4217,TR817882,<reflection_life>_<chill>_<clean>
4218,TR846586,<english_pop_trap>_<chill>_<street>
4219,TR306244,<trap_street>_<hard>_<clean>
4220,TR606959,<rap_identity>_<chill>_<clean>
4221,TR112922,<rap_identity>_<chill>_<clean>
4222,TR402130,<rap_identity>_<chill>_<street>
4223,TR238690,<reflection_life>_<chill>_<clean>
4224,TR786655,<love_poetic>_<chill>_<clean>
4225,TR260076,<dialect_rap>_<chill>_<clean>
4226,TR838791,<reflection_life>_<chill>_<clean>
4227,TR533330,<love_poetic>_<hard>_<clean>
4228,TR506000,<reflection_life>_<chill>_<clean>
4229,TR648038,<rap_identity>_<chill>_<street>
4230,TR152128,<reflection_life>_<chill>_<clean>
4231,TR793139,<rap_identity>_<chill>_<street>
4232,TR267753,<english_pop_trap>_<hard>_<clean>
4233,TR627808,<love_poetic>_<chill>_<clean>
4234,TR999970,<english_pop_trap>_<chill>_<clean>
4235,TR785277,<rap_identity>_<hard>_<clean>
4236,TR937272,<reflection_life>_<chill>_<clean>
4237,TR829438,<reflection_life>_<chill>_<clean>
4238,TR771404,<reflection_life>_<chill>_<clean>
4239,TR312796,<rap_identity>_<chill>_<clean>
4240,TR503648,<rap_identity>_<chill>_<clean>
4241,TR302165,<rap_identity>_<chill>_<clean>
4242,TR267699,<love_poetic>_<chill>_<clean>
4243,TR565515,<rap_identity>_<chill>_<clean>
4244,TR715999,<love_poetic>_<chill>_<clean>
4245,TR961877,<rap_identity>_<chill>_<clean>
4246,TR866436,<rap_identity>_<chill>_<clean>
4247,TR428221,<love_poetic>_<chill>_<clean>
4248,TR233779,<reflection_life>_<chill>_<clean>
4249,TR573369,<rap_identity>_<chill>_<street>
4250,TR912140,<reflection_life>_<chill>_<clean>
4251,TR791400,<english_pop_trap>_<chill>_<clean>
4252,TR385572,<love_poetic>_<hard>_<clean>
4253,TR187045,<love_poetic>_<unknown>_<clean>
4254,TR372908,<rap_identity>_<chill>_<clean>
4255,TR315273,<rap_identity>_<chill>_<street>
4256,TR638507,<love_poetic>_<hard>_<clean>
4257,TR536162,<rap_identity>_<hard>_<clean>
4258,TR561735,<rap_identity>_<chill>_<clean>
4259,TR908739,<rap_identity>_<hard>_<clean>
4260,TR781144,<rap_identity>_<chill>_<street>
4261,TR807651,<reflection_life>_<chill>_<clean>
4262,TR167891,<rap_identity>_<chill>_<clean>
4263,TR822042,<reflection_life>_<unknown>_<clean>
4264,TR847648,<rap_identity>_<chill>_<street>
4265,TR340899,<reflection_life>_<chill>_<clean>
4266,TR773367,<rap_identity>_<chill>_<clean>
4267,TR221566,<rap_identity>_<chill>_<clean>
4268,TR628651,<reflection_life>_<chill>_<street>
4269,TR863078,<rap_identity>_<chill>_<clean>
4270,TR193146,<rap_identity>_<chill>_<street>
4271,TR822413,<rap_identity>_<chill>_<clean>
4272,TR958971,<rap_identity>_<chill>_<clean>
4273,TR347025,<reflection_life>_<chill>_<clean>
4274,TR675324,<rap_identity>_<hard>_<street>
4275,TR223128,<love_poetic>_<chill>_<clean>
4276,TR856141,<reflection_life>_<chill>_<clean>
4277,TR290525,<reflection_life>_<chill>_<clean>
4278,TR158224,<rap_identity>_<chill>_<clean>
4279,TR940376,<rap_identity>_<chill>_<clean>
4280,TR740502,<reflection_life>_<chill>_<clean>
4281,TR349684,<rap_identity>_<chill>_<clean>
4282,TR789013,<spanish>_<hard>_<street>
4283,TR100258,<love_poetic>_<hard>_<clean>
4284,TR579462,<rap_identity>_<chill>_<clean>
4285,TR338288,<rap_identity>_<chill>_<aggressive>
4286,TR686078,<rap_identity>_<chill>_<aggressive>
4287,TR699079,<rap_identity>_<chill>_<street>
4288,TR184949,<reflection_life>_<chill>_<clean>
4289,TR442237,<rap_identity>_<chill>_<street>
4290,TR596529,<reflection_life>_<chill>_<clean>
4291,TR271191,<love_poetic>_<hard>_<clean>
4292,TR452193,<rap_identity>_<chill>_<clean>
4293,TR462882,<reflection_life>_<chill>_<clean>
4294,TR269839,<reflection_life>_<hard>_<clean>
4295,TR395983,<rap_identity>_<chill>_<street>
4296,TR540556,<rap_identity>_<chill>_<clean>
4297,TR129711,<rap_identity>_<chill>_<street>
4298,TR204640,<reflection_life>_<chill>_<clean>
4299,TR929926,<rap_identity>_<chill>_<clean>
4300,TR464653,<reflection_life>_<chill>_<clean>
4301,TR675216,<rap_identity>_<hard>_<street>
4302,TR992571,<rap_identity>_<chill>_<aggressive>
4303,TR115683,<rap_identity>_<chill>_<street>
4304,TR419998,<rap_identity>_<chill>_<clean>
4305,TR503923,<english_pop_trap>_<chill>_<clean>
4306,TR701044,<love_poetic>_<chill>_<clean>
4307,TR225339,<reflection_life>_<chill>_<clean>
4308,TR818482,<love_poetic>_<chill>_<clean>
4309,TR337853,<reflection_life>_<hard>_<clean>
4310,TR107220,<love_poetic>_<unknown>_<clean>
4311,TR269175,<rap_identity>_<unknown>_<street>
4312,TR508735,<love_poetic>_<chill>_<clean>
4313,TR277868,<reflection_life>_<hard>_<clean>
4314,TR757747,<love_poetic>_<chill>_<clean>
4315,TR494106,<love_poetic>_<chill>_<clean>
4316,TR396472,<trap_street>_<unknown>_<clean>
4317,TR542930,<love_poetic>_<hard>_<clean>
4318,TR964422,<trap_street>_<hard>_<street>
4319,TR188733,<reflection_life>_<unknown>_<street>
4320,TR203724,<reflection_life>_<chill>_<clean>
4321,TR659677,<love_poetic>_<chill>_<clean>
4322,TR929602,<love_poetic>_<chill>_<clean>
4323,TR818133,<love_poetic>_<hard>_<clean>
4324,TR150603,<reflection_life>_<chill>_<clean>
4325,TR578869,<love_poetic>_<hard>_<clean>
4326,TR559201,<reflection_life>_<unknown>_<clean>
4327,TR842733,<rap_identity>_<unknown>_<clean>
4328,TR949366,<reflection_life>_<chill>_<street>
4329,TR528874,<reflection_life>_<chill>_<clean>
4330,TR245681,<reflection_life>_<unknown>_<clean>
4331,TR378049,<reflection_life>_<hard>_<clean>
4332,TR230458,<love_poetic>_<unknown>_<clean>
4333,TR470800,<reflection_life>_<unknown>_<aggressive>
4334,TR929938,<love_poetic>_<unknown>_<clean>
4335,TR955909,<reflection_life>_<unknown>_<clean>
4336,TR444224,<love_poetic>_<hard>_<street>
4337,TR218096,<love_poetic>_<unknown>_<clean>
4338,TR212130,<love_poetic>_<unknown>_<clean>
4339,TR495024,<love_poetic>_<unknown>_<clean>
4340,TR340304,<reflection_life>_<unknown>_<clean>
4341,TR754612,<love_poetic>_<unknown>_<clean>
4342,TR994043,<reflection_life>_<unknown>_<clean>
4343,TR460178,<reflection_life>_<unknown>_<clean>
4344,TR655092,<love_poetic>_<hard>_<clean>
4345,TR285894,<rap_identity>_<hard>_<clean>
4346,TR984464,<spanish>_<unknown>_<clean>
4347,TR614483,<love_poetic>_<chill>_<clean>
4348,TR583341,<reflection_life>_<unknown>_<street>
4349,TR189060,<love_poetic>_<chill>_<street>
4350,TR962456,<love_poetic>_<chill>_<clean>
4351,TR191828,<love_poetic>_<unknown>_<clean>
4352,TR869052,<reflection_life>_<unknown>_<clean>
4353,TR328408,<english_pop_trap>_<hard>_<street>
4354,TR917489,<rap_identity>_<unknown>_<street>
4355,TR397721,<love_poetic>_<unknown>_<clean>
4356,TR935572,<love_poetic>_<unknown>_<clean>
4357,TR254075,<reflection_life>_<unknown>_<clean>
4358,TR945012,<rap_identity>_<unknown>_<clean>
4359,TR119446,<love_poetic>_<chill>_<clean>
4360,TR528646,<rap_identity>_<chill>_<clean>
4361,TR569228,<love_poetic>_<hard>_<clean>
4362,TR742904,<trap_street>_<chill>_<street>
4363,TR590085,<rap_identity>_<unknown>_<street>
4364,TR600320,<trap_street>_<unknown>_<clean>
4365,TR426846,<trap_street>_<chill>_<street>
4366,TR591980,<english_pop_trap>_<hard>_<clean>
4367,TR411932,<rap_identity>_<chill>_<street>
4368,TR797047,<rap_identity>_<hard>_<street>
4369,TR996157,<rap_identity>_<chill>_<street>
4370,TR759771,<rap_identity>_<chill>_<clean>
4371,TR449168,<love_poetic>_<chill>_<clean>
4372,TR669023,<trap_street>_<chill>_<clean>
4373,TR729523,<reflection_life>_<hard>_<clean>
4374,TR547884,<english_pop_trap>_<hard>_<street>
4375,TR870584,<rap_identity>_<unknown>_<street>
4376,TR761750,<rap_identity>_<unknown>_<street>
4377,TR603643,<rap_identity>_<unknown>_<street>
4378,TR795210,<trap_street>_<chill>_<clean>
4379,TR484268,<rap_identity>_<hard>_<street>
4380,TR836326,<trap_street>_<unknown>_<street>
4381,TR477464,<rap_identity>_<chill>_<street>
4382,TR886732,<trap_street>_<hard>_<clean>
4383,TR261037,<trap_street>_<hard>_<street>
4384,TR873925,<rap_identity>_<chill>_<street>
4385,TR233293,<rap_identity>_<hard>_<clean>
4386,TR271683,<trap_street>_<unknown>_<street>
4387,TR559757,<rap_identity>_<hard>_<clean>
4388,TR665633,<reflection_life>_<chill>_<clean>
4389,TR159268,<trap_street>_<hard>_<street>
4390,TR235311,<trap_street>_<unknown>_<clean>
4391,TR771305,<reflection_life>_<hard>_<clean>
4392,TR552353,<rap_identity>_<unknown>_<clean>
4393,TR471165,<trap_street>_<unknown>_<clean>
4394,TR522739,<rap_identity>_<hard>_<clean>
4395,TR686803,<trap_street>_<chill>_<clean>
4396,TR798950,<love_poetic>_<hard>_<clean>
4397,TR379707,<english_pop_trap>_<chill>_<clean>
4398,TR111175,<english_pop_trap>_<unknown>_<street>
4399,TR591089,<love_poetic>_<hard>_<clean>
4400,TR343948,<love_poetic>_<chill>_<street>
4401,TR670468,<trap_street>_<hard>_<clean>
4402,TR789604,<rap_identity>_<chill>_<clean>
4403,TR214546,<love_poetic>_<chill>_<clean>
4404,TR486397,<love_poetic>_<chill>_<clean>
4405,TR730402,<reflection_life>_<chill>_<street>
4406,TR796211,<rap_identity>_<chill>_<street>
4407,TR292339,<reflection_life>_<unknown>_<clean>
4408,TR262279,<love_poetic>_<chill>_<clean>
4409,TR579325,<rap_identity>_<unknown>_<clean>
4410,TR435253,<rap_identity>_<chill>_<street>
4411,TR109172,<rap_identity>_<chill>_<clean>
4412,TR922061,<trap_street>_<hard>_<street>
4413,TR664417,<reflection_life>_<chill>_<clean>
4414,TR540284,<rap_identity>_<unknown>_<clean>
4415,TR286384,<rap_identity>_<unknown>_<street>
4416,TR918222,<trap_street>_<hard>_<clean>
4417,TR586015,<rap_identity>_<hard>_<street>
4418,TR974163,<rap_identity>_<chill>_<clean>
4419,TR608422,<rap_identity>_<chill>_<street>
4420,TR783979,<rap_identity>_<hard>_<clean>
4421,TR780285,<trap_street>_<hard>_<clean>
4422,TR917078,<rap_identity>_<hard>_<clean>
4423,TR746470,<love_poetic>_<chill>_<clean>
4424,TR156969,<trap_street>_<chill>_<clean>
4425,TR325469,<trap_street>_<hard>_<street>
4426,TR296776,<rap_identity>_<chill>_<clean>
4427,TR771435,<rap_identity>_<hard>_<aggressive>
4428,TR340813,<english_pop_trap>_<unknown>_<clean>
4429,TR864095,<english_pop_trap>_<hard>_<clean>
4430,TR896526,<rap_identity>_<hard>_<clean>
4431,TR690041,<rap_identity>_<hard>_<street>
4432,TR591235,<reflection_life>_<hard>_<clean>
4433,TR898463,<rap_identity>_<hard>_<clean>
4434,TR557689,<rap_identity>_<hard>_<clean>
4435,TR574456,<love_poetic>_<unknown>_<clean>
4436,TR724878,<rap_identity>_<unknown>_<street>
4437,TR339403,<english_pop_trap>_<unknown>_<clean>
4438,TR669993,<reflection_life>_<unknown>_<clean>
4439,TR877230,<rap_identity>_<unknown>_<street>
4440,TR946050,<love_poetic>_<unknown>_<clean>
4441,TR847881,<reflection_life>_<hard>_<street>
4442,TR403272,<rap_identity>_<chill>_<street>
4443,TR726288,<reflection_life>_<hard>_<clean>
4444,TR397528,<rap_identity>_<chill>_<street>
4445,TR929058,<rap_identity>_<hard>_<clean>
4446,TR752177,<love_poetic>_<unknown>_<clean>
4447,TR807286,<rap_identity>_<unknown>_<street>
4448,TR339276,<rap_identity>_<hard>_<aggressive>
4449,TR969545,<rap_identity>_<chill>_<clean>
4450,TR306231,<english_pop_trap>_<unknown>_<street>
4451,TR812541,<rap_identity>_<chill>_<clean>
4452,TR723328,<english_pop_trap>_<hard>_<street>
4453,TR421353,<love_poetic>_<hard>_<clean>
4454,TR484714,<reflection_life>_<unknown>_<clean>
4455,TR938053,<english_pop_trap>_<hard>_<street>
4456,TR398525,<love_poetic>_<unknown>_<clean>
4457,TR800103,<rap_identity>_<hard>_<street>
4458,TR297423,<love_poetic>_<chill>_<clean>
4459,TR880595,<rap_identity>_<chill>_<clean>
4460,TR677053,<reflection_life>_<chill>_<clean>
4461,TR778673,<rap_identity>_<chill>_<clean>
4462,TR718425,<trap_street>_<hard>_<clean>
4463,TR967117,<rap_identity>_<hard>_<street>
4464,TR295961,<reflection_life>_<hard>_<clean>
4465,TR413671,<rap_identity>_<chill>_<street>
4466,TR525301,<reflection_life>_<chill>_<clean>
4467,TR389926,<reflection_life>_<chill>_<clean>
4468,TR148735,<rap_identity>_<chill>_<street>
4469,TR279950,<rap_identity>_<unknown>_<clean>
4470,TR890325,<love_poetic>_<unknown>_<clean>
4471,TR711135,<rap_identity>_<hard>_<clean>
4472,TR510737,<love_poetic>_<unknown>_<clean>
4473,TR422663,<reflection_life>_<unknown>_<clean>
4474,TR226656,<reflection_life>_<unknown>_<clean>
4475,TR174299,<love_poetic>_<hard>_<clean>
4476,TR178423,<rap_identity>_<hard>_<street>
4477,TR230009,<english_pop_trap>_<hard>_<aggressive>
4478,TR268905,<trap_street>_<hard>_<clean>
4479,TR199211,<rap_identity>_<hard>_<clean>
4480,TR841360,<trap_street>_<unknown>_<clean>
4481,TR948967,<reflection_life>_<chill>_<street>
4482,TR471481,<love_poetic>_<hard>_<street>
4483,TR496669,<rap_identity>_<chill>_<clean>
4484,TR430378,<reflection_life>_<hard>_<street>
4485,TR367759,<love_poetic>_<unknown>_<clean>
4486,TR443851,<rap_identity>_<chill>_<street>
4487,TR375045,<aspiration_generic>_<unknown>_<clean>
4488,TR743272,<rap_identity>_<chill>_<street>
4489,TR960916,<english_pop_trap>_<chill>_<street>
4490,TR655628,<rap_identity>_<chill>_<clean>
4491,TR466675,<english_pop_trap>_<unknown>_<clean>
4492,TR621186,<english_pop_trap>_<unknown>_<aggressive>
4493,TR909841,<love_poetic>_<chill>_<clean>
4494,TR664847,<rap_identity>_<chill>_<street>
4495,TR329639,<english_pop_trap>_<chill>_<street>
4496,TR178394,<english_pop_trap>_<unknown>_<clean>
4497,TR635858,<rap_identity>_<chill>_<street>
4498,TR685186,<english_pop_trap>_<unknown>_<aggressive>
4499,TR183135,<love_poetic>_<hard>_<street>
4500,TR418137,<reflection_life>_<unknown>_<street>
4501,TR326540,<dialect_rap>_<hard>_<clean>
4502,TR142039,<trap_street>_<chill>_<clean>
4503,TR613865,<trap_street>_<hard>_<street>
4504,TR522709,<love_poetic>_<unknown>_<clean>
4505,TR252762,<love_poetic>_<unknown>_<clean>
4506,TR426245,<english_pop_trap>_<unknown>_<clean>
4507,TR780666,<rap_identity>_<hard>_<clean>
4508,TR763650,<love_poetic>_<chill>_<clean>
4509,TR278608,<love_poetic>_<chill>_<clean>
4510,TR174164,<english_pop_trap>_<unknown>_<clean>
4511,TR653115,<rap_identity>_<hard>_<clean>
4512,TR664369,<reflection_life>_<hard>_<clean>
4513,TR619222,<reflection_life>_<chill>_<clean>
4514,TR738162,<rap_identity>_<unknown>_<clean>
4515,TR108160,<love_poetic>_<hard>_<clean>
4516,TR501325,<reflection_life>_<unknown>_<clean>
4517,TR895099,<rap_identity>_<hard>_<clean>
4518,TR301874,<trap_street>_<unknown>_<clean>
4519,TR793479,<english_pop_trap>_<hard>_<clean>
4520,TR161090,<reflection_life>_<chill>_<clean>
4521,TR106632,<love_poetic>_<chill>_<clean>
4522,TR435216,<reflection_life>_<hard>_<clean>
4523,TR342139,<rap_identity>_<chill>_<clean>
4524,TR623017,<reflection_life>_<chill>_<clean>
4525,TR190812,<rap_identity>_<hard>_<clean>
4526,TR329075,<reflection_life>_<chill>_<street>
4527,TR499462,<rap_identity>_<chill>_<aggressive>
4528,TR134998,<love_poetic>_<unknown>_<clean>
4529,TR741416,<rap_identity>_<hard>_<street>
4530,TR252239,<trap_street>_<hard>_<clean>
4531,TR547750,<trap_street>_<chill>_<street>
4532,TR327815,<reflection_life>_<unknown>_<clean>
4533,TR311526,<reflection_life>_<hard>_<clean>
4534,TR970560,<rap_identity>_<hard>_<clean>
4535,TR261255,<reflection_life>_<chill>_<clean>
4536,TR386165,<rap_identity>_<hard>_<street>
4537,TR899237,<rap_identity>_<hard>_<clean>
4538,TR321155,<love_poetic>_<chill>_<clean>
4539,TR379158,<trap_street>_<unknown>_<clean>
4540,TR402265,<english_pop_trap>_<unknown>_<aggressive>
4541,TR595071,<rap_identity>_<unknown>_<clean>
4542,TR952675,<trap_street>_<hard>_<clean>
4543,TR919992,<rap_identity>_<hard>_<clean>
4544,TR302721,<love_poetic>_<unknown>_<clean>
4545,TR177376,<love_poetic>_<unknown>_<clean>
4546,TR370443,<love_poetic>_<hard>_<street>
4547,TR324780,<trap_street>_<chill>_<clean>
4548,TR675629,<rap_identity>_<chill>_<clean>
4549,TR159447,<reflection_life>_<unknown>_<street>
4550,TR498492,<trap_street>_<chill>_<clean>
4551,TR625479,<love_poetic>_<unknown>_<clean>
4552,TR484249,<trap_street>_<unknown>_<clean>
4553,TR253620,<rap_identity>_<hard>_<clean>
4554,TR842442,<reflection_life>_<chill>_<clean>
4555,TR413402,<english_pop_trap>_<chill>_<clean>
4556,TR964006,<love_poetic>_<chill>_<clean>
4557,TR440070,<love_poetic>_<hard>_<clean>
4558,TR135114,<rap_identity>_<hard>_<clean>
4559,TR510348,<reflection_life>_<hard>_<clean>
4560,TR263633,<reflection_life>_<hard>_<clean>
4561,TR960144,<reflection_life>_<chill>_<street>
4562,TR798904,<rap_identity>_<hard>_<clean>
4563,TR860795,<love_poetic>_<chill>_<clean>
4564,TR508832,<reflection_life>_<unknown>_<clean>
4565,TR497031,<rap_identity>_<hard>_<clean>
4566,TR401360,<rap_identity>_<chill>_<street>
4567,TR337188,<love_poetic>_<hard>_<clean>
4568,TR653865,<reflection_life>_<unknown>_<clean>
4569,TR267811,<reflection_life>_<chill>_<clean>
4570,TR931787,<rap_identity>_<hard>_<street>
4571,TR958878,<reflection_life>_<hard>_<clean>
4572,TR887508,<love_poetic>_<chill>_<clean>
4573,TR533542,<reflection_life>_<chill>_<clean>
4574,TR904620,<reflection_life>_<chill>_<clean>
4575,TR792201,<rap_identity>_<unknown>_<clean>
4576,TR528595,<love_poetic>_<unknown>_<clean>
4577,TR346183,<rap_identity>_<hard>_<street>
4578,TR380682,<reflection_life>_<unknown>_<clean>
4579,TR102510,<love_poetic>_<hard>_<clean>
4580,TR392969,<reflection_life>_<chill>_<clean>
4581,TR466077,<rap_identity>_<hard>_<street>
4582,TR802080,<rap_identity>_<hard>_<street>
4583,TR176542,<rap_identity>_<hard>_<clean>
4584,TR746756,<rap_identity>_<hard>_<street>
4585,TR852028,<rap_identity>_<hard>_<clean>
4586,TR158514,<english_pop_trap>_<hard>_<aggressive>
4587,TR486968,<rap_identity>_<hard>_<street>
4588,TR687111,<reflection_life>_<hard>_<clean>
4589,TR833388,<love_poetic>_<unknown>_<clean>
4590,TR137531,<love_poetic>_<chill>_<clean>
4591,TR521995,<rap_identity>_<hard>_<clean>
4592,TR346717,<reflection_life>_<chill>_<clean>
4593,TR509293,<reflection_life>_<hard>_<clean>
4594,TR534369,<reflection_life>_<chill>_<clean>
4595,TR849642,<rap_identity>_<unknown>_<clean>
4596,TR902354,<trap_street>_<hard>_<clean>
4597,TR882982,<reflection_life>_<hard>_<clean>
4598,TR159865,<love_poetic>_<chill>_<clean>
4599,TR502171,<english_pop_trap>_<hard>_<street>
4600,TR356788,<love_poetic>_<chill>_<clean>
4601,TR155945,<rap_identity>_<hard>_<street>
4602,TR995442,<rap_identity>_<unknown>_<clean>
4603,TR215045,<love_poetic>_<chill>_<clean>
4604,TR805518,<reflection_life>_<chill>_<clean>
4605,TR318451,<reflection_life>_<chill>_<clean>
4606,TR897155,<rap_identity>_<hard>_<street>
4607,TR325682,<love_poetic>_<chill>_<clean>
4608,TR519489,<rap_identity>_<chill>_<aggressive>
4609,TR478012,<rap_identity>_<chill>_<clean>
4610,TR410113,<love_poetic>_<hard>_<street>
4611,TR663779,<rap_identity>_<chill>_<street>
4612,TR755804,<rap_identity>_<hard>_<street>
4613,TR299303,<rap_identity>_<hard>_<clean>
4614,TR479083,<rap_identity>_<hard>_<aggressive>
4615,TR719112,<love_poetic>_<hard>_<clean>
4616,TR579838,<reflection_life>_<chill>_<clean>
4617,TR512489,<trap_street>_<unknown>_<clean>
4618,TR607462,<love_poetic>_<unknown>_<clean>
4619,TR954097,<rap_identity>_<hard>_<clean>
4620,TR717166,<reflection_life>_<chill>_<clean>
4621,TR186617,<rap_identity>_<chill>_<clean>
4622,TR302790,<rap_identity>_<chill>_<clean>
4623,TR800535,<trap_street>_<unknown>_<clean>
4624,TR462584,<love_poetic>_<hard>_<street>
4625,TR592982,<reflection_life>_<chill>_<clean>
4626,TR720866,<reflection_life>_<unknown>_<clean>
4627,TR425597,<love_poetic>_<chill>_<clean>
4628,TR806901,<reflection_life>_<hard>_<street>
4629,TR280789,<reflection_life>_<hard>_<clean>
4630,TR365500,<english_pop_trap>_<unknown>_<street>
4631,TR330720,<trap_street>_<unknown>_<clean>
4632,TR358910,<rap_identity>_<unknown>_<clean>
4633,TR112003,<rap_identity>_<unknown>_<street>
4634,TR418597,<rap_identity>_<hard>_<clean>
4635,TR630819,<reflection_life>_<hard>_<clean>
4636,TR409672,<rap_identity>_<hard>_<clean>
4637,TR428906,<rap_identity>_<chill>_<clean>
4638,TR666954,<reflection_life>_<chill>_<clean>
4639,TR103175,<reflection_life>_<chill>_<clean>
4640,TR998649,<reflection_life>_<hard>_<clean>
4641,TR561994,<reflection_life>_<chill>_<clean>
4642,TR663326,<rap_identity>_<hard>_<clean>
4643,TR306715,<reflection_life>_<unknown>_<clean>
4644,TR161744,<love_poetic>_<chill>_<clean>
4645,TR494281,<reflection_life>_<unknown>_<clean>
4646,TR999934,<reflection_life>_<chill>_<clean>
4647,TR444710,<reflection_life>_<chill>_<clean>
4648,TR775808,<rap_identity>_<chill>_<street>
4649,TR628881,<reflection_life>_<hard>_<clean>
4650,TR525764,<reflection_life>_<unknown>_<clean>
4651,TR195303,<reflection_life>_<hard>_<clean>
4652,TR700423,<reflection_life>_<chill>_<clean>
4653,TR712945,<rap_identity>_<chill>_<clean>
4654,TR117160,<rap_identity>_<hard>_<street>
4655,TR667338,<rap_identity>_<unknown>_<street>
4656,TR914753,<rap_identity>_<hard>_<street>
4657,TR216341,<reflection_life>_<chill>_<clean>
4658,TR234321,<reflection_life>_<unknown>_<clean>
4659,TR169513,<rap_identity>_<unknown>_<street>
4660,TR508598,<reflection_life>_<chill>_<clean>
4661,TR573764,<rap_identity>_<unknown>_<clean>
4662,TR781994,<love_poetic>_<chill>_<clean>
4663,TR345373,<reflection_life>_<chill>_<clean>
4664,TR959830,<reflection_life>_<chill>_<clean>
4665,TR638899,<love_poetic>_<unknown>_<clean>
4666,TR186740,<rap_identity>_<unknown>_<clean>
4667,TR269601,<reflection_life>_<chill>_<clean>
4668,TR703611,<reflection_life>_<hard>_<clean>
4669,TR467505,<reflection_life>_<unknown>_<clean>
4670,TR628591,<reflection_life>_<unknown>_<clean>
4671,TR404148,<rap_identity>_<unknown>_<street>
4672,TR462280,<reflection_life>_<unknown>_<street>
4673,TR904891,<rap_identity>_<chill>_<clean>
4674,TR542680,<reflection_life>_<unknown>_<street>
4675,TR757774,<love_poetic>_<chill>_<clean>
4676,TR437181,<love_poetic>_<chill>_<clean>
4677,TR685409,<reflection_life>_<unknown>_<street>
4678,TR361278,<rap_identity>_<hard>_<street>
4679,TR675785,<love_poetic>_<chill>_<clean>
4680,TR475985,<love_poetic>_<chill>_<street>
4681,TR888181,<reflection_life>_<chill>_<clean>
4682,TR748192,<reflection_life>_<unknown>_<clean>
4683,TR859016,<reflection_life>_<unknown>_<clean>
4684,TR434770,<reflection_life>_<unknown>_<clean>
4685,TR639586,<reflection_life>_<chill>_<clean>
4686,TR315071,<rap_identity>_<hard>_<clean>
4687,TR439938,<reflection_life>_<chill>_<clean>
4688,TR346158,<rap_identity>_<hard>_<street>
4689,TR647817,<reflection_life>_<hard>_<clean>
4690,TR708235,<dialect_rap>_<unknown>_<street>
4691,TR420403,<reflection_life>_<chill>_<clean>
4692,TR485880,<reflection_life>_<unknown>_<clean>
4693,TR992169,<reflection_life>_<unknown>_<clean>
4694,TR374847,<reflection_life>_<chill>_<clean>
4695,TR922144,<rap_identity>_<unknown>_<clean>
4696,TR172847,<rap_identity>_<chill>_<street>
4697,TR699662,<reflection_life>_<unknown>_<clean>
4698,TR281847,<love_poetic>_<chill>_<clean>
4699,TR519817,<reflection_life>_<chill>_<clean>
4700,TR121678,<reflection_life>_<hard>_<clean>
4701,TR970947,<reflection_life>_<chill>_<clean>
4702,TR293687,<reflection_life>_<chill>_<clean>
4703,TR714206,<rap_identity>_<hard>_<clean>
4704,TR197569,<rap_identity>_<hard>_<clean>
4705,TR699268,<reflection_life>_<hard>_<clean>
4706,TR466735,<rap_identity>_<chill>_<clean>
4707,TR507454,<love_poetic>_<unknown>_<clean>
4708,TR478785,<reflection_life>_<unknown>_<clean>
4709,TR702296,<love_poetic>_<chill>_<clean>
4710,TR179150,<reflection_life>_<energetic>_<clean>
4711,TR303207,<reflection_life>_<chill>_<clean>
4712,TR666360,<rap_identity>_<unknown>_<clean>
4713,TR190083,<rap_identity>_<chill>_<clean>
4714,TR999961,<reflection_life>_<unknown>_<clean>
4715,TR128720,<reflection_life>_<unknown>_<clean>
4716,TR912623,<reflection_life>_<chill>_<clean>
4717,TR657628,<reflection_life>_<unknown>_<clean>
4718,TR253104,<reflection_life>_<unknown>_<clean>
4719,TR821688,<reflection_life>_<unknown>_<clean>
4720,TR954499,<english_pop_trap>_<unknown>_<clean>
4721,TR655078,<rap_identity>_<chill>_<street>
4722,TR644121,<reflection_life>_<unknown>_<clean>
4723,TR835298,<reflection_life>_<unknown>_<clean>
4724,TR389749,<reflection_life>_<unknown>_<clean>
4725,TR155444,<rap_identity>_<unknown>_<clean>
4726,TR606901,<reflection_life>_<chill>_<clean>
4727,TR923705,<rap_identity>_<unknown>_<street>
4728,TR645159,<reflection_life>_<unknown>_<clean>
4729,TR735943,<rap_identity>_<chill>_<clean>
4730,TR228745,<reflection_life>_<unknown>_<clean>
4731,TR902846,<reflection_life>_<unknown>_<clean>
4732,TR408994,<reflection_life>_<unknown>_<clean>
4733,TR227151,<reflection_life>_<unknown>_<clean>
4734,TR467136,<reflection_life>_<hard>_<clean>
4735,TR753444,<english_pop_trap>_<hard>_<clean>
4736,TR165911,<rap_identity>_<unknown>_<clean>
4737,TR309372,<reflection_life>_<unknown>_<clean>
4738,TR854329,<rap_identity>_<unknown>_<clean>
4739,TR259534,<love_poetic>_<chill>_<clean>
4740,TR581206,<reflection_life>_<hard>_<clean>
4741,TR925969,<rap_identity>_<chill>_<street>
4742,TR707509,<trap_street>_<hard>_<clean>
4743,TR930694,<love_poetic>_<unknown>_<clean>
4744,TR751005,<love_poetic>_<chill>_<clean>
4745,TR789907,<spanish>_<chill>_<clean>
4746,TR976392,<reflection_life>_<hard>_<clean>
4747,TR879290,<spanish>_<chill>_<clean>
4748,TR207919,<trap_street>_<hard>_<clean>
4749,TR235594,<spanish>_<hard>_<street>
4750,TR874082,<rap_identity>_<hard>_<clean>
4751,TR221665,<english_pop_trap>_<hard>_<clean>
4752,TR933854,<english_pop_trap>_<hard>_<clean>
4753,TR636547,<english_pop_trap>_<unknown>_<clean>
4754,TR137091,<rap_identity>_<hard>_<aggressive>
4755,TR451859,<love_poetic>_<unknown>_<clean>
4756,TR900012,<trap_street>_<hard>_<aggressive>
4757,TR759935,<love_poetic>_<hard>_<clean>
4758,TR814280,<trap_street>_<hard>_<clean>
4759,TR319129,<rap_identity>_<hard>_<aggressive>
4760,TR306934,<spanish>_<hard>_<aggressive>
4761,TR702566,<rap_identity>_<unknown>_<clean>
4762,TR757951,<trap_street>_<hard>_<street>
4763,TR500590,<reflection_life>_<hard>_<clean>
4764,TR507634,<rap_identity>_<hard>_<clean>
4765,TR495366,<english_pop_trap>_<hard>_<aggressive>
4766,TR863244,<spanish>_<hard>_<clean>
4767,TR331177,<reflection_life>_<hard>_<clean>
4768,TR700870,<english_pop_trap>_<unknown>_<street>
4769,TR151239,<rap_identity>_<hard>_<clean>
4770,TR492969,<love_poetic>_<hard>_<clean>
4771,TR183088,<reflection_life>_<hard>_<clean>
4772,TR580500,<love_poetic>_<unknown>_<clean>
4773,TR245845,<english_pop_trap>_<chill>_<aggressive>
4774,TR428348,<love_poetic>_<hard>_<clean>
4775,TR267992,<love_poetic>_<chill>_<clean>
4776,TR915080,<english_pop_trap>_<hard>_<aggressive>
4777,TR962011,<reflection_life>_<hard>_<clean>
4778,TR522670,<english_pop_trap>_<hard>_<street>
4779,TR535262,<trap_street>_<hard>_<clean>
4780,TR829797,<rap_identity>_<chill>_<clean>
4781,TR540878,<love_poetic>_<hard>_<clean>
4782,TR320587,<english_pop_trap>_<hard>_<aggressive>
4783,TR682741,<rap_identity>_<unknown>_<street>
4784,TR592781,<love_poetic>_<hard>_<clean>
4785,TR138333,<rap_identity>_<hard>_<clean>
4786,TR698939,<rap_identity>_<unknown>_<clean>
4787,TR560507,<english_pop_trap>_<hard>_<street>
4788,TR206140,<trap_street>_<hard>_<street>
4789,TR113472,<rap_identity>_<hard>_<clean>
4790,TR682239,<trap_street>_<chill>_<clean>
4791,TR183517,<rap_identity>_<hard>_<street>
4792,TR709538,<english_pop_trap>_<unknown>_<clean>
4793,TR314440,<spanish>_<chill>_<clean>
4794,TR781274,<spanish>_<hard>_<clean>
4795,TR323062,<english_pop_trap>_<chill>_<street>
4796,TR238530,<rap_identity>_<hard>_<clean>
4797,TR482308,<spanish>_<hard>_<clean>
4798,TR719347,<love_poetic>_<unknown>_<clean>
4799,TR479820,<english_pop_trap>_<hard>_<street>
4800,TR538190,<english_pop_trap>_<unknown>_<clean>
4801,TR371990,<love_poetic>_<hard>_<clean>
4802,TR614630,<english_pop_trap>_<hard>_<clean>
4803,TR418761,<reflection_life>_<hard>_<clean>
4804,TR478388,<reflection_life>_<hard>_<clean>
4805,TR133565,<trap_street>_<hard>_<clean>
4806,TR941522,<english_pop_trap>_<chill>_<aggressive>
4807,TR894895,<english_pop_trap>_<hard>_<clean>
4808,TR262353,<trap_street>_<hard>_<clean>
4809,TR637821,<dialect_rap>_<unknown>_<clean>
4810,TR495795,<rap_identity>_<hard>_<aggressive>
4811,TR367763,<love_poetic>_<unknown>_<clean>
4812,TR267352,<spanish>_<hard>_<clean>
4813,TR794594,<love_poetic>_<unknown>_<clean>
4814,TR332417,<spanish>_<hard>_<clean>
4815,TR417990,<love_poetic>_<unknown>_<clean>
4816,TR797140,<love_poetic>_<hard>_<clean>
4817,TR714096,<reflection_life>_<unknown>_<clean>
4818,TR209969,<love_poetic>_<energetic>_<clean>
4819,TR759163,<english_pop_trap>_<hard>_<clean>
4820,TR537033,<love_poetic>_<hard>_<clean>
4821,TR833272,<love_poetic>_<hard>_<clean>
4822,TR163284,<reflection_life>_<hard>_<clean>
4823,TR260594,<english_pop_trap>_<hard>_<aggressive>
4824,TR660947,<spanish>_<hard>_<street>
4825,TR554253,<spanish>_<hard>_<clean>
4826,TR406692,<reflection_life>_<hard>_<clean>
4827,TR710055,<love_poetic>_<unknown>_<street>
4828,TR788542,<english_pop_trap>_<unknown>_<clean>
4829,TR201979,<reflection_life>_<unknown>_<aggressive>
4830,TR168614,<rap_identity>_<hard>_<aggressive>
4831,TR173188,<love_poetic>_<energetic>_<clean>
4832,TR469474,<rap_identity>_<hard>_<clean>
4833,TR987435,<rap_identity>_<hard>_<street>
4834,TR941956,<love_poetic>_<unknown>_<clean>
4835,TR269298,<spanish>_<hard>_<clean>
4836,TR744558,<rap_identity>_<energetic>_<street>
4837,TR520013,<reflection_life>_<energetic>_<clean>
4838,TR226968,<reflection_life>_<chill>_<clean>
4839,TR257993,<reflection_life>_<chill>_<clean>
4840,TR866654,<love_poetic>_<hard>_<clean>
4841,TR764250,<dialect_rap>_<chill>_<clean>
4842,TR544022,<dialect_rap>_<unknown>_<clean>
4843,TR334878,<reflection_life>_<chill>_<clean>
4844,TR511517,<love_poetic>_<hard>_<clean>
4845,TR400912,<reflection_life>_<chill>_<clean>
4846,TR388414,<reflection_life>_<chill>_<clean>
4847,TR160591,<dialect_rap>_<chill>_<clean>
4848,TR558563,<rap_identity>_<unknown>_<clean>
4849,TR250175,<trap_street>_<hard>_<clean>
4850,TR650899,<love_poetic>_<chill>_<clean>
4851,TR788938,<love_poetic>_<chill>_<clean>
4852,TR862047,<love_poetic>_<unknown>_<clean>
4853,TR369689,<english_pop_trap>_<hard>_<clean>
4854,TR215624,<reflection_life>_<hard>_<clean>
4855,TR838684,<english_pop_trap>_<hard>_<clean>
4856,TR437200,<love_poetic>_<chill>_<clean>
4857,TR345999,<reflection_life>_<unknown>_<clean>
4858,TR345240,<love_poetic>_<unknown>_<clean>
4859,TR791390,<rap_identity>_<hard>_<aggressive>
4860,TR404397,<love_poetic>_<chill>_<clean>
4861,TR284409,<love_poetic>_<hard>_<clean>
4862,TR479870,<reflection_life>_<chill>_<clean>
4863,TR565132,<love_poetic>_<chill>_<clean>
4864,TR411498,<love_poetic>_<chill>_<clean>
4865,TR474636,<dialect_rap>_<chill>_<clean>
4866,TR544380,<trap_street>_<hard>_<clean>
4867,TR843036,<reflection_life>_<unknown>_<clean>
4868,TR854862,<trap_street>_<chill>_<clean>
4869,TR285050,<reflection_life>_<chill>_<clean>
4870,TR360500,<rap_identity>_<chill>_<clean>
4871,TR575388,<dialect_rap>_<unknown>_<clean>
4872,TR474688,<trap_street>_<hard>_<clean>
4873,TR954412,<love_poetic>_<unknown>_<clean>
4874,TR159030,<reflection_life>_<chill>_<clean>
4875,TR154892,<reflection_life>_<hard>_<clean>
4876,TR637106,<reflection_life>_<unknown>_<clean>
4877,TR137214,<reflection_life>_<chill>_<clean>
4878,TR813785,<reflection_life>_<chill>_<clean>
4879,TR999939,<dialect_rap>_<hard>_<clean>
4880,TR463776,<english_pop_trap>_<hard>_<clean>
4881,TR890253,<rap_identity>_<chill>_<clean>
4882,TR926674,<rap_identity>_<chill>_<clean>
4883,TR546855,<love_poetic>_<unknown>_<clean>
4884,TR738497,<love_poetic>_<chill>_<clean>
4885,TR120612,<rap_identity>_<chill>_<clean>
4886,TR866001,<trap_street>_<chill>_<aggressive>
4887,TR403963,<love_poetic>_<chill>_<clean>
4888,TR378207,<reflection_life>_<hard>_<street>
4889,TR218648,<reflection_life>_<chill>_<clean>
4890,TR971885,<rap_identity>_<chill>_<clean>
4891,TR138569,<reflection_life>_<hard>_<clean>
4892,TR869440,<love_poetic>_<hard>_<clean>
4893,TR624562,<reflection_life>_<chill>_<clean>
4894,TR400803,<reflection_life>_<unknown>_<clean>
4895,TR206792,<rap_identity>_<chill>_<clean>
4896,TR239917,<rap_identity>_<unknown>_<clean>
4897,TR871147,<dialect_rap>_<chill>_<clean>
4898,TR597281,<reflection_life>_<unknown>_<clean>
4899,TR199952,<reflection_life>_<chill>_<clean>
4900,TR569440,<love_poetic>_<chill>_<street>
4901,TR956524,<trap_street>_<hard>_<street>
4902,TR801319,<english_pop_trap>_<chill>_<clean>
4903,TR891218,<love_poetic>_<chill>_<clean>
4904,TR308295,<rap_identity>_<hard>_<street>
4905,TR632204,<reflection_life>_<hard>_<clean>
4906,TR772782,<love_poetic>_<chill>_<clean>
4907,TR781293,<rap_identity>_<chill>_<street>
4908,TR440366,<love_poetic>_<chill>_<clean>
4909,TR338740,<love_poetic>_<chill>_<clean>
4910,TR329575,<reflection_life>_<chill>_<clean>
4911,TR501763,<rap_identity>_<chill>_<clean>
4912,TR811770,<trap_street>_<hard>_<clean>
4913,TR426491,<reflection_life>_<chill>_<clean>
4914,TR858482,<reflection_life>_<chill>_<clean>
4915,TR979392,<reflection_life>_<unknown>_<clean>
4916,TR330919,<trap_street>_<hard>_<clean>
4917,TR523978,<english_pop_trap>_<chill>_<clean>
4918,TR143044,<love_poetic>_<chill>_<clean>
4919,TR960828,<love_poetic>_<unknown>_<clean>
4920,TR162549,<english_pop_trap>_<chill>_<clean>
4921,TR943349,<trap_street>_<hard>_<street>
4922,TR917416,<rap_identity>_<unknown>_<clean>
4923,TR130580,<reflection_life>_<unknown>_<clean>
4924,TR332110,<reflection_life>_<unknown>_<clean>
4925,TR388228,<trap_street>_<chill>_<clean>
4926,TR410555,<reflection_life>_<unknown>_<clean>
4927,TR897159,<love_poetic>_<chill>_<clean>
4928,TR316669,<love_poetic>_<chill>_<clean>
4929,TR840114,<dialect_rap>_<hard>_<clean>
4930,TR706853,<trap_street>_<hard>_<clean>
4931,TR655230,<love_poetic>_<unknown>_<clean>
4932,TR224694,<rap_identity>_<unknown>_<clean>
4933,TR693754,<love_poetic>_<chill>_<clean>
4934,TR299908,<rap_identity>_<hard>_<street>
4935,TR663163,<rap_identity>_<hard>_<clean>
4936,TR464915,<trap_street>_<chill>_<clean>
4937,TR795696,<dialect_rap>_<chill>_<clean>
4938,TR133481,<love_poetic>_<chill>_<clean>
4939,TR912874,<dialect_rap>_<hard>_<clean>
4940,TR797331,<love_poetic>_<chill>_<clean>
4941,TR947035,<rap_identity>_<chill>_<clean>
4942,TR857604,<love_poetic>_<chill>_<clean>
4943,TR534222,<rap_identity>_<hard>_<clean>
4944,TR575980,<rap_identity>_<unknown>_<clean>
4945,TR954497,<dialect_rap>_<hard>_<clean>
4946,TR975378,<love_poetic>_<chill>_<clean>
4947,TR367609,<dialect_rap>_<chill>_<clean>
4948,TR920648,<love_poetic>_<hard>_<clean>
4949,TR450012,<love_poetic>_<chill>_<clean>
4950,TR653293,<love_poetic>_<unknown>_<clean>
4951,TR442152,<love_poetic>_<unknown>_<clean>
4952,TR276787,<reflection_life>_<hard>_<clean>
4953,TR394162,<love_poetic>_<chill>_<clean>
4954,TR643421,<love_poetic>_<chill>_<clean>
4955,TR233873,<love_poetic>_<unknown>_<clean>
4956,TR314936,<spanish>_<chill>_<clean>
4957,TR133419,<love_poetic>_<chill>_<clean>
4958,TR711564,<reflection_life>_<chill>_<clean>
4959,TR523269,<trap_street>_<hard>_<street>
4960,TR908682,<reflection_life>_<hard>_<clean>
4961,TR223793,<love_poetic>_<chill>_<clean>
4962,TR678618,<love_poetic>_<chill>_<clean>
4963,TR566073,<rap_identity>_<chill>_<clean>
4964,TR900082,<spanish>_<unknown>_<clean>
4965,TR517908,<rap_identity>_<hard>_<clean>
4966,TR121718,<love_poetic>_<chill>_<street>
4967,TR215120,<reflection_life>_<chill>_<clean>
4968,TR395626,<rap_identity>_<chill>_<clean>
4969,TR891793,<english_pop_trap>_<chill>_<street>
4970,TR197874,<love_poetic>_<chill>_<clean>
4971,TR139640,<love_poetic>_<unknown>_<clean>
4972,TR556295,<love_poetic>_<chill>_<clean>
4973,TR154270,<love_poetic>_<chill>_<street>
4974,TR454744,<rap_identity>_<chill>_<clean>
4975,TR800844,<rap_identity>_<unknown>_<clean>
4976,TR899454,<love_poetic>_<chill>_<clean>
4977,TR433054,<reflection_life>_<chill>_<clean>
4978,TR733523,<reflection_life>_<chill>_<clean>
4979,TR469156,<english_pop_trap>_<chill>_<street>
4980,TR277534,<trap_street>_<chill>_<clean>
4981,TR266140,<reflection_life>_<chill>_<clean>
4982,TR641939,<love_poetic>_<unknown>_<clean>
4983,TR959775,<love_poetic>_<chill>_<clean>
4984,TR307974,<love_poetic>_<hard>_<clean>
4985,TR454993,<love_poetic>_<hard>_<street>
4986,TR312782,<rap_identity>_<chill>_<street>
4987,TR448113,<love_poetic>_<chill>_<clean>
4988,TR902292,<love_poetic>_<chill>_<clean>
4989,TR934355,<love_poetic>_<chill>_<clean>
4990,TR447010,<reflection_life>_<chill>_<street>
4991,TR550143,<trap_street>_<chill>_<clean>
4992,TR262484,<rap_identity>_<chill>_<clean>
4993,TR698977,<love_poetic>_<hard>_<clean>
4994,TR557717,<love_poetic>_<chill>_<clean>
4995,TR927168,<love_poetic>_<hard>_<clean>
4996,TR763540,<love_poetic>_<hard>_<clean>
4997,TR446146,<rap_identity>_<unknown>_<clean>
4998,TR583994,<rap_identity>_<chill>_<clean>
4999,TR994429,<reflection_life>_<chill>_<clean>
5000,TR999935,<reflection_life>_<chill>_<clean>
5001,TR528771,<love_poetic>_<chill>_<clean>
5002,TR265223,<love_poetic>_<chill>_<clean>
5003,TR847319,<love_poetic>_<chill>_<clean>
5004,TR434177,<love_poetic>_<unknown>_<clean>
5005,TR904344,<english_pop_trap>_<chill>_<clean>
5006,TR143240,<reflection_life>_<chill>_<clean>
5007,TR518778,<love_poetic>_<chill>_<clean>
5008,TR820778,<rap_identity>_<hard>_<street>
5009,TR299841,<love_poetic>_<chill>_<clean>
5010,TR706507,<reflection_life>_<hard>_<clean>
5011,TR375199,<love_poetic>_<chill>_<clean>
5012,TR694264,<love_poetic>_<chill>_<clean>
5013,TR911323,<reflection_life>_<hard>_<clean>
5014,TR185524,<rap_identity>_<chill>_<clean>
5015,TR893040,<love_poetic>_<hard>_<clean>
5016,TR955940,<reflection_life>_<chill>_<clean>
5017,TR230798,<english_pop_trap>_<unknown>_<clean>
5018,TR870834,<rap_identity>_<unknown>_<clean>
5019,TR307238,<reflection_life>_<unknown>_<clean>
5020,TR521022,<reflection_life>_<unknown>_<clean>
5021,TR614979,<love_poetic>_<unknown>_<clean>
5022,TR115266,<spanish>_<chill>_<clean>
5023,TR458089,<reflection_life>_<chill>_<clean>
5024,TR729147,<english_pop_trap>_<unknown>_<street>
5025,TR879765,<spanish>_<unknown>_<clean>
5026,TR370918,<reflection_life>_<chill>_<clean>
5027,TR211736,<english_pop_trap>_<unknown>_<aggressive>
5028,TR806239,<love_poetic>_<chill>_<clean>
5029,TR232287,<love_poetic>_<unknown>_<clean>
5030,TR107352,<reflection_life>_<chill>_<clean>
5031,TR309607,<love_poetic>_<chill>_<clean>
5032,TR873291,<love_poetic>_<unknown>_<clean>
5033,TR730497,<love_poetic>_<unknown>_<clean>
5034,TR300590,<love_poetic>_<unknown>_<clean>
5035,TR923957,<reflection_life>_<chill>_<clean>
5036,TR914482,<love_poetic>_<chill>_<clean>
5037,TR220290,<rap_identity>_<chill>_<clean>
5038,TR883784,<love_poetic>_<chill>_<clean>
5039,TR823583,<love_poetic>_<unknown>_<clean>
5040,TR686903,<reflection_life>_<unknown>_<clean>
5041,TR407784,<love_poetic>_<chill>_<clean>
5042,TR460635,<love_poetic>_<unknown>_<clean>
5043,TR401303,<love_poetic>_<chill>_<clean>
5044,TR273926,<love_poetic>_<chill>_<clean>
5045,TR215310,<reflection_life>_<chill>_<clean>
5046,TR594393,<love_poetic>_<chill>_<clean>
5047,TR138311,<love_poetic>_<unknown>_<clean>
5048,TR244223,<reflection_life>_<chill>_<clean>
5049,TR233623,<reflection_life>_<unknown>_<clean>
5050,TR678477,<reflection_life>_<unknown>_<clean>
5051,TR300194,<love_poetic>_<chill>_<clean>
5052,TR235845,<love_poetic>_<chill>_<clean>
5053,TR461242,<rap_identity>_<chill>_<clean>
5054,TR647310,<reflection_life>_<hard>_<clean>
5055,TR485827,<reflection_life>_<unknown>_<clean>
5056,TR120138,<trap_street>_<chill>_<aggressive>
5057,TR125702,<love_poetic>_<unknown>_<clean>
5058,TR472791,<reflection_life>_<unknown>_<clean>
5059,TR874406,<love_poetic>_<unknown>_<clean>
5060,TR286398,<love_poetic>_<hard>_<clean>
5061,TR307610,<reflection_life>_<unknown>_<clean>
5062,TR923542,<reflection_life>_<unknown>_<clean>
5063,TR987436,<rap_identity>_<chill>_<clean>
5064,TR936498,<reflection_life>_<hard>_<clean>
5065,TR363764,<reflection_life>_<unknown>_<clean>
5066,TR907468,<reflection_life>_<unknown>_<clean>
5067,TR963266,<love_poetic>_<chill>_<clean>
5068,TR307124,<reflection_life>_<chill>_<clean>
5069,TR237090,<reflection_life>_<unknown>_<clean>
5070,TR177030,<reflection_life>_<unknown>_<clean>
5071,TR475283,<love_poetic>_<unknown>_<clean>
5072,TR490505,<love_poetic>_<unknown>_<clean>
5073,TR589027,<love_poetic>_<chill>_<clean>
5074,TR681764,<rap_identity>_<hard>_<clean>
5075,TR864308,<rap_identity>_<unknown>_<clean>
5076,TR609990,<reflection_life>_<unknown>_<clean>
5077,TR428374,<reflection_life>_<unknown>_<clean>
5078,TR323298,<love_poetic>_<chill>_<clean>
5079,TR175899,<reflection_life>_<unknown>_<clean>
5080,TR391108,<love_poetic>_<chill>_<clean>
5081,TR833925,<rap_identity>_<unknown>_<street>
5082,TR794461,<love_poetic>_<hard>_<street>
5083,TR461226,<reflection_life>_<chill>_<clean>
5084,TR643190,<love_poetic>_<unknown>_<clean>
5085,TR523601,<reflection_life>_<chill>_<clean>
5086,TR973561,<reflection_life>_<unknown>_<clean>
5087,TR196227,<reflection_life>_<chill>_<clean>
5088,TR923803,<love_poetic>_<unknown>_<clean>
5089,TR712644,<reflection_life>_<chill>_<clean>
5090,TR941157,<reflection_life>_<unknown>_<clean>
5091,TR905584,<love_poetic>_<unknown>_<clean>
5092,TR904502,<love_poetic>_<unknown>_<clean>
5093,TR214072,<love_poetic>_<chill>_<clean>
5094,TR270005,<reflection_life>_<chill>_<clean>
5095,TR764973,<love_poetic>_<hard>_<clean>
5096,TR658276,<reflection_life>_<chill>_<clean>
5097,TR469076,<reflection_life>_<unknown>_<clean>
5098,TR476506,<reflection_life>_<unknown>_<clean>
5099,TR155551,<love_poetic>_<chill>_<clean>
5100,TR260634,<love_poetic>_<unknown>_<clean>
5101,TR343490,<reflection_life>_<hard>_<clean>
5102,TR827827,<reflection_life>_<chill>_<clean>
5103,TR694865,<love_poetic>_<hard>_<clean>
5104,TR822792,<reflection_life>_<hard>_<clean>
5105,TR170471,<reflection_life>_<chill>_<clean>
5106,TR876099,<love_poetic>_<unknown>_<clean>
5107,TR599417,<reflection_life>_<chill>_<clean>
5108,TR549058,<rap_identity>_<chill>_<clean>
5109,TR559694,<love_poetic>_<unknown>_<clean>
5110,TR529649,<reflection_life>_<chill>_<clean>
5111,TR298949,<rap_identity>_<unknown>_<clean>
5112,TR247067,<love_poetic>_<chill>_<clean>
5113,TR131441,<love_poetic>_<chill>_<clean>
5114,TR660330,<reflection_life>_<unknown>_<clean>
5115,TR212843,<reflection_life>_<chill>_<clean>
5116,TR405065,<reflection_life>_<chill>_<clean>
5117,TR349637,<reflection_life>_<unknown>_<clean>
5118,TR248735,<reflection_life>_<hard>_<clean>
5119,TR999971,<love_poetic>_<unknown>_<clean>
5120,TR917304,<reflection_life>_<chill>_<clean>
5121,TR824623,<rap_identity>_<chill>_<street>
5122,TR744960,<trap_street>_<hard>_<clean>
5123,TR810620,<reflection_life>_<chill>_<clean>
5124,TR248564,<reflection_life>_<hard>_<clean>
5125,TR671082,<reflection_life>_<unknown>_<clean>
5126,TR562790,<rap_identity>_<chill>_<clean>
5127,TR899116,<love_poetic>_<unknown>_<clean>
5128,TR382151,<reflection_life>_<energetic>_<clean>
5129,TR355337,<love_poetic>_<hard>_<clean>
5130,TR623145,<reflection_life>_<chill>_<clean>
5131,TR964059,<reflection_life>_<unknown>_<clean>
5132,TR945377,<love_poetic>_<chill>_<clean>
5133,TR847499,<love_poetic>_<chill>_<clean>
5134,TR547480,<reflection_life>_<unknown>_<clean>
5135,TR572985,<reflection_life>_<unknown>_<clean>
5136,TR719326,<rap_identity>_<chill>_<clean>
5137,TR104437,<love_poetic>_<chill>_<clean>
5138,TR894620,<rap_identity>_<hard>_<clean>
5139,TR392847,<reflection_life>_<unknown>_<clean>
5140,TR960109,<love_poetic>_<hard>_<clean>
5141,TR593223,<reflection_life>_<chill>_<clean>
5142,TR838194,<reflection_life>_<chill>_<clean>
5143,TR401618,<love_poetic>_<chill>_<clean>
5144,TR376575,<love_poetic>_<unknown>_<clean>
5145,TR358513,<love_poetic>_<unknown>_<clean>
5146,TR289356,<love_poetic>_<unknown>_<clean>
5147,TR613107,<love_poetic>_<chill>_<clean>
5148,TR615463,<love_poetic>_<chill>_<clean>
5149,TR319774,<reflection_life>_<hard>_<clean>
5150,TR446342,<reflection_life>_<hard>_<clean>
5151,TR762074,<love_poetic>_<hard>_<clean>
5152,TR319283,<reflection_life>_<chill>_<clean>
5153,TR362002,<reflection_life>_<hard>_<clean>
5154,TR746939,<love_poetic>_<chill>_<clean>
5155,TR982139,<reflection_life>_<hard>_<clean>
5156,TR757620,<rap_identity>_<chill>_<clean>
5157,TR183122,<rap_identity>_<chill>_<clean>
5158,TR275157,<reflection_life>_<chill>_<clean>
5159,TR303180,<love_poetic>_<hard>_<clean>
5160,TR992694,<love_poetic>_<chill>_<clean>
5161,TR564210,<reflection_life>_<chill>_<clean>
5162,TR402334,<rap_identity>_<chill>_<clean>
5163,TR787762,<reflection_life>_<chill>_<clean>
5164,TR340791,<reflection_life>_<unknown>_<clean>
5165,TR978886,<reflection_life>_<chill>_<clean>
5166,TR831459,<love_poetic>_<hard>_<clean>
5167,TR255853,<love_poetic>_<unknown>_<clean>
5168,TR527079,<reflection_life>_<hard>_<clean>
5169,TR310700,<rap_identity>_<chill>_<clean>
5170,TR413401,<love_poetic>_<unknown>_<clean>
5171,TR607640,<rap_identity>_<hard>_<clean>
5172,TR246918,<love_poetic>_<unknown>_<clean>
5173,TR888611,<reflection_life>_<hard>_<clean>
5174,TR724778,<love_poetic>_<unknown>_<clean>
5175,TR837880,<reflection_life>_<energetic>_<clean>
5176,TR354409,<reflection_life>_<hard>_<clean>
5177,TR118622,<reflection_life>_<chill>_<clean>
5178,TR444361,<reflection_life>_<unknown>_<clean>
5179,TR755829,<reflection_life>_<unknown>_<clean>
5180,TR972711,<rap_identity>_<chill>_<clean>
5181,TR632634,<love_poetic>_<chill>_<clean>
5182,TR309714,<love_poetic>_<chill>_<clean>
5183,TR772026,<love_poetic>_<chill>_<clean>
5184,TR118984,<english_pop_trap>_<hard>_<clean>
5185,TR711256,<reflection_life>_<chill>_<clean>
5186,TR248067,<reflection_life>_<chill>_<clean>
5187,TR861376,<love_poetic>_<chill>_<clean>
5188,TR367374,<love_poetic>_<chill>_<clean>
5189,TR211926,<rap_identity>_<hard>_<clean>
5190,TR310355,<love_poetic>_<unknown>_<clean>
5191,TR659735,<reflection_life>_<hard>_<clean>
5192,TR791653,<love_poetic>_<chill>_<clean>
5193,TR998523,<love_poetic>_<hard>_<clean>
5194,TR813523,<love_poetic>_<unknown>_<clean>
5195,TR651038,<reflection_life>_<unknown>_<clean>
5196,TR539099,<reflection_life>_<chill>_<street>
5197,TR699389,<love_poetic>_<unknown>_<clean>
5198,TR334539,<reflection_life>_<hard>_<clean>
5199,TR361346,<love_poetic>_<hard>_<clean>
5200,TR553115,<reflection_life>_<hard>_<clean>
5201,TR732168,<reflection_life>_<chill>_<clean>
5202,TR520829,<love_poetic>_<hard>_<clean>
5203,TR166092,<reflection_life>_<unknown>_<clean>
5204,TR799836,<english_pop_trap>_<chill>_<clean>
5205,TR833741,<reflection_life>_<chill>_<clean>
5206,TR496667,<rap_identity>_<unknown>_<clean>
5207,TR143881,<english_pop_trap>_<chill>_<street>
5208,TR731433,<reflection_life>_<chill>_<clean>
5209,TR463829,<love_poetic>_<chill>_<clean>
5210,TR987939,<love_poetic>_<chill>_<clean>
5211,TR722421,<rap_identity>_<hard>_<clean>
5212,TR445829,<reflection_life>_<unknown>_<clean>
5213,TR370919,<love_poetic>_<chill>_<clean>
5214,TR107687,<spanish>_<energetic>_<clean>
5215,TR215844,<spanish>_<hard>_<clean>
5216,TR881638,<spanish>_<chill>_<clean>
5217,TR136208,<english_pop_trap>_<chill>_<clean>
5218,TR629849,<rap_identity>_<chill>_<street>
5219,TR810215,<spanish>_<hard>_<clean>
5220,TR181716,<english_pop_trap>_<chill>_<clean>
5221,TR470954,<rap_identity>_<chill>_<clean>
5222,TR262454,<spanish>_<chill>_<clean>
5223,TR171315,<spanish>_<chill>_<clean>
5224,TR883768,<spanish>_<chill>_<clean>
5225,TR404955,<spanish>_<chill>_<clean>
5226,TR341741,<spanish>_<chill>_<clean>
5227,TR168331,<spanish>_<chill>_<clean>
5228,TR331767,<spanish>_<unknown>_<clean>
5229,TR237894,<spanish>_<chill>_<clean>
5230,TR325738,<dialect_rap>_<chill>_<clean>
5231,TR645720,<dialect_rap>_<unknown>_<clean>
5232,TR367782,<dialect_rap>_<hard>_<clean>
5233,TR739172,<dialect_rap>_<unknown>_<clean>
5234,TR817717,<dialect_rap>_<chill>_<clean>
5235,TR702350,<dialect_rap>_<unknown>_<clean>
5236,TR102848,<dialect_rap>_<unknown>_<clean>
5237,TR592734,<dialect_rap>_<chill>_<clean>
5238,TR491141,<dialect_rap>_<hard>_<clean>
5239,TR718501,<dialect_rap>_<chill>_<clean>
5240,TR380439,<dialect_rap>_<hard>_<clean>
5241,TR587246,<dialect_rap>_<hard>_<clean>
5242,TR975291,<dialect_rap>_<unknown>_<clean>
5243,TR151971,<dialect_rap>_<hard>_<clean>
5244,TR138131,<dialect_rap>_<unknown>_<clean>
5245,TR298890,<dialect_rap>_<unknown>_<clean>
5246,TR931849,<dialect_rap>_<unknown>_<clean>
5247,TR765507,<dialect_rap>_<unknown>_<clean>
5248,TR728438,<dialect_rap>_<chill>_<clean>
5249,TR539687,<dialect_rap>_<hard>_<clean>
5250,TR700763,<dialect_rap>_<unknown>_<clean>
5251,TR979985,<dialect_rap>_<chill>_<clean>
5252,TR488386,<dialect_rap>_<unknown>_<clean>
5253,TR999992,<dialect_rap>_<unknown>_<clean>
5254,TR680063,<dialect_rap>_<chill>_<clean>
5255,TR685477,<dialect_rap>_<chill>_<clean>
5256,TR122994,<dialect_rap>_<unknown>_<clean>
5257,TR681336,<dialect_rap>_<hard>_<clean>
5258,TR953180,<dialect_rap>_<chill>_<clean>
5259,TR890466,<dialect_rap>_<hard>_<clean>
5260,TR395152,<dialect_rap>_<hard>_<clean>
5261,TR610158,<dialect_rap>_<chill>_<clean>
5262,TR898120,<dialect_rap>_<hard>_<clean>
5263,TR568504,<dialect_rap>_<unknown>_<clean>
5264,TR495887,<dialect_rap>_<hard>_<clean>
5265,TR772543,<dialect_rap>_<unknown>_<clean>
5266,TR801899,<dialect_rap>_<hard>_<clean>
5267,TR515471,<dialect_rap>_<chill>_<clean>
5268,TR827859,<dialect_rap>_<unknown>_<clean>
5269,TR373017,<dialect_rap>_<hard>_<clean>
5270,TR675386,<dialect_rap>_<hard>_<clean>
5271,TR964778,<dialect_rap>_<unknown>_<clean>
5272,TR480030,<dialect_rap>_<unknown>_<clean>
5273,TR734614,<dialect_rap>_<unknown>_<clean>
5274,TR316389,<dialect_rap>_<chill>_<clean>
5275,TR329853,<dialect_rap>_<hard>_<clean>
5276,TR122860,<dialect_rap>_<unknown>_<clean>
5277,TR824204,<dialect_rap>_<hard>_<clean>
5278,TR463464,<dialect_rap>_<chill>_<clean>
5279,TR913115,<dialect_rap>_<unknown>_<clean>
5280,TR911882,<dialect_rap>_<unknown>_<clean>
5281,TR135152,<dialect_rap>_<unknown>_<clean>
5282,TR760233,<dialect_rap>_<unknown>_<clean>
5283,TR824929,<dialect_rap>_<hard>_<clean>
5284,TR718886,<dialect_rap>_<hard>_<clean>
5285,TR426669,<dialect_rap>_<unknown>_<clean>
5286,TR746993,<dialect_rap>_<energetic>_<clean>
5287,TR186893,<dialect_rap>_<chill>_<clean>
5288,TR836017,<dialect_rap>_<hard>_<clean>
5289,TR411227,<dialect_rap>_<hard>_<clean>
5290,TR224984,<dialect_rap>_<unknown>_<clean>
5291,TR226565,<dialect_rap>_<hard>_<clean>
5292,TR644698,<dialect_rap>_<unknown>_<clean>
5293,TR944967,<dialect_rap>_<hard>_<clean>
5294,TR102911,<dialect_rap>_<hard>_<clean>
5295,TR357020,<dialect_rap>_<chill>_<clean>
5296,TR718142,<dialect_rap>_<unknown>_<clean>
5297,TR645009,<dialect_rap>_<chill>_<clean>
5298,TR662123,<dialect_rap>_<unknown>_<clean>
5299,TR121417,<dialect_rap>_<hard>_<clean>
5300,TR458726,<dialect_rap>_<unknown>_<clean>
5301,TR915066,<dialect_rap>_<unknown>_<clean>
5302,TR392057,<dialect_rap>_<unknown>_<clean>
5303,TR188942,<dialect_rap>_<chill>_<clean>
5304,TR325882,<dialect_rap>_<chill>_<clean>
5305,TR429083,<dialect_rap>_<unknown>_<clean>
5306,TR610698,<dialect_rap>_<unknown>_<clean>
5307,TR723180,<dialect_rap>_<chill>_<clean>
5308,TR909668,<dialect_rap>_<unknown>_<clean>
5309,TR151150,<dialect_rap>_<hard>_<clean>
5310,TR636329,<dialect_rap>_<chill>_<clean>
5311,TR416624,<dialect_rap>_<hard>_<street>
5312,TR202472,<dialect_rap>_<unknown>_<street>
5313,TR794685,<dialect_rap>_<hard>_<clean>
5314,TR165851,<dialect_rap>_<unknown>_<clean>
5315,TR703993,<dialect_rap>_<unknown>_<clean>
5316,TR318894,<spanish>_<hard>_<clean>
5317,TR776857,<dialect_rap>_<hard>_<clean>
5318,TR602610,<dialect_rap>_<unknown>_<clean>
5319,TR109276,<dialect_rap>_<unknown>_<clean>
5320,TR900520,<dialect_rap>_<chill>_<clean>
5321,TR321042,<dialect_rap>_<unknown>_<clean>
5322,TR544471,<dialect_rap>_<unknown>_<clean>
5323,TR208259,<dialect_rap>_<hard>_<clean>
5324,TR491432,<dialect_rap>_<hard>_<clean>
5325,TR732555,<dialect_rap>_<unknown>_<clean>
5326,TR976039,<dialect_rap>_<unknown>_<clean>
5327,TR357633,<dialect_rap>_<hard>_<clean>
5328,TR205809,<dialect_rap>_<chill>_<street>
5329,TR376583,<dialect_rap>_<unknown>_<clean>
5330,TR409374,<dialect_rap>_<unknown>_<clean>
5331,TR854713,<dialect_rap>_<chill>_<clean>
5332,TR633004,<dialect_rap>_<unknown>_<clean>
5333,TR948275,<dialect_rap>_<unknown>_<clean>
5334,TR812051,<dialect_rap>_<unknown>_<clean>
5335,TR124924,<dialect_rap>_<hard>_<clean>
5336,TR306134,<dialect_rap>_<unknown>_<street>
5337,TR319207,<reflection_life>_<chill>_<clean>
5338,TR117560,<reflection_life>_<chill>_<clean>
5339,TR521169,<english_pop_trap>_<chill>_<clean>
5340,TR670077,<love_poetic>_<chill>_<clean>
5341,TR829663,<reflection_life>_<chill>_<clean>
5342,TR945294,<rap_identity>_<hard>_<street>
5343,TR529555,<rap_identity>_<unknown>_<street>
5344,TR612504,<rap_identity>_<hard>_<street>
5345,TR778525,<reflection_life>_<chill>_<clean>
5346,TR663257,<reflection_life>_<chill>_<clean>
5347,TR487842,<rap_identity>_<chill>_<clean>
5348,TR553734,<rap_identity>_<hard>_<aggressive>
5349,TR243618,<reflection_life>_<chill>_<clean>
5350,TR932965,<rap_identity>_<hard>_<street>
5351,TR691735,<rap_identity>_<chill>_<clean>
5352,TR933338,<reflection_life>_<chill>_<street>
5353,TR302633,<rap_identity>_<hard>_<clean>
5354,TR404329,<reflection_life>_<chill>_<clean>
5355,TR473172,<rap_identity>_<chill>_<street>
5356,TR368323,<love_poetic>_<chill>_<clean>
5357,TR336315,<rap_identity>_<chill>_<street>
5358,TR890411,<rap_identity>_<hard>_<street>
5359,TR796189,<love_poetic>_<chill>_<clean>
5360,TR169235,<rap_identity>_<chill>_<clean>
5361,TR798510,<love_poetic>_<unknown>_<clean>
5362,TR967799,<reflection_life>_<chill>_<clean>
5363,TR773032,<rap_identity>_<chill>_<clean>
5364,TR877516,<rap_identity>_<chill>_<clean>
5365,TR415897,<rap_identity>_<hard>_<aggressive>
5366,TR362016,<rap_identity>_<hard>_<street>
5367,TR678136,<rap_identity>_<hard>_<clean>
5368,TR693254,<love_poetic>_<unknown>_<clean>
5369,TR780686,<rap_identity>_<hard>_<clean>
5370,TR270747,<love_poetic>_<chill>_<street>
5371,TR692544,<reflection_life>_<chill>_<clean>
5372,TR632785,<spanish>_<chill>_<clean>
5373,TR829480,<love_poetic>_<chill>_<clean>
5374,TR280358,<reflection_life>_<chill>_<clean>
5375,TR751382,<rap_identity>_<chill>_<clean>
5376,TR582303,<rap_identity>_<chill>_<aggressive>
5377,TR635654,<rap_identity>_<unknown>_<clean>
5378,TR573375,<rap_identity>_<hard>_<street>
5379,TR910706,<reflection_life>_<chill>_<clean>
5380,TR618938,<rap_identity>_<chill>_<clean>
5381,TR314353,<rap_identity>_<chill>_<clean>
5382,TR131599,<rap_identity>_<hard>_<clean>
5383,TR543589,<rap_identity>_<unknown>_<street>
5384,TR526337,<rap_identity>_<chill>_<street>
5385,TR961274,<love_poetic>_<chill>_<clean>
5386,TR355060,<rap_identity>_<unknown>_<clean>
5387,TR243306,<rap_identity>_<hard>_<clean>
5388,TR588449,<rap_identity>_<hard>_<street>
5389,TR509106,<love_poetic>_<hard>_<street>
5390,TR484044,<love_poetic>_<chill>_<clean>
5391,TR926119,<rap_identity>_<chill>_<clean>
5392,TR197984,<english_pop_trap>_<chill>_<clean>
5393,TR315504,<rap_identity>_<chill>_<street>
5394,TR760357,<reflection_life>_<chill>_<clean>
5395,TR455104,<english_pop_trap>_<hard>_<street>
5396,TR762554,<rap_identity>_<chill>_<street>
5397,TR549497,<rap_identity>_<chill>_<clean>
5398,TR685521,<love_poetic>_<unknown>_<clean>
5399,TR200688,<love_poetic>_<unknown>_<clean>
5400,TR144628,<love_poetic>_<chill>_<clean>
5401,TR224957,<reflection_life>_<hard>_<clean>
5402,TR769659,<reflection_life>_<unknown>_<clean>
5403,TR889194,<love_poetic>_<hard>_<clean>
5404,TR660171,<rap_identity>_<chill>_<street>
5405,TR855257,<love_poetic>_<chill>_<clean>
5406,TR129216,<love_poetic>_<chill>_<clean>
5407,TR367068,<rap_identity>_<chill>_<clean>
5408,TR192991,<rap_identity>_<unknown>_<street>
5409,TR418051,<rap_identity>_<chill>_<street>
5410,TR306273,<rap_identity>_<chill>_<street>
5411,TR492701,<rap_identity>_<unknown>_<street>
5412,TR869083,<rap_identity>_<hard>_<aggressive>
5413,TR269406,<reflection_life>_<hard>_<clean>
5414,TR165935,<rap_identity>_<unknown>_<street>
5415,TR194062,<rap_identity>_<unknown>_<clean>
5416,TR310822,<rap_identity>_<hard>_<clean>
5417,TR454236,<reflection_life>_<hard>_<street>
5418,TR664033,<reflection_life>_<unknown>_<clean>
5419,TR425062,<rap_identity>_<hard>_<clean>
5420,TR437598,<rap_identity>_<chill>_<clean>
5421,TR194664,<english_pop_trap>_<unknown>_<clean>
5422,TR552951,<reflection_life>_<unknown>_<clean>
5423,TR130765,<spanish>_<unknown>_<clean>
5424,TR720242,<rap_identity>_<hard>_<aggressive>
5425,TR843448,<reflection_life>_<unknown>_<clean>
5426,TR957157,<rap_identity>_<chill>_<clean>
5427,TR721488,<rap_identity>_<chill>_<clean>
5428,TR462748,<rap_identity>_<unknown>_<aggressive>
5429,TR683730,<rap_identity>_<hard>_<street>
5430,TR643882,<rap_identity>_<unknown>_<street>
5431,TR825870,<rap_identity>_<chill>_<street>
5432,TR940113,<rap_identity>_<unknown>_<aggressive>
5433,TR933847,<rap_identity>_<unknown>_<street>
5434,TR609176,<english_pop_trap>_<chill>_<clean>
5435,TR101350,<reflection_life>_<hard>_<clean>
5436,TR140752,<rap_identity>_<hard>_<street>
5437,TR276729,<spanish>_<chill>_<clean>
5438,TR826932,<trap_street>_<unknown>_<clean>
5439,TR345727,<english_pop_trap>_<unknown>_<street>
5440,TR382692,<love_poetic>_<chill>_<clean>
5441,TR883587,<spanish>_<unknown>_<clean>
5442,TR133345,<trap_street>_<hard>_<clean>
5443,TR533807,<love_poetic>_<chill>_<clean>
5444,TR818380,<love_poetic>_<chill>_<clean>
5445,TR373885,<english_pop_trap>_<chill>_<street>
5446,TR648074,<rap_identity>_<chill>_<clean>
5447,TR594038,<rap_identity>_<hard>_<street>
5448,TR457359,<reflection_life>_<hard>_<clean>
5449,TR670228,<rap_identity>_<chill>_<street>
5450,TR146494,<trap_street>_<chill>_<clean>
5451,TR803223,<love_poetic>_<chill>_<clean>
5452,TR839644,<reflection_life>_<chill>_<clean>
5453,TR178959,<rap_identity>_<chill>_<clean>
5454,TR452849,<love_poetic>_<chill>_<clean>
5455,TR673308,<rap_identity>_<chill>_<street>
5456,TR127689,<love_poetic>_<chill>_<clean>
5457,TR777808,<reflection_life>_<hard>_<clean>
5458,TR746260,<rap_identity>_<chill>_<street>
5459,TR186622,<trap_street>_<chill>_<aggressive>
5460,TR172378,<spanish>_<chill>_<clean>
5461,TR826237,<rap_identity>_<hard>_<street>
5462,TR153202,<love_poetic>_<hard>_<clean>
5463,TR821419,<trap_street>_<chill>_<clean>
5464,TR529433,<trap_street>_<chill>_<clean>
5465,TR137727,<rap_identity>_<unknown>_<street>
5466,TR471128,<rap_identity>_<chill>_<clean>
5467,TR560874,<rap_identity>_<chill>_<street>
5468,TR503797,<reflection_life>_<chill>_<clean>
5469,TR149622,<love_poetic>_<chill>_<clean>
5470,TR729855,<love_poetic>_<chill>_<clean>
5471,TR592916,<love_poetic>_<hard>_<clean>
5472,TR903128,<love_poetic>_<unknown>_<clean>
5473,TR402898,<trap_street>_<chill>_<clean>
5474,TR233632,<rap_identity>_<hard>_<street>
5475,TR319532,<love_poetic>_<chill>_<clean>
5476,TR724695,<reflection_life>_<unknown>_<clean>
5477,TR283862,<dialect_rap>_<chill>_<clean>
5478,TR365350,<reflection_life>_<chill>_<clean>
5479,TR646205,<rap_identity>_<chill>_<clean>
5480,TR888929,<love_poetic>_<chill>_<clean>
5481,TR371074,<rap_identity>_<chill>_<street>
5482,TR429671,<english_pop_trap>_<hard>_<street>
5483,TR558533,<rap_identity>_<chill>_<aggressive>
5484,TR183823,<rap_identity>_<hard>_<clean>
5485,TR541095,<love_poetic>_<chill>_<clean>
5486,TR727942,<english_pop_trap>_<chill>_<street>
5487,TR446204,<rap_identity>_<hard>_<street>
5488,TR400633,<love_poetic>_<unknown>_<street>
5489,TR534818,<love_poetic>_<hard>_<clean>
5490,TR434369,<rap_identity>_<chill>_<clean>
5491,TR860253,<love_poetic>_<chill>_<clean>
5492,TR307830,<trap_street>_<hard>_<clean>
5493,TR307625,<love_poetic>_<chill>_<clean>
5494,TR945304,<love_poetic>_<chill>_<clean>
5495,TR282488,<reflection_life>_<chill>_<clean>
5496,TR967179,<reflection_life>_<unknown>_<clean>
5497,TR604466,<love_poetic>_<chill>_<clean>
5498,TR735818,<love_poetic>_<hard>_<clean>
5499,TR196688,<dialect_rap>_<chill>_<street>
5500,TR465511,<reflection_life>_<unknown>_<clean>
5501,TR239521,<love_poetic>_<unknown>_<clean>
5502,TR539563,<love_poetic>_<chill>_<clean>
5503,TR599704,<love_poetic>_<unknown>_<clean>
5504,TR661175,<reflection_life>_<chill>_<clean>
5505,TR588909,<reflection_life>_<hard>_<clean>
5506,TR713577,<love_poetic>_<chill>_<clean>
5507,TR577594,<rap_identity>_<chill>_<clean>
5508,TR312337,<rap_identity>_<chill>_<street>
5509,TR879863,<reflection_life>_<chill>_<clean>
5510,TR242903,<reflection_life>_<hard>_<clean>
5511,TR733688,<reflection_life>_<chill>_<clean>
5512,TR285818,<rap_identity>_<hard>_<clean>
5513,TR642025,<english_pop_trap>_<chill>_<street>
5514,TR563453,<trap_street>_<hard>_<clean>
5515,TR446032,<love_poetic>_<chill>_<clean>
5516,TR864659,<reflection_life>_<chill>_<street>
5517,TR954381,<rap_identity>_<chill>_<clean>
5518,TR595740,<reflection_life>_<unknown>_<clean>
5519,TR202928,<love_poetic>_<chill>_<clean>
5520,TR746329,<rap_identity>_<hard>_<street>
5521,TR852821,<rap_identity>_<chill>_<clean>
5522,TR418304,<rap_identity>_<chill>_<street>
5523,TR836111,<trap_street>_<chill>_<clean>
5524,TR999929,<rap_identity>_<chill>_<street>
5525,TR851687,<reflection_life>_<chill>_<clean>
5526,TR322508,<rap_identity>_<unknown>_<clean>
5527,TR639280,<love_poetic>_<hard>_<clean>
5528,TR752222,<rap_identity>_<chill>_<clean>
5529,TR273746,<rap_identity>_<chill>_<clean>
5530,TR810261,<rap_identity>_<chill>_<street>
5531,TR263339,<reflection_life>_<hard>_<clean>
5532,TR820539,<love_poetic>_<hard>_<clean>
5533,TR321716,<love_poetic>_<chill>_<clean>
5534,TR954909,<reflection_life>_<unknown>_<clean>
5535,TR161242,<rap_identity>_<chill>_<street>
5536,TR772132,<reflection_life>_<chill>_<clean>
5537,TR882137,<trap_street>_<hard>_<clean>
5538,TR510420,<rap_identity>_<chill>_<street>
5539,TR183070,<rap_identity>_<hard>_<street>
5540,TR590550,<rap_identity>_<chill>_<clean>
5541,TR561739,<rap_identity>_<chill>_<clean>
5542,TR127227,<love_poetic>_<chill>_<clean>
5543,TR737505,<reflection_life>_<chill>_<clean>
5544,TR320244,<rap_identity>_<chill>_<aggressive>
5545,TR539984,<rap_identity>_<hard>_<street>
5546,TR506835,<reflection_life>_<hard>_<clean>
5547,TR589690,<love_poetic>_<chill>_<clean>
5548,TR711745,<rap_identity>_<chill>_<street>
5549,TR835710,<love_poetic>_<unknown>_<clean>
5550,TR795581,<rap_identity>_<hard>_<street>
5551,TR735821,<reflection_life>_<chill>_<clean>
5552,TR576467,<rap_identity>_<chill>_<clean>
5553,TR924868,<reflection_life>_<chill>_<clean>
5554,TR832370,<rap_identity>_<hard>_<clean>
5555,TR793391,<rap_identity>_<chill>_<clean>
5556,TR922237,<love_poetic>_<chill>_<clean>
5557,TR768620,<english_pop_trap>_<chill>_<street>
5558,TR196764,<trap_street>_<chill>_<street>
5559,TR530444,<english_pop_trap>_<chill>_<aggressive>
5560,TR405799,<reflection_life>_<chill>_<clean>
5561,TR846536,<love_poetic>_<chill>_<clean>
5562,TR684100,<rap_identity>_<hard>_<street>
5563,TR446447,<reflection_life>_<chill>_<clean>
5564,TR678952,<rap_identity>_<chill>_<clean>
5565,TR285352,<rap_identity>_<chill>_<street>
5566,TR163534,<rap_identity>_<hard>_<clean>
5567,TR767145,<reflection_life>_<chill>_<clean>
5568,TR509449,<love_poetic>_<chill>_<clean>
5569,TR311195,<english_pop_trap>_<chill>_<clean>
5570,TR885368,<trap_street>_<hard>_<clean>
5571,TR863589,<reflection_life>_<chill>_<clean>
5572,TR442317,<love_poetic>_<chill>_<clean>
5573,TR410544,<reflection_life>_<chill>_<street>
5574,TR346194,<reflection_life>_<unknown>_<clean>
5575,TR344645,<rap_identity>_<hard>_<clean>
5576,TR913812,<rap_identity>_<hard>_<street>
5577,TR353482,<reflection_life>_<hard>_<clean>
5578,TR969618,<rap_identity>_<chill>_<street>
5579,TR599001,<rap_identity>_<hard>_<clean>
5580,TR229532,<rap_identity>_<unknown>_<clean>
5581,TR841533,<reflection_life>_<chill>_<clean>
5582,TR632750,<reflection_life>_<chill>_<clean>
5583,TR427952,<trap_street>_<chill>_<clean>
5584,TR728561,<rap_identity>_<unknown>_<clean>
5585,TR429745,<love_poetic>_<chill>_<clean>
5586,TR936850,<love_poetic>_<chill>_<clean>
5587,TR134198,<rap_identity>_<hard>_<clean>
5588,TR577263,<rap_identity>_<chill>_<clean>
5589,TR776109,<rap_identity>_<chill>_<street>
5590,TR436858,<rap_identity>_<chill>_<clean>
5591,TR449626,<reflection_life>_<chill>_<clean>
5592,TR808733,<rap_identity>_<hard>_<clean>
5593,TR872895,<trap_street>_<chill>_<street>
5594,TR628407,<rap_identity>_<chill>_<street>
5595,TR578357,<rap_identity>_<hard>_<street>
5596,TR230128,<rap_identity>_<chill>_<clean>
5597,TR334001,<love_poetic>_<chill>_<clean>
5598,TR344932,<reflection_life>_<unknown>_<clean>
5599,TR516911,<reflection_life>_<chill>_<clean>
5600,TR811277,<rap_identity>_<chill>_<street>
5601,TR227840,<rap_identity>_<chill>_<clean>
5602,TR563313,<rap_identity>_<chill>_<clean>
5603,TR232946,<reflection_life>_<chill>_<clean>
5604,TR400237,<reflection_life>_<unknown>_<clean>
5605,TR610907,<rap_identity>_<chill>_<clean>
5606,TR279770,<english_pop_trap>_<chill>_<clean>
5607,TR514153,<reflection_life>_<chill>_<street>
5608,TR962637,<reflection_life>_<chill>_<clean>
5609,TR868394,<rap_identity>_<hard>_<street>
5610,TR361057,<rap_identity>_<hard>_<street>
5611,TR341422,<love_poetic>_<chill>_<clean>
5612,TR853070,<reflection_life>_<unknown>_<clean>
5613,TR452361,<love_poetic>_<chill>_<clean>
5614,TR321602,<reflection_life>_<chill>_<clean>
5615,TR772797,<reflection_life>_<hard>_<clean>
5616,TR732751,<rap_identity>_<unknown>_<clean>
5617,TR562590,<rap_identity>_<hard>_<clean>
5618,TR832513,<rap_identity>_<chill>_<clean>
5619,TR889717,<reflection_life>_<chill>_<clean>
5620,TR556679,<reflection_life>_<chill>_<street>
5621,TR515292,<rap_identity>_<unknown>_<clean>
5622,TR994401,<rap_identity>_<chill>_<clean>
5623,TR416685,<rap_identity>_<chill>_<clean>
5624,TR998534,<trap_street>_<hard>_<street>
5625,TR442147,<reflection_life>_<chill>_<street>
5626,TR396935,<rap_identity>_<chill>_<street>
5627,TR755554,<love_poetic>_<chill>_<clean>
5628,TR638688,<rap_identity>_<chill>_<clean>
5629,TR557610,<rap_identity>_<chill>_<street>
5630,TR671814,<rap_identity>_<chill>_<clean>
5631,TR375047,<rap_identity>_<hard>_<street>
5632,TR105169,<rap_identity>_<chill>_<street>
5633,TR992089,<rap_identity>_<chill>_<street>
5634,TR443177,<rap_identity>_<chill>_<street>
5635,TR578276,<rap_identity>_<chill>_<clean>
5636,TR160361,<rap_identity>_<chill>_<street>
5637,TR294045,<rap_identity>_<chill>_<street>
5638,TR304970,<reflection_life>_<chill>_<street>
5639,TR790220,<rap_identity>_<chill>_<street>
5640,TR130226,<rap_identity>_<hard>_<aggressive>
5641,TR725131,<rap_identity>_<chill>_<clean>
5642,TR371763,<rap_identity>_<hard>_<street>
5643,TR948486,<rap_identity>_<chill>_<street>
5644,TR824322,<rap_identity>_<chill>_<street>
5645,TR471601,<reflection_life>_<chill>_<clean>
5646,TR509074,<rap_identity>_<unknown>_<clean>
5647,TR476618,<reflection_life>_<chill>_<clean>
5648,TR896362,<reflection_life>_<chill>_<clean>
5649,TR792916,<rap_identity>_<chill>_<street>
5650,TR942952,<rap_identity>_<chill>_<clean>
5651,TR599511,<rap_identity>_<chill>_<aggressive>
5652,TR856167,<rap_identity>_<unknown>_<street>
5653,TR812127,<rap_identity>_<hard>_<aggressive>
5654,TR207533,<reflection_life>_<unknown>_<clean>
5655,TR492119,<english_pop_trap>_<chill>_<clean>
5656,TR116632,<rap_identity>_<unknown>_<street>
5657,TR901674,<rap_identity>_<chill>_<street>
5658,TR850201,<reflection_life>_<chill>_<street>
5659,TR703510,<rap_identity>_<hard>_<street>
5660,TR776727,<rap_identity>_<chill>_<clean>
5661,TR118068,<rap_identity>_<chill>_<clean>
5662,TR473599,<reflection_life>_<chill>_<street>
5663,TR644353,<rap_identity>_<hard>_<street>
5664,TR861934,<reflection_life>_<hard>_<clean>
5665,TR830049,<rap_identity>_<chill>_<street>
5666,TR152593,<rap_identity>_<hard>_<clean>
5667,TR985355,<rap_identity>_<chill>_<clean>
5668,TR492308,<love_poetic>_<unknown>_<clean>
5669,TR307820,<reflection_life>_<chill>_<clean>
5670,TR579405,<reflection_life>_<unknown>_<clean>
5671,TR120870,<rap_identity>_<hard>_<street>
5672,TR672982,<reflection_life>_<hard>_<clean>
5673,TR383484,<reflection_life>_<hard>_<clean>
5674,TR545676,<rap_identity>_<unknown>_<street>
5675,TR168066,<rap_identity>_<hard>_<clean>
5676,TR495279,<spanish>_<chill>_<clean>
5677,TR469519,<rap_identity>_<chill>_<street>
5678,TR660715,<rap_identity>_<hard>_<clean>
5679,TR703869,<rap_identity>_<hard>_<street>
5680,TR211952,<rap_identity>_<hard>_<street>
5681,TR581289,<spanish>_<chill>_<street>
5682,TR739558,<spanish>_<hard>_<street>
5683,TR752019,<love_poetic>_<chill>_<clean>
5684,TR175943,<love_poetic>_<hard>_<clean>
5685,TR997559,<rap_identity>_<chill>_<clean>
5686,TR518958,<spanish>_<unknown>_<clean>
5687,TR256446,<english_pop_trap>_<chill>_<clean>
5688,TR479270,<love_poetic>_<unknown>_<clean>
5689,TR421482,<love_poetic>_<unknown>_<clean>
5690,TR506678,<reflection_life>_<chill>_<clean>
5691,TR757904,<love_poetic>_<unknown>_<clean>
5692,TR993847,<reflection_life>_<hard>_<clean>
5693,TR778607,<rap_identity>_<unknown>_<clean>
5694,TR270873,<rap_identity>_<chill>_<clean>
5695,TR771090,<love_poetic>_<chill>_<clean>
5696,TR613215,<rap_identity>_<chill>_<clean>
5697,TR290512,<love_poetic>_<chill>_<clean>
5698,TR785846,<reflection_life>_<chill>_<street>
5699,TR869867,<reflection_life>_<chill>_<clean>
5700,TR273723,<rap_identity>_<chill>_<street>
5701,TR998141,<love_poetic>_<unknown>_<street>
5702,TR820376,<reflection_life>_<chill>_<clean>
5703,TR176076,<love_poetic>_<hard>_<clean>
5704,TR364567,<rap_identity>_<chill>_<clean>
5705,TR752364,<love_poetic>_<chill>_<clean>
5706,TR999979,<rap_identity>_<hard>_<clean>
5707,TR143905,<rap_identity>_<chill>_<clean>
5708,TR554388,<rap_identity>_<chill>_<street>
5709,TR378317,<reflection_life>_<chill>_<clean>
5710,TR120848,<reflection_life>_<chill>_<street>
5711,TR464994,<reflection_life>_<chill>_<clean>
5712,TR970312,<rap_identity>_<unknown>_<clean>
5713,TR414313,<reflection_life>_<unknown>_<clean>
5714,TR577744,<love_poetic>_<hard>_<clean>
5715,TR553159,<english_pop_trap>_<unknown>_<clean>
5716,TR480894,<rap_identity>_<chill>_<street>
5717,TR961166,<reflection_life>_<unknown>_<clean>
5718,TR584668,<love_poetic>_<hard>_<clean>
5719,TR391745,<love_poetic>_<chill>_<clean>
5720,TR353830,<rap_identity>_<chill>_<clean>
5721,TR773681,<rap_identity>_<chill>_<clean>
5722,TR374298,<trap_street>_<chill>_<clean>
5723,TR426875,<love_poetic>_<hard>_<clean>
5724,TR636125,<reflection_life>_<chill>_<street>
5725,TR469990,<love_poetic>_<chill>_<clean>
5726,TR822952,<rap_identity>_<chill>_<street>
5727,TR693617,<love_poetic>_<chill>_<clean>
5728,TR560531,<rap_identity>_<chill>_<street>
5729,TR502516,<reflection_life>_<chill>_<clean>
5730,TR168300,<rap_identity>_<chill>_<clean>
5731,TR207909,<rap_identity>_<chill>_<street>
5732,TR549559,<love_poetic>_<chill>_<clean>
5733,TR982740,<rap_identity>_<chill>_<street>
5734,TR879099,<rap_identity>_<chill>_<clean>
5735,TR425348,<rap_identity>_<chill>_<clean>
5736,TR894632,<love_poetic>_<chill>_<clean>
5737,TR915899,<rap_identity>_<chill>_<street>
5738,TR270782,<rap_identity>_<chill>_<clean>
5739,TR143196,<rap_identity>_<chill>_<clean>
5740,TR575166,<rap_identity>_<chill>_<clean>
5741,TR469800,<reflection_life>_<chill>_<clean>
5742,TR321082,<reflection_life>_<chill>_<clean>
5743,TR875453,<love_poetic>_<hard>_<clean>
5744,TR843425,<love_poetic>_<chill>_<clean>
5745,TR527355,<reflection_life>_<chill>_<clean>
5746,TR490261,<love_poetic>_<chill>_<clean>
5747,TR504773,<love_poetic>_<chill>_<clean>
5748,TR291052,<rap_identity>_<chill>_<street>
5749,TR998017,<reflection_life>_<chill>_<clean>
5750,TR618565,<rap_identity>_<chill>_<clean>
5751,TR588795,<love_poetic>_<chill>_<clean>
5752,TR158111,<reflection_life>_<unknown>_<clean>
5753,TR107206,<rap_identity>_<chill>_<street>
5754,TR674308,<reflection_life>_<chill>_<clean>
5755,TR298833,<reflection_life>_<chill>_<clean>
5756,TR150403,<rap_identity>_<unknown>_<clean>
5757,TR494478,<rap_identity>_<unknown>_<clean>
5758,TR887531,<rap_identity>_<chill>_<clean>
5759,TR316223,<rap_identity>_<chill>_<street>
5760,TR713207,<love_poetic>_<chill>_<street>
5761,TR127219,<love_poetic>_<chill>_<clean>
5762,TR188463,<reflection_life>_<chill>_<clean>
5763,TR394547,<love_poetic>_<chill>_<clean>
5764,TR983311,<rap_identity>_<chill>_<clean>
5765,TR868553,<rap_identity>_<chill>_<street>
5766,TR493109,<rap_identity>_<unknown>_<street>
5767,TR549768,<love_poetic>_<chill>_<clean>
5768,TR557283,<rap_identity>_<chill>_<clean>
5769,TR709887,<rap_identity>_<chill>_<street>
5770,TR742052,<love_poetic>_<chill>_<clean>
5771,TR981955,<rap_identity>_<unknown>_<clean>
5772,TR880632,<english_pop_trap>_<chill>_<clean>
5773,TR277849,<rap_identity>_<chill>_<street>
5774,TR608620,<rap_identity>_<chill>_<clean>
5775,TR505614,<reflection_life>_<chill>_<clean>
5776,TR654606,<rap_identity>_<chill>_<clean>
5777,TR812094,<reflection_life>_<chill>_<street>
5778,TR503165,<rap_identity>_<chill>_<street>
5779,TR637360,<rap_identity>_<unknown>_<clean>
5780,TR137448,<rap_identity>_<chill>_<street>
5781,TR188994,<rap_identity>_<chill>_<street>
5782,TR494136,<reflection_life>_<chill>_<clean>
5783,TR927094,<rap_identity>_<chill>_<clean>
5784,TR294102,<rap_identity>_<chill>_<clean>
5785,TR986733,<reflection_life>_<chill>_<clean>
5786,TR184425,<reflection_life>_<chill>_<clean>
5787,TR894140,<rap_identity>_<chill>_<street>
5788,TR385695,<love_poetic>_<chill>_<clean>
5789,TR996272,<rap_identity>_<chill>_<clean>
5790,TR796768,<reflection_life>_<chill>_<clean>
5791,TR110708,<reflection_life>_<chill>_<clean>
5792,TR819937,<love_poetic>_<chill>_<clean>
5793,TR779402,<reflection_life>_<chill>_<clean>
5794,TR184414,<rap_identity>_<chill>_<clean>
5795,TR528626,<spanish>_<chill>_<clean>
5796,TR877056,<reflection_life>_<unknown>_<clean>
5797,TR286786,<rap_identity>_<chill>_<clean>
5798,TR661827,<rap_identity>_<chill>_<street>
5799,TR836535,<rap_identity>_<chill>_<street>
5800,TR968707,<english_pop_trap>_<chill>_<street>
5801,TR909654,<love_poetic>_<chill>_<clean>
5802,TR423201,<reflection_life>_<unknown>_<clean>
5803,TR271480,<rap_identity>_<chill>_<clean>
5804,TR302427,<reflection_life>_<chill>_<clean>
5805,TR861449,<reflection_life>_<chill>_<street>
5806,TR397832,<reflection_life>_<chill>_<clean>
5807,TR119184,<rap_identity>_<chill>_<clean>
5808,TR867809,<rap_identity>_<chill>_<clean>
5809,TR615292,<reflection_life>_<chill>_<clean>
5810,TR682467,<reflection_life>_<chill>_<clean>
5811,TR323581,<rap_identity>_<chill>_<street>
5812,TR364833,<rap_identity>_<chill>_<clean>
5813,TR280663,<rap_identity>_<chill>_<clean>
5814,TR794147,<rap_identity>_<chill>_<clean>
5815,TR460681,<reflection_life>_<chill>_<clean>
5816,TR613105,<english_pop_trap>_<chill>_<clean>
5817,TR151280,<english_pop_trap>_<chill>_<aggressive>
5818,TR610686,<reflection_life>_<chill>_<clean>
5819,TR781796,<rap_identity>_<chill>_<clean>
5820,TR544426,<rap_identity>_<chill>_<clean>
5821,TR103788,<love_poetic>_<unknown>_<clean>
5822,TR758202,<rap_identity>_<chill>_<clean>
5823,TR494627,<rap_identity>_<chill>_<clean>
5824,TR776802,<love_poetic>_<chill>_<clean>
5825,TR402670,<rap_identity>_<chill>_<clean>
5826,TR373628,<love_poetic>_<chill>_<clean>
5827,TR307456,<reflection_life>_<chill>_<clean>
5828,TR680749,<rap_identity>_<chill>_<street>
5829,TR982209,<english_pop_trap>_<unknown>_<clean>
5830,TR322403,<rap_identity>_<chill>_<clean>
5831,TR242160,<english_pop_trap>_<unknown>_<clean>
5832,TR240272,<english_pop_trap>_<chill>_<street>
5833,TR742710,<english_pop_trap>_<unknown>_<street>
5834,TR990125,<reflection_life>_<unknown>_<street>
5835,TR286718,<reflection_life>_<chill>_<street>
5836,TR554331,<reflection_life>_<chill>_<clean>
5837,TR499274,<reflection_life>_<unknown>_<clean>
5838,TR401313,<reflection_life>_<unknown>_<clean>
5839,TR898409,<reflection_life>_<chill>_<clean>
5840,TR487479,<rap_identity>_<chill>_<clean>
5841,TR295553,<reflection_life>_<chill>_<clean>
5842,TR550675,<reflection_life>_<unknown>_<clean>
5843,TR950685,<reflection_life>_<chill>_<clean>
5844,TR396917,<reflection_life>_<hard>_<clean>
5845,TR674908,<rap_identity>_<unknown>_<aggressive>
5846,TR690663,<reflection_life>_<unknown>_<clean>
5847,TR468170,<rap_identity>_<unknown>_<clean>
5848,TR494775,<reflection_life>_<unknown>_<clean>
5849,TR316825,<reflection_life>_<unknown>_<clean>
5850,TR824661,<reflection_life>_<hard>_<clean>
5851,TR706525,<love_poetic>_<unknown>_<clean>
5852,TR536847,<reflection_life>_<unknown>_<clean>
5853,TR633770,<reflection_life>_<chill>_<clean>
5854,TR448988,<reflection_life>_<chill>_<clean>
5855,TR451402,<reflection_life>_<chill>_<clean>
5856,TR249616,<reflection_life>_<chill>_<clean>
5857,TR999982,<rap_identity>_<unknown>_<street>
5858,TR129183,<reflection_life>_<hard>_<clean>
5859,TR321956,<reflection_life>_<chill>_<clean>
5860,TR166344,<reflection_life>_<hard>_<clean>
5861,TR845768,<reflection_life>_<hard>_<clean>
5862,TR550678,<reflection_life>_<hard>_<clean>
5863,TR971871,<reflection_life>_<unknown>_<clean>
5864,TR292453,<rap_identity>_<unknown>_<street>
5865,TR687250,<reflection_life>_<unknown>_<clean>
5866,TR358362,<reflection_life>_<chill>_<clean>
5867,TR720799,<rap_identity>_<unknown>_<clean>
5868,TR837091,<reflection_life>_<unknown>_<clean>
5869,TR230483,<love_poetic>_<chill>_<clean>
5870,TR446461,<rap_identity>_<chill>_<clean>
5871,TR760372,<rap_identity>_<chill>_<clean>
5872,TR803887,<reflection_life>_<hard>_<clean>
5873,TR757742,<reflection_life>_<unknown>_<clean>
5874,TR394599,<reflection_life>_<unknown>_<clean>
5875,TR221845,<reflection_life>_<chill>_<clean>
5876,TR248450,<reflection_life>_<unknown>_<clean>
5877,TR781101,<reflection_life>_<unknown>_<aggressive>
5878,TR132199,<reflection_life>_<chill>_<clean>
5879,TR765807,<rap_identity>_<unknown>_<aggressive>
5880,TR879254,<rap_identity>_<unknown>_<aggressive>
5881,TR478181,<reflection_life>_<chill>_<clean>
5882,TR168292,<reflection_life>_<hard>_<clean>
5883,TR552477,<reflection_life>_<hard>_<clean>
5884,TR665995,<rap_identity>_<chill>_<street>
5885,TR837557,<reflection_life>_<hard>_<clean>
5886,TR931163,<reflection_life>_<hard>_<clean>
5887,TR648554,<reflection_life>_<unknown>_<clean>
5888,TR241565,<rap_identity>_<hard>_<street>
5889,TR332741,<reflection_life>_<chill>_<street>
5890,TR794431,<rap_identity>_<chill>_<clean>
5891,TR980283,<reflection_life>_<chill>_<clean>
5892,TR316443,<reflection_life>_<hard>_<street>
5893,TR435194,<reflection_life>_<chill>_<clean>
5894,TR321227,<reflection_life>_<hard>_<clean>
5895,TR307322,<rap_identity>_<hard>_<street>
5896,TR849294,<rap_identity>_<unknown>_<clean>
5897,TR130080,<reflection_life>_<unknown>_<clean>
5898,TR493265,<rap_identity>_<chill>_<aggressive>
5899,TR725738,<english_pop_trap>_<chill>_<clean>
5900,TR191523,<rap_identity>_<unknown>_<clean>
5901,TR386060,<reflection_life>_<chill>_<clean>
5902,TR646632,<rap_identity>_<hard>_<street>
5903,TR263611,<reflection_life>_<hard>_<clean>
5904,TR252408,<rap_identity>_<hard>_<clean>
5905,TR343867,<rap_identity>_<hard>_<clean>
5906,TR960529,<reflection_life>_<hard>_<clean>
5907,TR984362,<love_poetic>_<chill>_<clean>
5908,TR997608,<rap_identity>_<hard>_<street>
5909,TR813383,<reflection_life>_<unknown>_<clean>
5910,TR202560,<reflection_life>_<unknown>_<clean>
5911,TR737190,<rap_identity>_<chill>_<clean>
5912,TR546224,<rap_identity>_<chill>_<clean>
5913,TR785441,<rap_identity>_<chill>_<street>
5914,TR176466,<reflection_life>_<chill>_<clean>
5915,TR925519,<reflection_life>_<unknown>_<clean>
5916,TR457060,<reflection_life>_<hard>_<clean>
5917,TR973104,<rap_identity>_<chill>_<street>
5918,TR205901,<reflection_life>_<chill>_<clean>
5919,TR947267,<reflection_life>_<chill>_<street>
5920,TR480468,<rap_identity>_<hard>_<aggressive>
5921,TR492871,<reflection_life>_<hard>_<clean>
5922,TR844277,<reflection_life>_<chill>_<clean>
5923,TR375900,<love_poetic>_<hard>_<clean>
5924,TR453610,<reflection_life>_<chill>_<clean>
5925,TR382547,<love_poetic>_<unknown>_<clean>
5926,TR379498,<rap_identity>_<chill>_<street>
5927,TR618875,<reflection_life>_<chill>_<clean>
5928,TR505442,<love_poetic>_<chill>_<clean>
5929,TR596146,<reflection_life>_<hard>_<clean>
5930,TR270756,<love_poetic>_<chill>_<clean>
5931,TR415067,<reflection_life>_<chill>_<clean>
5932,TR445965,<reflection_life>_<chill>_<clean>
5933,TR622278,<reflection_life>_<hard>_<street>
5934,TR927968,<love_poetic>_<chill>_<clean>
5935,TR873859,<rap_identity>_<hard>_<street>
5936,TR746234,<reflection_life>_<chill>_<clean>
5937,TR508671,<rap_identity>_<chill>_<clean>
5938,TR291698,<reflection_life>_<unknown>_<clean>
5939,TR443829,<love_poetic>_<chill>_<clean>
5940,TR332889,<rap_identity>_<unknown>_<clean>
5941,TR186926,<dialect_rap>_<unknown>_<clean>
5942,TR671689,<rap_identity>_<unknown>_<street>
5943,TR637166,<dialect_rap>_<unknown>_<street>
5944,TR776534,<dialect_rap>_<hard>_<street>
5945,TR835382,<dialect_rap>_<chill>_<clean>
5946,TR122959,<reflection_life>_<unknown>_<clean>
5947,TR874084,<dialect_rap>_<hard>_<clean>
5948,TR495697,<love_poetic>_<unknown>_<clean>
5949,TR902431,<dialect_rap>_<unknown>_<clean>
5950,TR118930,<dialect_rap>_<hard>_<clean>
5951,TR484623,<dialect_rap>_<unknown>_<clean>
5952,TR476154,<dialect_rap>_<chill>_<clean>
5953,TR590616,<dialect_rap>_<hard>_<clean>
5954,TR662476,<dialect_rap>_<unknown>_<clean>
5955,TR275698,<love_poetic>_<unknown>_<clean>
5956,TR132585,<love_poetic>_<unknown>_<street>
5957,TR549200,<reflection_life>_<unknown>_<street>
5958,TR788046,<love_poetic>_<unknown>_<clean>
5959,TR699548,<dialect_rap>_<unknown>_<clean>
5960,TR339693,<love_poetic>_<unknown>_<clean>
5961,TR611994,<dialect_rap>_<chill>_<clean>
5962,TR630673,<dialect_rap>_<hard>_<clean>
5963,TR931482,<dialect_rap>_<unknown>_<clean>
5964,TR435889,<love_poetic>_<unknown>_<clean>
5965,TR165809,<english_pop_trap>_<chill>_<clean>
5966,TR823708,<dialect_rap>_<hard>_<street>
5967,TR201996,<love_poetic>_<chill>_<clean>
5968,TR966189,<dialect_rap>_<chill>_<clean>
5969,TR712268,<spanish>_<unknown>_<clean>
5970,TR580997,<dialect_rap>_<hard>_<clean>
5971,TR174802,<rap_identity>_<unknown>_<clean>
5972,TR138182,<dialect_rap>_<unknown>_<clean>
5973,TR674690,<dialect_rap>_<hard>_<clean>
5974,TR537132,<dialect_rap>_<chill>_<clean>
5975,TR993661,<reflection_life>_<hard>_<clean>
5976,TR845425,<dialect_rap>_<hard>_<clean>
5977,TR387937,<reflection_life>_<chill>_<clean>
5978,TR350598,<dialect_rap>_<hard>_<clean>
5979,TR389594,<dialect_rap>_<unknown>_<clean>
5980,TR401736,<reflection_life>_<hard>_<clean>
5981,TR189615,<dialect_rap>_<chill>_<clean>
5982,TR591470,<dialect_rap>_<chill>_<clean>
5983,TR783484,<dialect_rap>_<unknown>_<clean>
5984,TR370609,<dialect_rap>_<unknown>_<clean>
5985,TR258476,<reflection_life>_<unknown>_<clean>
5986,TR519034,<dialect_rap>_<chill>_<clean>
5987,TR114315,<dialect_rap>_<chill>_<clean>
5988,TR569301,<love_poetic>_<chill>_<clean>
5989,TR942923,<reflection_life>_<hard>_<clean>
5990,TR156562,<dialect_rap>_<chill>_<clean>
5991,TR163786,<dialect_rap>_<hard>_<clean>
5992,TR575651,<dialect_rap>_<chill>_<clean>
5993,TR857884,<reflection_life>_<chill>_<street>
5994,TR220195,<reflection_life>_<unknown>_<clean>
5995,TR888706,<reflection_life>_<chill>_<clean>
5996,TR678582,<reflection_life>_<unknown>_<clean>
5997,TR537691,<reflection_life>_<unknown>_<clean>
5998,TR865495,<love_poetic>_<chill>_<clean>
5999,TR877710,<love_poetic>_<unknown>_<clean>
6000,TR335363,<english_pop_trap>_<chill>_<clean>
6001,TR716125,<reflection_life>_<chill>_<clean>
6002,TR708261,<reflection_life>_<unknown>_<clean>
6003,TR775648,<rap_identity>_<chill>_<clean>
6004,TR772056,<english_pop_trap>_<chill>_<clean>
6005,TR176812,<reflection_life>_<chill>_<clean>
6006,TR719214,<rap_identity>_<hard>_<clean>
6007,TR115763,<reflection_life>_<hard>_<street>
6008,TR499547,<reflection_life>_<unknown>_<clean>
6009,TR644922,<reflection_life>_<chill>_<street>
6010,TR397706,<trap_street>_<unknown>_<clean>
6011,TR486099,<reflection_life>_<chill>_<clean>
6012,TR726643,<reflection_life>_<chill>_<clean>
6013,TR853797,<rap_identity>_<chill>_<clean>
6014,TR316680,<rap_identity>_<chill>_<clean>
6015,TR842980,<rap_identity>_<chill>_<clean>
6016,TR330373,<love_poetic>_<chill>_<clean>
6017,TR297551,<reflection_life>_<chill>_<clean>
6018,TR212025,<spanish>_<unknown>_<clean>
6019,TR545149,<reflection_life>_<hard>_<clean>
6020,TR959254,<love_poetic>_<hard>_<clean>
6021,TR767515,<reflection_life>_<chill>_<clean>
6022,TR421393,<rap_identity>_<hard>_<clean>
6023,TR647831,<love_poetic>_<chill>_<clean>
6024,TR264115,<reflection_life>_<unknown>_<clean>
6025,TR144549,<reflection_life>_<chill>_<clean>
6026,TR427204,<spanish>_<chill>_<clean>
6027,TR534375,<trap_street>_<chill>_<clean>
6028,TR880812,<rap_identity>_<chill>_<clean>
6029,TR919646,<rap_identity>_<chill>_<clean>
6030,TR967808,<love_poetic>_<chill>_<clean>
6031,TR469586,<love_poetic>_<hard>_<clean>
6032,TR838832,<reflection_life>_<hard>_<clean>
6033,TR524727,<love_poetic>_<chill>_<clean>
6034,TR700760,<reflection_life>_<chill>_<clean>
6035,TR677692,<reflection_life>_<unknown>_<clean>
6036,TR710983,<reflection_life>_<chill>_<clean>
6037,TR122005,<spanish>_<hard>_<clean>
6038,TR242371,<reflection_life>_<chill>_<clean>
6039,TR791573,<reflection_life>_<chill>_<street>
6040,TR496473,<reflection_life>_<chill>_<clean>
6041,TR405610,<reflection_life>_<chill>_<clean>
6042,TR520154,<rap_identity>_<hard>_<clean>
6043,TR383581,<love_poetic>_<hard>_<clean>
6044,TR481674,<english_pop_trap>_<chill>_<clean>
6045,TR625444,<rap_identity>_<hard>_<clean>
6046,TR466503,<rap_identity>_<chill>_<clean>
6047,TR367993,<english_pop_trap>_<hard>_<clean>
6048,TR538687,<reflection_life>_<chill>_<clean>
6049,TR633097,<english_pop_trap>_<chill>_<clean>
6050,TR686714,<rap_identity>_<unknown>_<clean>
6051,TR608925,<reflection_life>_<chill>_<clean>
6052,TR143725,<love_poetic>_<chill>_<clean>
6053,TR914393,<reflection_life>_<chill>_<clean>
6054,TR814143,<rap_identity>_<chill>_<clean>
6055,TR749113,<rap_identity>_<chill>_<clean>
6056,TR149907,<rap_identity>_<unknown>_<street>
6057,TR200363,<rap_identity>_<chill>_<clean>
6058,TR932198,<reflection_life>_<chill>_<street>
6059,TR579531,<rap_identity>_<chill>_<clean>
6060,TR472272,<reflection_life>_<unknown>_<clean>
6061,TR126640,<love_poetic>_<chill>_<clean>
6062,TR958953,<love_poetic>_<chill>_<clean>
6063,TR907837,<reflection_life>_<unknown>_<clean>
6064,TR981209,<love_poetic>_<unknown>_<clean>
6065,TR899178,<english_pop_trap>_<unknown>_<clean>
6066,TR460697,<reflection_life>_<unknown>_<clean>
6067,TR139928,<reflection_life>_<unknown>_<clean>
6068,TR448254,<reflection_life>_<chill>_<clean>
6069,TR827930,<rap_identity>_<unknown>_<clean>
6070,TR426075,<english_pop_trap>_<hard>_<clean>
6071,TR317320,<rap_identity>_<chill>_<clean>
6072,TR646439,<rap_identity>_<chill>_<clean>
6073,TR811890,<reflection_life>_<hard>_<clean>
6074,TR173843,<english_pop_trap>_<chill>_<clean>
6075,TR567353,<reflection_life>_<chill>_<clean>
6076,TR995849,<love_poetic>_<chill>_<clean>
6077,TR617694,<reflection_life>_<chill>_<clean>
6078,TR485857,<rap_identity>_<unknown>_<clean>
6079,TR915200,<reflection_life>_<chill>_<clean>
6080,TR172322,<reflection_life>_<unknown>_<clean>
6081,TR450552,<rap_identity>_<chill>_<clean>
6082,TR207161,<english_pop_trap>_<chill>_<clean>
6083,TR842651,<love_poetic>_<unknown>_<clean>
6084,TR927810,<english_pop_trap>_<hard>_<clean>
6085,TR290378,<english_pop_trap>_<chill>_<clean>
6086,TR405937,<trap_street>_<hard>_<clean>
6087,TR104414,<reflection_life>_<chill>_<clean>
6088,TR843223,<rap_identity>_<chill>_<clean>
6089,TR221503,<spanish>_<hard>_<clean>
6090,TR104255,<reflection_life>_<chill>_<clean>
6091,TR665858,<reflection_life>_<chill>_<clean>
6092,TR951489,<reflection_life>_<chill>_<clean>
6093,TR790264,<love_poetic>_<chill>_<clean>
6094,TR293872,<dialect_rap>_<chill>_<clean>
6095,TR203069,<dialect_rap>_<hard>_<aggressive>
6096,TR914253,<love_poetic>_<chill>_<clean>
6097,TR342506,<trap_street>_<hard>_<aggressive>
6098,TR852300,<rap_identity>_<hard>_<aggressive>
6099,TR754440,<love_poetic>_<chill>_<clean>
6100,TR583016,<rap_identity>_<hard>_<clean>
6101,TR152064,<rap_identity>_<chill>_<clean>
6102,TR505262,<rap_identity>_<chill>_<street>
6103,TR369326,<love_poetic>_<chill>_<clean>
6104,TR536244,<trap_street>_<hard>_<clean>
6105,TR870175,<love_poetic>_<chill>_<clean>
6106,TR345666,<dialect_rap>_<hard>_<clean>
6107,TR439115,<rap_identity>_<hard>_<aggressive>
6108,TR455409,<trap_street>_<chill>_<clean>
6109,TR355116,<dialect_rap>_<chill>_<clean>
6110,TR276597,<love_poetic>_<chill>_<clean>
6111,TR134516,<trap_street>_<chill>_<aggressive>
6112,TR830275,<trap_street>_<hard>_<street>
6113,TR230364,<love_poetic>_<chill>_<clean>
6114,TR326533,<love_poetic>_<chill>_<clean>
6115,TR840430,<reflection_life>_<chill>_<clean>
6116,TR285498,<reflection_life>_<chill>_<clean>
6117,TR133646,<love_poetic>_<chill>_<clean>
6118,TR917724,<reflection_life>_<unknown>_<street>
6119,TR669736,<love_poetic>_<unknown>_<street>
6120,TR647227,<rap_identity>_<hard>_<clean>
6121,TR350783,<dialect_rap>_<chill>_<street>
6122,TR543984,<trap_street>_<hard>_<street>
6123,TR712632,<rap_identity>_<chill>_<clean>
6124,TR951321,<reflection_life>_<hard>_<clean>
6125,TR117975,<reflection_life>_<hard>_<clean>
6126,TR443738,<reflection_life>_<unknown>_<clean>
6127,TR319893,<rap_identity>_<hard>_<clean>
6128,TR279570,<rap_identity>_<hard>_<street>
6129,TR107242,<reflection_life>_<unknown>_<clean>
6130,TR978882,<love_poetic>_<unknown>_<clean>
6131,TR356357,<reflection_life>_<hard>_<clean>
6132,TR957838,<rap_identity>_<chill>_<aggressive>
6133,TR219464,<rap_identity>_<hard>_<street>
6134,TR757272,<rap_identity>_<chill>_<street>
6135,TR474559,<rap_identity>_<hard>_<street>
6136,TR663909,<rap_identity>_<chill>_<clean>
6137,TR544186,<reflection_life>_<hard>_<street>
6138,TR760616,<love_poetic>_<hard>_<clean>
6139,TR355503,<reflection_life>_<chill>_<clean>
6140,TR869063,<love_poetic>_<chill>_<clean>
6141,TR999962,<rap_identity>_<hard>_<street>
6142,TR863750,<rap_identity>_<hard>_<clean>
6143,TR368873,<rap_identity>_<unknown>_<clean>
6144,TR441834,<reflection_life>_<hard>_<clean>
6145,TR849166,<reflection_life>_<chill>_<clean>
6146,TR312465,<rap_identity>_<hard>_<street>
6147,TR633578,<love_poetic>_<unknown>_<street>
6148,TR254973,<reflection_life>_<chill>_<clean>
6149,TR308614,<love_poetic>_<hard>_<clean>
6150,TR628011,<rap_identity>_<hard>_<clean>
6151,TR981154,<reflection_life>_<chill>_<clean>
6152,TR930382,<reflection_life>_<hard>_<clean>
6153,TR755038,<rap_identity>_<hard>_<aggressive>
6154,TR231096,<rap_identity>_<hard>_<clean>
6155,TR855735,<reflection_life>_<hard>_<clean>
6156,TR241547,<reflection_life>_<chill>_<clean>
6157,TR852083,<trap_street>_<hard>_<clean>
6158,TR963657,<love_poetic>_<hard>_<clean>
6159,TR933167,<reflection_life>_<hard>_<clean>
6160,TR611561,<reflection_life>_<hard>_<clean>
6161,TR114142,<reflection_life>_<hard>_<clean>
6162,TR385492,<reflection_life>_<unknown>_<clean>
6163,TR673336,<rap_identity>_<hard>_<street>
6164,TR185142,<reflection_life>_<hard>_<clean>
6165,TR149128,<love_poetic>_<unknown>_<clean>
6166,TR909168,<love_poetic>_<hard>_<clean>
6167,TR708198,<love_poetic>_<hard>_<clean>
6168,TR613997,<rap_identity>_<hard>_<clean>
6169,TR734509,<rap_identity>_<hard>_<clean>
6170,TR452841,<reflection_life>_<hard>_<clean>
6171,TR408650,<trap_street>_<unknown>_<clean>
6172,TR978049,<reflection_life>_<unknown>_<clean>
6173,TR200712,<dialect_rap>_<hard>_<clean>
6174,TR475447,<rap_identity>_<hard>_<street>
6175,TR522518,<reflection_life>_<hard>_<clean>
6176,TR220820,<rap_identity>_<hard>_<clean>
6177,TR839448,<reflection_life>_<hard>_<clean>
6178,TR143986,<reflection_life>_<hard>_<clean>
6179,TR854046,<reflection_life>_<chill>_<street>
6180,TR427078,<reflection_life>_<hard>_<clean>
6181,TR213779,<rap_identity>_<hard>_<street>
6182,TR339723,<reflection_life>_<chill>_<clean>
6183,TR786918,<rap_identity>_<hard>_<clean>
6184,TR695168,<rap_identity>_<hard>_<street>
6185,TR412838,<reflection_life>_<chill>_<clean>
6186,TR897725,<reflection_life>_<hard>_<clean>
6187,TR717072,<reflection_life>_<chill>_<street>
6188,TR807380,<reflection_life>_<hard>_<clean>
6189,TR716540,<rap_identity>_<hard>_<clean>
6190,TR277754,<rap_identity>_<unknown>_<street>
6191,TR612776,<reflection_life>_<unknown>_<clean>
6192,TR898158,<reflection_life>_<hard>_<clean>
6193,TR534237,<reflection_life>_<hard>_<clean>
6194,TR577798,<trap_street>_<hard>_<street>
6195,TR459388,<love_poetic>_<hard>_<clean>
6196,TR620438,<reflection_life>_<hard>_<clean>
6197,TR223129,<reflection_life>_<chill>_<clean>
6198,TR513868,<rap_identity>_<unknown>_<clean>
6199,TR200645,<rap_identity>_<hard>_<clean>
6200,TR311495,<english_pop_trap>_<hard>_<aggressive>
6201,TR617380,<trap_street>_<hard>_<clean>
6202,TR191615,<love_poetic>_<chill>_<clean>
6203,TR991895,<rap_identity>_<unknown>_<clean>
6204,TR207798,<rap_identity>_<hard>_<clean>
6205,TR442402,<rap_identity>_<unknown>_<clean>
6206,TR830864,<reflection_life>_<hard>_<clean>
6207,TR733942,<reflection_life>_<chill>_<clean>
6208,TR959305,<reflection_life>_<unknown>_<clean>
6209,TR880966,<reflection_life>_<unknown>_<street>
6210,TR532071,<love_poetic>_<unknown>_<street>
6211,TR100995,<love_poetic>_<chill>_<clean>
6212,TR317133,<rap_identity>_<unknown>_<clean>
6213,TR985889,<rap_identity>_<hard>_<street>
6214,TR700142,<rap_identity>_<chill>_<clean>
6215,TR993382,<love_poetic>_<chill>_<clean>
6216,TR693738,<rap_identity>_<hard>_<clean>
6217,TR155170,<rap_identity>_<chill>_<street>
6218,TR277380,<trap_street>_<chill>_<clean>
6219,TR493612,<rap_identity>_<hard>_<clean>
6220,TR324875,<reflection_life>_<hard>_<clean>
6221,TR934486,<trap_street>_<chill>_<street>
6222,TR731996,<trap_street>_<chill>_<aggressive>
6223,TR749184,<rap_identity>_<chill>_<clean>
6224,TR859439,<rap_identity>_<unknown>_<clean>
6225,TR407617,<trap_street>_<chill>_<street>
6226,TR933203,<rap_identity>_<hard>_<clean>
6227,TR280868,<trap_street>_<chill>_<clean>
6228,TR850382,<love_poetic>_<chill>_<clean>
6229,TR404468,<love_poetic>_<chill>_<clean>
6230,TR186349,<love_poetic>_<chill>_<clean>
6231,TR403982,<love_poetic>_<hard>_<clean>
6232,TR721459,<reflection_life>_<chill>_<clean>
6233,TR729121,<dialect_rap>_<chill>_<clean>
6234,TR346634,<english_pop_trap>_<chill>_<clean>
6235,TR579802,<rap_identity>_<chill>_<clean>
6236,TR394508,<rap_identity>_<chill>_<clean>
6237,TR664116,<rap_identity>_<hard>_<clean>
6238,TR194734,<rap_identity>_<chill>_<aggressive>
6239,TR279799,<reflection_life>_<chill>_<clean>
6240,TR468500,<english_pop_trap>_<chill>_<clean>
6241,TR404993,<rap_identity>_<hard>_<clean>
6242,TR130854,<trap_street>_<chill>_<street>
6243,TR623082,<rap_identity>_<chill>_<clean>
6244,TR309605,<rap_identity>_<chill>_<clean>
6245,TR943999,<trap_street>_<hard>_<aggressive>
6246,TR822821,<trap_street>_<chill>_<aggressive>
6247,TR224888,<rap_identity>_<hard>_<clean>
6248,TR999963,<love_poetic>_<hard>_<clean>
6249,TR178712,<reflection_life>_<chill>_<street>
6250,TR249510,<english_pop_trap>_<unknown>_<clean>
6251,TR518621,<reflection_life>_<chill>_<clean>
6252,TR989163,<trap_street>_<hard>_<street>
6253,TR552730,<love_poetic>_<chill>_<clean>
6254,TR971494,<love_poetic>_<chill>_<clean>
6255,TR705440,<rap_identity>_<chill>_<clean>
6256,TR385952,<rap_identity>_<hard>_<street>
6257,TR896358,<rap_identity>_<chill>_<clean>
6258,TR220601,<love_poetic>_<chill>_<street>
6259,TR256528,<dialect_rap>_<hard>_<clean>
6260,TR538038,<reflection_life>_<chill>_<clean>
6261,TR338147,<rap_identity>_<chill>_<street>
6262,TR848023,<english_pop_trap>_<chill>_<clean>
6263,TR739425,<reflection_life>_<chill>_<clean>
6264,TR277727,<reflection_life>_<chill>_<clean>
6265,TR800922,<love_poetic>_<hard>_<clean>
6266,TR426338,<reflection_life>_<chill>_<clean>
6267,TR830939,<reflection_life>_<unknown>_<clean>
6268,TR311396,<reflection_life>_<chill>_<clean>
6269,TR762342,<rap_identity>_<hard>_<street>
6270,TR638268,<love_poetic>_<unknown>_<clean>
6271,TR159925,<reflection_life>_<chill>_<clean>
6272,TR573216,<reflection_life>_<chill>_<clean>
6273,TR157060,<love_poetic>_<chill>_<clean>
6274,TR684026,<love_poetic>_<chill>_<clean>
6275,TR229663,<reflection_life>_<chill>_<clean>
6276,TR966337,<reflection_life>_<unknown>_<clean>
6277,TR473816,<rap_identity>_<hard>_<clean>
6278,TR130907,<english_pop_trap>_<chill>_<clean>
6279,TR740010,<reflection_life>_<hard>_<clean>
6280,TR270990,<reflection_life>_<chill>_<clean>
6281,TR169320,<love_poetic>_<chill>_<street>
6282,TR422863,<love_poetic>_<unknown>_<clean>
6283,TR293618,<reflection_life>_<unknown>_<clean>
6284,TR579941,<love_poetic>_<chill>_<clean>
6285,TR115665,<rap_identity>_<unknown>_<clean>
6286,TR881372,<love_poetic>_<chill>_<clean>
6287,TR428623,<reflection_life>_<chill>_<clean>
6288,TR483639,<reflection_life>_<hard>_<clean>
6289,TR780682,<english_pop_trap>_<chill>_<clean>
6290,TR396020,<reflection_life>_<chill>_<clean>
6291,TR568616,<love_poetic>_<unknown>_<clean>
6292,TR987726,<reflection_life>_<chill>_<clean>
6293,TR671528,<love_poetic>_<chill>_<clean>
6294,TR430178,<love_poetic>_<chill>_<clean>
6295,TR654508,<love_poetic>_<chill>_<clean>
6296,TR314703,<reflection_life>_<chill>_<clean>
6297,TR943555,<reflection_life>_<chill>_<clean>
6298,TR677557,<reflection_life>_<unknown>_<clean>
6299,TR551855,<reflection_life>_<chill>_<clean>
6300,TR580451,<reflection_life>_<unknown>_<clean>
6301,TR367340,<love_poetic>_<chill>_<clean>
6302,TR796733,<love_poetic>_<chill>_<clean>
6303,TR514416,<reflection_life>_<chill>_<clean>
6304,TR739921,<reflection_life>_<hard>_<clean>
6305,TR113436,<rap_identity>_<unknown>_<clean>
6306,TR256275,<reflection_life>_<chill>_<clean>
6307,TR810341,<reflection_life>_<chill>_<clean>
6308,TR547630,<love_poetic>_<chill>_<clean>
6309,TR806122,<reflection_life>_<unknown>_<clean>
6310,TR328821,<love_poetic>_<chill>_<clean>
6311,TR480123,<love_poetic>_<unknown>_<clean>
6312,TR666127,<love_poetic>_<chill>_<clean>
6313,TR820489,<reflection_life>_<chill>_<clean>
6314,TR990525,<love_poetic>_<unknown>_<clean>
6315,TR988089,<reflection_life>_<unknown>_<clean>
6316,TR906503,<reflection_life>_<hard>_<clean>
6317,TR798002,<reflection_life>_<hard>_<clean>
6318,TR656976,<reflection_life>_<chill>_<clean>
6319,TR933826,<reflection_life>_<hard>_<street>
6320,TR874765,<love_poetic>_<unknown>_<clean>
6321,TR650076,<english_pop_trap>_<unknown>_<clean>
6322,TR191623,<love_poetic>_<chill>_<clean>
6323,TR199257,<reflection_life>_<unknown>_<clean>
6324,TR320920,<reflection_life>_<chill>_<clean>
6325,TR153176,<reflection_life>_<unknown>_<clean>
6326,TR525976,<reflection_life>_<unknown>_<clean>
6327,TR288424,<reflection_life>_<chill>_<clean>
6328,TR231312,<reflection_life>_<hard>_<clean>
6329,TR231925,<love_poetic>_<chill>_<clean>
6330,TR323138,<reflection_life>_<chill>_<clean>
6331,TR122822,<love_poetic>_<chill>_<clean>
6332,TR292054,<reflection_life>_<chill>_<clean>
6333,TR701421,<reflection_life>_<hard>_<clean>
6334,TR725465,<love_poetic>_<chill>_<clean>
6335,TR682497,<reflection_life>_<energetic>_<clean>
6336,TR810441,<love_poetic>_<energetic>_<clean>
6337,TR898024,<reflection_life>_<energetic>_<clean>
6338,TR242186,<reflection_life>_<unknown>_<clean>
6339,TR781315,<reflection_life>_<chill>_<clean>
6340,TR839041,<reflection_life>_<hard>_<clean>
6341,TR712395,<reflection_life>_<unknown>_<clean>
6342,TR788069,<reflection_life>_<chill>_<clean>
6343,TR505355,<rap_identity>_<hard>_<clean>
6344,TR463590,<reflection_life>_<chill>_<clean>
6345,TR354499,<reflection_life>_<chill>_<clean>
6346,TR527688,<reflection_life>_<chill>_<clean>
6347,TR106087,<reflection_life>_<chill>_<clean>
6348,TR470885,<love_poetic>_<chill>_<clean>
6349,TR464830,<love_poetic>_<chill>_<clean>
6350,TR890698,<love_poetic>_<chill>_<clean>
6351,TR513705,<reflection_life>_<chill>_<clean>
6352,TR591834,<reflection_life>_<chill>_<clean>
6353,TR891005,<love_poetic>_<chill>_<clean>
6354,TR996319,<reflection_life>_<hard>_<clean>
6355,TR280678,<love_poetic>_<chill>_<clean>
6356,TR362271,<reflection_life>_<hard>_<clean>
6357,TR235121,<reflection_life>_<chill>_<clean>
6358,TR386690,<reflection_life>_<chill>_<clean>
6359,TR610540,<love_poetic>_<unknown>_<clean>
6360,TR619283,<reflection_life>_<hard>_<clean>
6361,TR412309,<reflection_life>_<chill>_<clean>
6362,TR464805,<reflection_life>_<unknown>_<clean>
6363,TR639399,<love_poetic>_<chill>_<clean>
6364,TR590602,<reflection_life>_<chill>_<clean>
6365,TR143184,<love_poetic>_<unknown>_<clean>
6366,TR341963,<love_poetic>_<energetic>_<clean>
6367,TR459783,<reflection_life>_<unknown>_<clean>
6368,TR917634,<reflection_life>_<hard>_<clean>
6369,TR856880,<reflection_life>_<chill>_<clean>
6370,TR237659,<reflection_life>_<chill>_<street>
6371,TR377655,<love_poetic>_<chill>_<clean>
6372,TR558818,<reflection_life>_<chill>_<clean>
6373,TR706994,<reflection_life>_<hard>_<clean>
6374,TR429588,<love_poetic>_<unknown>_<clean>
6375,TR459923,<reflection_life>_<chill>_<clean>
6376,TR276531,<love_poetic>_<hard>_<clean>
6377,TR647438,<reflection_life>_<unknown>_<clean>
6378,TR819131,<reflection_life>_<unknown>_<clean>
6379,TR882850,<love_poetic>_<chill>_<clean>
6380,TR233567,<love_poetic>_<chill>_<clean>
6381,TR689546,<reflection_life>_<hard>_<clean>
6382,TR244243,<love_poetic>_<chill>_<clean>
6383,TR390750,<reflection_life>_<chill>_<clean>
6384,TR326054,<reflection_life>_<chill>_<clean>
6385,TR630224,<reflection_life>_<chill>_<clean>
6386,TR224701,<love_poetic>_<chill>_<clean>
6387,TR242884,<rap_identity>_<chill>_<clean>
6388,TR611849,<love_poetic>_<chill>_<clean>
6389,TR253292,<reflection_life>_<chill>_<clean>
6390,TR590856,<reflection_life>_<chill>_<clean>
6391,TR274654,<reflection_life>_<chill>_<clean>
6392,TR177248,<love_poetic>_<unknown>_<clean>
6393,TR227970,<reflection_life>_<chill>_<clean>
6394,TR319990,<reflection_life>_<chill>_<clean>
6395,TR768349,<reflection_life>_<chill>_<clean>
6396,TR993897,<reflection_life>_<unknown>_<clean>
6397,TR172341,<reflection_life>_<unknown>_<clean>
6398,TR787178,<reflection_life>_<chill>_<clean>
6399,TR671898,<love_poetic>_<chill>_<clean>
6400,TR428907,<reflection_life>_<chill>_<clean>
6401,TR745046,<reflection_life>_<chill>_<clean>
6402,TR856931,<reflection_life>_<chill>_<clean>
6403,TR154528,<love_poetic>_<chill>_<clean>
6404,TR582457,<reflection_life>_<chill>_<clean>
6405,TR850068,<reflection_life>_<chill>_<clean>
6406,TR666171,<reflection_life>_<chill>_<clean>
6407,TR535476,<love_poetic>_<chill>_<clean>
6408,TR791767,<reflection_life>_<chill>_<clean>
6409,TR381493,<love_poetic>_<chill>_<clean>
6410,TR153477,<love_poetic>_<chill>_<clean>
6411,TR316118,<love_poetic>_<chill>_<clean>
6412,TR334819,<reflection_life>_<chill>_<clean>
6413,TR249273,<love_poetic>_<chill>_<clean>
6414,TR246847,<reflection_life>_<hard>_<clean>
6415,TR201384,<reflection_life>_<chill>_<clean>
6416,TR996606,<love_poetic>_<chill>_<clean>
6417,TR247042,<reflection_life>_<chill>_<clean>
6418,TR166404,<reflection_life>_<chill>_<clean>
6419,TR183589,<reflection_life>_<chill>_<clean>
6420,TR483909,<love_poetic>_<chill>_<clean>
6421,TR301077,<reflection_life>_<chill>_<clean>
6422,TR687409,<trap_street>_<hard>_<street>
6423,TR669556,<trap_street>_<hard>_<aggressive>
6424,TR209027,<english_pop_trap>_<chill>_<aggressive>
6425,TR473257,<trap_street>_<hard>_<street>
6426,TR657574,<trap_street>_<hard>_<aggressive>
6427,TR907200,<trap_street>_<chill>_<clean>
6428,TR197704,<trap_street>_<unknown>_<street>
6429,TR481643,<trap_street>_<hard>_<street>
6430,TR348708,<english_pop_trap>_<hard>_<street>
6431,TR690925,<english_pop_trap>_<hard>_<aggressive>
6432,TR285093,<trap_street>_<hard>_<aggressive>
6433,TR830025,<trap_street>_<chill>_<clean>
6434,TR914150,<trap_street>_<chill>_<aggressive>
6435,TR103282,<trap_street>_<unknown>_<street>
6436,TR926365,<trap_street>_<hard>_<street>
6437,TR840390,<trap_street>_<hard>_<street>
6438,TR277179,<trap_street>_<hard>_<street>
6439,TR920293,<english_pop_trap>_<hard>_<aggressive>
6440,TR592668,<trap_street>_<unknown>_<street>
6441,TR851700,<trap_street>_<hard>_<aggressive>
6442,TR706261,<trap_street>_<hard>_<clean>
6443,TR500597,<trap_street>_<hard>_<aggressive>
6444,TR629210,<english_pop_trap>_<hard>_<aggressive>
6445,TR684270,<trap_street>_<hard>_<aggressive>
6446,TR999375,<trap_street>_<hard>_<street>
6447,TR448018,<trap_street>_<hard>_<street>
6448,TR331851,<trap_street>_<unknown>_<street>
6449,TR757448,<rap_identity>_<hard>_<street>
6450,TR322110,<trap_street>_<hard>_<aggressive>
6451,TR845354,<trap_street>_<chill>_<aggressive>
6452,TR111721,<trap_street>_<hard>_<aggressive>
6453,TR169808,<love_poetic>_<chill>_<clean>
6454,TR164871,<trap_street>_<hard>_<street>
6455,TR988251,<trap_street>_<hard>_<aggressive>
6456,TR377528,<trap_street>_<hard>_<street>
6457,TR749705,<trap_street>_<unknown>_<street>
6458,TR502019,<trap_street>_<hard>_<street>
6459,TR638745,<trap_street>_<hard>_<street>
6460,TR295698,<english_pop_trap>_<hard>_<clean>
6461,TR224596,<trap_street>_<hard>_<street>
6462,TR754452,<trap_street>_<hard>_<aggressive>
6463,TR608323,<english_pop_trap>_<hard>_<aggressive>
6464,TR459215,<trap_street>_<hard>_<street>
6465,TR540169,<spanish>_<chill>_<clean>
6466,TR151552,<trap_street>_<hard>_<street>
6467,TR861530,<trap_street>_<hard>_<street>
6468,TR447148,<english_pop_trap>_<hard>_<aggressive>
6469,TR262881,<english_pop_trap>_<hard>_<street>
6470,TR561993,<trap_street>_<hard>_<aggressive>
6471,TR309807,<trap_street>_<hard>_<aggressive>
6472,TR685280,<trap_street>_<hard>_<aggressive>
6473,TR295176,<spanish>_<hard>_<clean>
6474,TR138274,<trap_street>_<hard>_<aggressive>
6475,TR999964,<spanish>_<chill>_<clean>
6476,TR393635,<trap_street>_<hard>_<aggressive>
6477,TR630778,<love_poetic>_<hard>_<street>
6478,TR546814,<trap_street>_<hard>_<clean>
6479,TR491207,<english_pop_trap>_<hard>_<aggressive>
6480,TR969806,<english_pop_trap>_<unknown>_<aggressive>
6481,TR359162,<trap_street>_<hard>_<aggressive>
6482,TR812120,<trap_street>_<unknown>_<street>
6483,TR708987,<english_pop_trap>_<hard>_<aggressive>
6484,TR980826,<trap_street>_<unknown>_<clean>
6485,TR192555,<trap_street>_<unknown>_<aggressive>
6486,TR325616,<english_pop_trap>_<hard>_<aggressive>
6487,TR112926,<trap_street>_<hard>_<aggressive>
6488,TR319826,<trap_street>_<hard>_<street>
6489,TR852338,<trap_street>_<unknown>_<aggressive>
6490,TR666247,<trap_street>_<unknown>_<aggressive>
6491,TR492049,<rap_identity>_<unknown>_<street>
6492,TR334725,<trap_street>_<chill>_<clean>
6493,TR877233,<trap_street>_<hard>_<aggressive>
6494,TR993684,<english_pop_trap>_<hard>_<street>
6495,TR579097,<trap_street>_<chill>_<street>
6496,TR534444,<trap_street>_<hard>_<clean>
6497,TR492037,<reflection_life>_<hard>_<clean>
6498,TR606334,<reflection_life>_<chill>_<clean>
6499,TR774621,<love_poetic>_<chill>_<clean>
6500,TR919172,<reflection_life>_<chill>_<clean>
6501,TR947665,<reflection_life>_<unknown>_<clean>
6502,TR999260,<reflection_life>_<chill>_<clean>
6503,TR155178,<rap_identity>_<hard>_<street>
6504,TR582897,<reflection_life>_<unknown>_<clean>
6505,TR999946,<love_poetic>_<unknown>_<clean>
6506,TR566821,<love_poetic>_<unknown>_<clean>
6507,TR467903,<love_poetic>_<chill>_<clean>
6508,TR308833,<reflection_life>_<chill>_<clean>
6509,TR232253,<love_poetic>_<chill>_<clean>
6510,TR275038,<reflection_life>_<unknown>_<clean>
6511,TR448207,<reflection_life>_<chill>_<clean>
6512,TR833542,<reflection_life>_<hard>_<clean>
6513,TR432049,<love_poetic>_<chill>_<clean>
6514,TR904234,<love_poetic>_<unknown>_<clean>
6515,TR175406,<love_poetic>_<chill>_<clean>
6516,TR448143,<reflection_life>_<chill>_<clean>
6517,TR268081,<love_poetic>_<chill>_<clean>
6518,TR205777,<trap_street>_<hard>_<clean>
6519,TR157845,<love_poetic>_<unknown>_<clean>
6520,TR194482,<reflection_life>_<chill>_<clean>
6521,TR606153,<love_poetic>_<unknown>_<clean>
6522,TR344899,<reflection_life>_<unknown>_<clean>
6523,TR707465,<love_poetic>_<chill>_<clean>
6524,TR366012,<love_poetic>_<chill>_<clean>
6525,TR200898,<love_poetic>_<chill>_<clean>
6526,TR671803,<love_poetic>_<unknown>_<clean>
6527,TR539815,<reflection_life>_<chill>_<clean>
6528,TR519714,<love_poetic>_<chill>_<clean>
6529,TR273535,<reflection_life>_<chill>_<clean>
6530,TR371418,<love_poetic>_<chill>_<clean>
6531,TR580000,<rap_identity>_<hard>_<clean>
6532,TR431554,<reflection_life>_<unknown>_<clean>
6533,TR436805,<love_poetic>_<chill>_<clean>
6534,TR881470,<love_poetic>_<hard>_<clean>
6535,TR777350,<love_poetic>_<chill>_<clean>
6536,TR657917,<love_poetic>_<chill>_<clean>
6537,TR431776,<love_poetic>_<chill>_<clean>
6538,TR529906,<love_poetic>_<unknown>_<clean>
6539,TR984717,<english_pop_trap>_<unknown>_<street>
6540,TR677495,<love_poetic>_<unknown>_<clean>
6541,TR340972,<reflection_life>_<chill>_<clean>
6542,TR128551,<love_poetic>_<unknown>_<clean>
6543,TR746370,<love_poetic>_<hard>_<clean>
6544,TR575687,<love_poetic>_<unknown>_<clean>
6545,TR385765,<rap_identity>_<chill>_<street>
6546,TR812108,<love_poetic>_<unknown>_<clean>
6547,TR110045,<love_poetic>_<unknown>_<clean>
6548,TR805917,<reflection_life>_<unknown>_<clean>
6549,TR170576,<rap_identity>_<unknown>_<street>
6550,TR765337,<rap_identity>_<unknown>_<street>
6551,TR394950,<rap_identity>_<unknown>_<street>
6552,TR581814,<love_poetic>_<unknown>_<clean>
6553,TR852520,<rap_identity>_<chill>_<street>
6554,TR307501,<love_poetic>_<unknown>_<clean>
6555,TR405438,<love_poetic>_<unknown>_<clean>
6556,TR268747,<rap_identity>_<chill>_<street>
6557,TR489162,<english_pop_trap>_<chill>_<clean>
6558,TR936932,<rap_identity>_<unknown>_<clean>
6559,TR137614,<reflection_life>_<chill>_<street>
6560,TR216885,<reflection_life>_<chill>_<street>
6561,TR157730,<english_pop_trap>_<chill>_<clean>
6562,TR921306,<english_pop_trap>_<hard>_<aggressive>
6563,TR395118,<reflection_life>_<chill>_<clean>
6564,TR615580,<english_pop_trap>_<chill>_<clean>
6565,TR212811,<love_poetic>_<unknown>_<clean>
6566,TR534899,<love_poetic>_<chill>_<clean>
6567,TR146967,<reflection_life>_<chill>_<clean>
6568,TR392420,<reflection_life>_<unknown>_<clean>
6569,TR800819,<reflection_life>_<unknown>_<clean>
6570,TR214145,<reflection_life>_<unknown>_<clean>
6571,TR957544,<love_poetic>_<unknown>_<clean>
6572,TR939470,<love_poetic>_<chill>_<clean>
6573,TR668088,<reflection_life>_<unknown>_<clean>
6574,TR297613,<reflection_life>_<unknown>_<clean>
6575,TR370757,<love_poetic>_<chill>_<clean>
6576,TR614536,<reflection_life>_<chill>_<clean>
6577,TR737824,<english_pop_trap>_<chill>_<clean>
6578,TR860082,<reflection_life>_<hard>_<street>
6579,TR989686,<reflection_life>_<unknown>_<clean>
6580,TR653391,<reflection_life>_<unknown>_<street>
6581,TR977577,<reflection_life>_<unknown>_<clean>
6582,TR677098,<rap_identity>_<unknown>_<clean>
6583,TR593161,<reflection_life>_<hard>_<clean>
6584,TR814608,<reflection_life>_<unknown>_<clean>
6585,TR480671,<reflection_life>_<chill>_<clean>
6586,TR438867,<reflection_life>_<hard>_<clean>
6587,TR386349,<reflection_life>_<unknown>_<clean>
6588,TR883197,<english_pop_trap>_<unknown>_<clean>
6589,TR942786,<love_poetic>_<unknown>_<clean>
6590,TR302530,<reflection_life>_<chill>_<clean>
6591,TR939046,<reflection_life>_<unknown>_<clean>
6592,TR847295,<english_pop_trap>_<unknown>_<clean>
6593,TR322741,<reflection_life>_<chill>_<clean>
6594,TR289229,<reflection_life>_<unknown>_<clean>
6595,TR292751,<reflection_life>_<unknown>_<clean>
6596,TR996723,<reflection_life>_<unknown>_<clean>
6597,TR197210,<reflection_life>_<unknown>_<clean>
6598,TR468262,<love_poetic>_<hard>_<clean>
6599,TR172047,<love_poetic>_<chill>_<clean>
6600,TR107146,<spanish>_<unknown>_<clean>
6601,TR292187,<reflection_life>_<unknown>_<clean>
6602,TR421187,<english_pop_trap>_<unknown>_<clean>
6603,TR909463,<love_poetic>_<chill>_<clean>
6604,TR618779,<love_poetic>_<unknown>_<clean>
6605,TR984017,<reflection_life>_<unknown>_<clean>
6606,TR258848,<rap_identity>_<hard>_<clean>
6607,TR823733,<spanish>_<chill>_<clean>
6608,TR976641,<english_pop_trap>_<hard>_<clean>
6609,TR669996,<love_poetic>_<unknown>_<clean>
6610,TR977946,<english_pop_trap>_<unknown>_<clean>
6611,TR681461,<love_poetic>_<unknown>_<clean>
6612,TR497245,<love_poetic>_<unknown>_<clean>
6613,TR732630,<love_poetic>_<unknown>_<clean>
6614,TR344102,<love_poetic>_<unknown>_<clean>
6615,TR283621,<reflection_life>_<unknown>_<clean>
6616,TR434239,<love_poetic>_<chill>_<clean>
6617,TR429629,<reflection_life>_<unknown>_<clean>
6618,TR461396,<love_poetic>_<unknown>_<clean>
6619,TR265483,<reflection_life>_<chill>_<clean>
6620,TR525311,<reflection_life>_<unknown>_<clean>
6621,TR989634,<reflection_life>_<unknown>_<clean>
6622,TR554437,<love_poetic>_<unknown>_<clean>
6623,TR206762,<love_poetic>_<unknown>_<clean>
6624,TR322218,<spanish>_<unknown>_<clean>
6625,TR492960,<english_pop_trap>_<unknown>_<clean>
6626,TR936536,<love_poetic>_<chill>_<clean>
6627,TR342245,<love_poetic>_<unknown>_<clean>
6628,TR588115,<love_poetic>_<chill>_<clean>
6629,TR482427,<reflection_life>_<unknown>_<clean>
6630,TR486592,<reflection_life>_<unknown>_<clean>
6631,TR845034,<english_pop_trap>_<unknown>_<aggressive>
6632,TR108035,<english_pop_trap>_<unknown>_<clean>
6633,TR142935,<reflection_life>_<unknown>_<clean>
6634,TR719615,<reflection_life>_<unknown>_<clean>
6635,TR999942,<rap_identity>_<hard>_<street>
6636,TR561092,<reflection_life>_<unknown>_<clean>
6637,TR835251,<love_poetic>_<chill>_<clean>
6638,TR930235,<love_poetic>_<unknown>_<clean>
6639,TR484859,<love_poetic>_<chill>_<clean>
6640,TR300985,<reflection_life>_<hard>_<clean>
6641,TR721317,<english_pop_trap>_<unknown>_<clean>
6642,TR336698,<trap_street>_<hard>_<clean>
6643,TR496522,<love_poetic>_<unknown>_<clean>
6644,TR258738,<love_poetic>_<chill>_<clean>
6645,TR768563,<trap_street>_<hard>_<street>
6646,TR369837,<love_poetic>_<unknown>_<clean>
6647,TR247225,<rap_identity>_<hard>_<clean>
6648,TR621176,<trap_street>_<hard>_<street>
6649,TR513837,<rap_identity>_<hard>_<clean>
6650,TR468856,<english_pop_trap>_<unknown>_<clean>
6651,TR737794,<love_poetic>_<unknown>_<clean>
6652,TR892986,<love_poetic>_<unknown>_<clean>
6653,TR929039,<reflection_life>_<unknown>_<clean>
6654,TR700790,<dialect_rap>_<unknown>_<clean>
6655,TR486604,<trap_street>_<unknown>_<clean>
6656,TR120094,<rap_identity>_<hard>_<clean>
6657,TR943871,<rap_identity>_<chill>_<clean>
6658,TR714531,<reflection_life>_<chill>_<clean>
6659,TR905024,<rap_identity>_<hard>_<clean>
6660,TR370064,<trap_street>_<unknown>_<clean>
6661,TR214334,<reflection_life>_<hard>_<clean>
6662,TR485949,<rap_identity>_<unknown>_<clean>
6663,TR254997,<rap_identity>_<chill>_<street>
6664,TR849944,<rap_identity>_<unknown>_<street>
6665,TR655183,<rap_identity>_<hard>_<clean>
6666,TR673234,<rap_identity>_<unknown>_<clean>
6667,TR205522,<love_poetic>_<chill>_<street>
6668,TR949370,<rap_identity>_<chill>_<street>
6669,TR833422,<rap_identity>_<unknown>_<clean>
6670,TR508828,<rap_identity>_<chill>_<aggressive>
6671,TR544938,<spanish>_<unknown>_<clean>
6672,TR573573,<rap_identity>_<hard>_<street>
6673,TR637533,<dialect_rap>_<hard>_<street>
6674,TR966511,<rap_identity>_<hard>_<street>
6675,TR264465,<rap_identity>_<hard>_<street>
6676,TR378700,<rap_identity>_<hard>_<street>
6677,TR873226,<rap_identity>_<hard>_<clean>
6678,TR741244,<reflection_life>_<hard>_<clean>
6679,TR460361,<rap_identity>_<unknown>_<street>
6680,TR563930,<rap_identity>_<chill>_<clean>
6681,TR751817,<rap_identity>_<hard>_<clean>
6682,TR803783,<reflection_life>_<hard>_<clean>
6683,TR712115,<rap_identity>_<chill>_<clean>
6684,TR301865,<love_poetic>_<chill>_<clean>
6685,TR558544,<reflection_life>_<unknown>_<clean>
6686,TR412865,<reflection_life>_<unknown>_<street>
6687,TR499340,<love_poetic>_<unknown>_<clean>
6688,TR267608,<trap_street>_<chill>_<clean>
6689,TR530875,<rap_identity>_<chill>_<clean>
6690,TR153985,<reflection_life>_<unknown>_<clean>
6691,TR852658,<love_poetic>_<hard>_<clean>
6692,TR969259,<reflection_life>_<unknown>_<clean>
6693,TR419062,<trap_street>_<hard>_<clean>
6694,TR563509,<rap_identity>_<chill>_<street>
6695,TR245777,<rap_identity>_<chill>_<clean>
6696,TR224944,<trap_street>_<hard>_<street>
6697,TR699100,<rap_identity>_<unknown>_<clean>
6698,TR757407,<rap_identity>_<hard>_<street>
6699,TR910202,<rap_identity>_<chill>_<clean>
6700,TR636157,<love_poetic>_<hard>_<clean>
6701,TR834176,<love_poetic>_<chill>_<clean>
6702,TR949622,<love_poetic>_<unknown>_<clean>
6703,TR713714,<reflection_life>_<hard>_<clean>
6704,TR378432,<rap_identity>_<unknown>_<clean>
6705,TR630223,<trap_street>_<hard>_<clean>
6706,TR916307,<rap_identity>_<unknown>_<street>
6707,TR666928,<reflection_life>_<chill>_<clean>
6708,TR951602,<reflection_life>_<hard>_<clean>
6709,TR666386,<english_pop_trap>_<unknown>_<clean>
6710,TR934890,<trap_street>_<hard>_<clean>
6711,TR999977,<rap_identity>_<hard>_<clean>
6712,TR644957,<love_poetic>_<unknown>_<clean>
6713,TR716921,<reflection_life>_<hard>_<clean>
6714,TR911007,<rap_identity>_<chill>_<clean>
6715,TR236050,<rap_identity>_<chill>_<street>
6716,TR200402,<trap_street>_<hard>_<clean>
6717,TR669864,<rap_identity>_<hard>_<clean>
6718,TR662703,<reflection_life>_<unknown>_<clean>
6719,TR779133,<rap_identity>_<unknown>_<street>
6720,TR554008,<rap_identity>_<hard>_<clean>
6721,TR688970,<rap_identity>_<hard>_<street>
6722,TR206714,<love_poetic>_<hard>_<clean>
6723,TR722706,<love_poetic>_<chill>_<clean>
6724,TR345356,<rap_identity>_<chill>_<clean>
6725,TR939495,<trap_street>_<unknown>_<street>
6726,TR320463,<english_pop_trap>_<hard>_<clean>
6727,TR347238,<rap_identity>_<chill>_<clean>
6728,TR764624,<rap_identity>_<hard>_<clean>
6729,TR241803,<rap_identity>_<hard>_<street>
6730,TR132334,<trap_street>_<hard>_<aggressive>
6731,TR804290,<trap_street>_<hard>_<street>
6732,TR802163,<rap_identity>_<hard>_<clean>
6733,TR883125,<trap_street>_<unknown>_<clean>
6734,TR493386,<trap_street>_<unknown>_<clean>
6735,TR659676,<trap_street>_<unknown>_<clean>
6736,TR521161,<english_pop_trap>_<hard>_<clean>
6737,TR389689,<reflection_life>_<chill>_<clean>
6738,TR505764,<rap_identity>_<chill>_<street>
6739,TR338477,<rap_identity>_<unknown>_<street>
6740,TR957503,<english_pop_trap>_<hard>_<clean>
6741,TR748085,<rap_identity>_<chill>_<street>
6742,TR399713,<love_poetic>_<hard>_<clean>
6743,TR494984,<rap_identity>_<unknown>_<street>
6744,TR268877,<love_poetic>_<unknown>_<clean>
6745,TR202465,<love_poetic>_<unknown>_<clean>
6746,TR931038,<rap_identity>_<hard>_<street>
6747,TR218738,<rap_identity>_<unknown>_<street>
6748,TR520917,<reflection_life>_<hard>_<clean>
6749,TR253321,<rap_identity>_<chill>_<aggressive>
6750,TR868323,<rap_identity>_<unknown>_<street>
6751,TR189585,<trap_street>_<hard>_<clean>
6752,TR807505,<love_poetic>_<hard>_<clean>
6753,TR138342,<reflection_life>_<hard>_<clean>
6754,TR906271,<english_pop_trap>_<hard>_<clean>
6755,TR490621,<rap_identity>_<hard>_<clean>
6756,TR335246,<reflection_life>_<unknown>_<clean>
6757,TR274221,<love_poetic>_<chill>_<clean>
6758,TR534373,<trap_street>_<chill>_<clean>
6759,TR584340,<trap_street>_<chill>_<clean>
6760,TR488743,<trap_street>_<hard>_<clean>
6761,TR884905,<rap_identity>_<unknown>_<street>
6762,TR757696,<rap_identity>_<chill>_<clean>
6763,TR631016,<rap_identity>_<unknown>_<clean>
6764,TR381503,<rap_identity>_<hard>_<clean>
6765,TR970322,<love_poetic>_<unknown>_<clean>
6766,TR658645,<reflection_life>_<unknown>_<clean>
6767,TR511810,<trap_street>_<hard>_<clean>
6768,TR676655,<rap_identity>_<hard>_<clean>
6769,TR345554,<reflection_life>_<chill>_<clean>
6770,TR239258,<rap_identity>_<hard>_<street>
6771,TR694015,<trap_street>_<hard>_<clean>
6772,TR704411,<trap_street>_<hard>_<clean>
6773,TR294020,<rap_identity>_<unknown>_<clean>
6774,TR120447,<rap_identity>_<hard>_<street>
6775,TR430340,<rap_identity>_<unknown>_<clean>
6776,TR113197,<rap_identity>_<hard>_<clean>
6777,TR218172,<love_poetic>_<hard>_<clean>
6778,TR599524,<love_poetic>_<unknown>_<clean>
6779,TR654867,<love_poetic>_<unknown>_<clean>
6780,TR359945,<reflection_life>_<unknown>_<clean>
6781,TR538122,<reflection_life>_<chill>_<clean>
6782,TR704724,<rap_identity>_<chill>_<clean>
6783,TR380648,<rap_identity>_<unknown>_<clean>
6784,TR916755,<english_pop_trap>_<hard>_<clean>
6785,TR305011,<reflection_life>_<chill>_<clean>
6786,TR357325,<rap_identity>_<unknown>_<clean>
6787,TR783187,<reflection_life>_<unknown>_<clean>
6788,TR143039,<rap_identity>_<chill>_<clean>
6789,TR195108,<rap_identity>_<chill>_<street>
6790,TR970485,<english_pop_trap>_<chill>_<clean>
6791,TR744187,<rap_identity>_<unknown>_<clean>
6792,TR170828,<rap_identity>_<hard>_<clean>
6793,TR395260,<trap_street>_<hard>_<street>
6794,TR819526,<english_pop_trap>_<hard>_<street>
6795,TR818062,<reflection_life>_<chill>_<clean>
6796,TR580584,<reflection_life>_<hard>_<clean>
6797,TR148900,<rap_identity>_<chill>_<clean>
6798,TR910960,<rap_identity>_<chill>_<clean>
6799,TR711788,<reflection_life>_<chill>_<street>
6800,TR919158,<rap_identity>_<chill>_<clean>
6801,TR853343,<rap_identity>_<hard>_<clean>
6802,TR836598,<love_poetic>_<hard>_<clean>
6803,TR154777,<rap_identity>_<unknown>_<clean>
6804,TR130588,<reflection_life>_<hard>_<clean>
6805,TR318405,<rap_identity>_<unknown>_<clean>
6806,TR954532,<love_poetic>_<hard>_<clean>
6807,TR323965,<love_poetic>_<unknown>_<clean>
6808,TR206457,<love_poetic>_<unknown>_<street>
6809,TR767510,<rap_identity>_<chill>_<clean>
6810,TR293036,<love_poetic>_<chill>_<clean>
6811,TR639204,<rap_identity>_<chill>_<clean>
6812,TR970036,<english_pop_trap>_<unknown>_<clean>
6813,TR465485,<english_pop_trap>_<chill>_<street>
6814,TR219943,<rap_identity>_<hard>_<clean>
6815,TR511640,<rap_identity>_<chill>_<clean>
6816,TR558630,<reflection_life>_<hard>_<clean>
6817,TR917051,<rap_identity>_<unknown>_<clean>
6818,TR454758,<rap_identity>_<chill>_<street>
6819,TR362586,<rap_identity>_<chill>_<clean>
6820,TR148249,<rap_identity>_<chill>_<clean>
6821,TR243050,<rap_identity>_<unknown>_<street>
6822,TR536494,<rap_identity>_<chill>_<street>
6823,TR562469,<reflection_life>_<chill>_<clean>
6824,TR470777,<trap_street>_<hard>_<clean>
6825,TR375675,<reflection_life>_<chill>_<clean>
6826,TR540275,<trap_street>_<hard>_<clean>
6827,TR457535,<love_poetic>_<chill>_<clean>
6828,TR473818,<english_pop_trap>_<hard>_<street>
6829,TR214995,<reflection_life>_<chill>_<clean>
6830,TR531544,<dialect_rap>_<chill>_<clean>
6831,TR265096,<rap_identity>_<hard>_<clean>
6832,TR592860,<rap_identity>_<unknown>_<clean>
6833,TR122802,<trap_street>_<hard>_<clean>
6834,TR822183,<english_pop_trap>_<hard>_<clean>
6835,TR260994,<rap_identity>_<chill>_<street>
6836,TR567729,<rap_identity>_<chill>_<clean>
6837,TR813228,<english_pop_trap>_<chill>_<clean>
6838,TR940222,<rap_identity>_<chill>_<street>
6839,TR594426,<rap_identity>_<hard>_<street>
6840,TR809092,<reflection_life>_<chill>_<clean>
6841,TR774416,<reflection_life>_<unknown>_<clean>
6842,TR114528,<love_poetic>_<hard>_<clean>
6843,TR271833,<love_poetic>_<chill>_<clean>
6844,TR943385,<english_pop_trap>_<hard>_<clean>
6845,TR409037,<reflection_life>_<unknown>_<clean>
6846,TR683848,<reflection_life>_<hard>_<clean>
6847,TR328095,<rap_identity>_<hard>_<clean>
6848,TR757697,<love_poetic>_<unknown>_<clean>
6849,TR728500,<love_poetic>_<hard>_<clean>
6850,TR276857,<rap_identity>_<hard>_<clean>
6851,TR910920,<love_poetic>_<hard>_<clean>
6852,TR999933,<rap_identity>_<hard>_<clean>
6853,TR458188,<english_pop_trap>_<unknown>_<clean>
6854,TR495908,<english_pop_trap>_<hard>_<clean>
6855,TR695460,<rap_identity>_<chill>_<clean>
6856,TR876268,<rap_identity>_<chill>_<street>
6857,TR989536,<rap_identity>_<hard>_<street>
6858,TR188141,<reflection_life>_<hard>_<clean>
6859,TR305517,<love_poetic>_<unknown>_<clean>
6860,TR111344,<rap_identity>_<unknown>_<clean>
6861,TR314142,<love_poetic>_<unknown>_<clean>
6862,TR963599,<love_poetic>_<hard>_<street>
6863,TR554104,<love_poetic>_<hard>_<clean>
6864,TR383724,<reflection_life>_<chill>_<clean>
6865,TR711129,<rap_identity>_<chill>_<clean>
6866,TR648071,<reflection_life>_<chill>_<clean>
6867,TR184566,<rap_identity>_<chill>_<clean>
6868,TR737130,<rap_identity>_<unknown>_<street>
6869,TR684108,<love_poetic>_<chill>_<clean>
6870,TR300297,<reflection_life>_<chill>_<clean>
6871,TR924435,<reflection_life>_<unknown>_<clean>
6872,TR115777,<english_pop_trap>_<chill>_<clean>
6873,TR144592,<reflection_life>_<chill>_<clean>
6874,TR854744,<love_poetic>_<chill>_<clean>
6875,TR175133,<rap_identity>_<chill>_<clean>
6876,TR666480,<rap_identity>_<chill>_<street>
6877,TR772212,<rap_identity>_<unknown>_<clean>
6878,TR473380,<love_poetic>_<hard>_<clean>
6879,TR620314,<reflection_life>_<chill>_<clean>
6880,TR603402,<love_poetic>_<hard>_<clean>
6881,TR386476,<reflection_life>_<chill>_<clean>
6882,TR274508,<love_poetic>_<chill>_<clean>
6883,TR363905,<dialect_rap>_<hard>_<clean>
6884,TR312231,<trap_street>_<hard>_<clean>
6885,TR533725,<rap_identity>_<chill>_<street>
6886,TR787145,<rap_identity>_<hard>_<clean>
6887,TR166534,<rap_identity>_<chill>_<clean>
6888,TR691264,<rap_identity>_<hard>_<street>
6889,TR109183,<love_poetic>_<unknown>_<clean>
6890,TR637167,<rap_identity>_<chill>_<street>
6891,TR892139,<reflection_life>_<chill>_<clean>
6892,TR344413,<rap_identity>_<unknown>_<clean>
6893,TR681081,<rap_identity>_<unknown>_<clean>
6894,TR269920,<rap_identity>_<chill>_<clean>
6895,TR832848,<reflection_life>_<hard>_<clean>
6896,TR303350,<rap_identity>_<hard>_<clean>
6897,TR417020,<rap_identity>_<chill>_<clean>
6898,TR348273,<reflection_life>_<chill>_<clean>
6899,TR782572,<trap_street>_<hard>_<street>
6900,TR239496,<reflection_life>_<chill>_<clean>
6901,TR461994,<rap_identity>_<hard>_<clean>
6902,TR799070,<rap_identity>_<chill>_<clean>
6903,TR223862,<rap_identity>_<chill>_<clean>
6904,TR397678,<rap_identity>_<hard>_<clean>
6905,TR309377,<reflection_life>_<unknown>_<clean>
6906,TR671515,<love_poetic>_<chill>_<clean>
6907,TR438392,<reflection_life>_<unknown>_<clean>
6908,TR672756,<rap_identity>_<chill>_<clean>
6909,TR318011,<reflection_life>_<unknown>_<clean>
6910,TR145437,<rap_identity>_<hard>_<clean>
6911,TR671348,<reflection_life>_<chill>_<street>
6912,TR608105,<rap_identity>_<chill>_<clean>
6913,TR485629,<reflection_life>_<chill>_<clean>
6914,TR761191,<rap_identity>_<chill>_<street>
6915,TR864469,<rap_identity>_<chill>_<street>
6916,TR504616,<rap_identity>_<chill>_<clean>
6917,TR133389,<rap_identity>_<chill>_<clean>
6918,TR201288,<trap_street>_<chill>_<clean>
6919,TR960319,<reflection_life>_<chill>_<clean>
6920,TR331239,<rap_identity>_<chill>_<clean>
6921,TR859441,<rap_identity>_<hard>_<street>
6922,TR631579,<rap_identity>_<chill>_<clean>
6923,TR776498,<rap_identity>_<hard>_<clean>
6924,TR198138,<rap_identity>_<chill>_<clean>
6925,TR325524,<rap_identity>_<chill>_<clean>
6926,TR933198,<reflection_life>_<chill>_<clean>
6927,TR656337,<rap_identity>_<chill>_<clean>
6928,TR347241,<rap_identity>_<hard>_<clean>
6929,TR435930,<love_poetic>_<chill>_<clean>
6930,TR323357,<english_pop_trap>_<hard>_<clean>
6931,TR282212,<rap_identity>_<hard>_<clean>
6932,TR109007,<trap_street>_<hard>_<clean>
6933,TR456066,<love_poetic>_<chill>_<clean>
6934,TR713229,<rap_identity>_<chill>_<clean>
6935,TR944461,<rap_identity>_<unknown>_<clean>
6936,TR593143,<rap_identity>_<chill>_<clean>
6937,TR535965,<rap_identity>_<chill>_<aggressive>
6938,TR176666,<rap_identity>_<unknown>_<street>
6939,TR452359,<reflection_life>_<chill>_<clean>
6940,TR719684,<rap_identity>_<chill>_<clean>
6941,TR984351,<rap_identity>_<chill>_<clean>
6942,TR706801,<rap_identity>_<chill>_<clean>
6943,TR511677,<rap_identity>_<hard>_<street>
6944,TR875221,<reflection_life>_<chill>_<clean>
6945,TR790223,<rap_identity>_<hard>_<aggressive>
6946,TR315693,<rap_identity>_<hard>_<street>
6947,TR660379,<rap_identity>_<hard>_<clean>
6948,TR979288,<rap_identity>_<chill>_<clean>
6949,TR449309,<rap_identity>_<unknown>_<clean>
6950,TR227405,<rap_identity>_<chill>_<clean>
6951,TR248945,<reflection_life>_<chill>_<clean>
6952,TR513521,<rap_identity>_<chill>_<clean>
6953,TR615148,<rap_identity>_<hard>_<street>
6954,TR828234,<love_poetic>_<hard>_<clean>
6955,TR646053,<dialect_rap>_<chill>_<clean>
6956,TR584792,<rap_identity>_<energetic>_<street>
6957,TR369961,<dialect_rap>_<hard>_<clean>
6958,TR322402,<rap_identity>_<hard>_<clean>
6959,TR158750,<rap_identity>_<unknown>_<clean>
6960,TR109959,<rap_identity>_<chill>_<clean>
6961,TR199538,<rap_identity>_<unknown>_<street>
6962,TR107407,<rap_identity>_<chill>_<street>
6963,TR587520,<reflection_life>_<unknown>_<clean>
6964,TR758787,<rap_identity>_<chill>_<clean>
6965,TR485471,<rap_identity>_<unknown>_<street>
6966,TR980943,<trap_street>_<hard>_<clean>
6967,TR410884,<trap_street>_<hard>_<street>
6968,TR161891,<trap_street>_<unknown>_<clean>
6969,TR283958,<trap_street>_<hard>_<clean>
6970,TR520809,<trap_street>_<unknown>_<street>
6971,TR846349,<trap_street>_<hard>_<clean>
6972,TR352114,<trap_street>_<hard>_<street>
6973,TR267487,<trap_street>_<hard>_<street>
6974,TR672792,<trap_street>_<hard>_<clean>
6975,TR396356,<trap_street>_<hard>_<street>
6976,TR831217,<trap_street>_<hard>_<clean>
6977,TR467616,<trap_street>_<hard>_<clean>
6978,TR504348,<trap_street>_<hard>_<clean>
6979,TR355561,<trap_street>_<hard>_<aggressive>
6980,TR600284,<trap_street>_<hard>_<clean>
6981,TR332010,<trap_street>_<hard>_<clean>
6982,TR185185,<trap_street>_<chill>_<street>
6983,TR680167,<trap_street>_<hard>_<clean>
6984,TR752033,<trap_street>_<hard>_<clean>
6985,TR461564,<love_poetic>_<hard>_<clean>
6986,TR499734,<trap_street>_<hard>_<clean>
6987,TR541037,<trap_street>_<hard>_<aggressive>
6988,TR819257,<trap_street>_<hard>_<street>
6989,TR227681,<trap_street>_<hard>_<clean>
6990,TR873781,<trap_street>_<hard>_<clean>
6991,TR457671,<trap_street>_<hard>_<street>
6992,TR820354,<trap_street>_<hard>_<clean>
6993,TR409199,<trap_street>_<hard>_<clean>
6994,TR448043,<trap_street>_<chill>_<street>
6995,TR907711,<trap_street>_<hard>_<aggressive>
6996,TR399418,<trap_street>_<hard>_<street>
6997,TR463795,<trap_street>_<hard>_<clean>
6998,TR479164,<trap_street>_<hard>_<street>
6999,TR755381,<trap_street>_<hard>_<clean>
7000,TR918658,<love_poetic>_<hard>_<clean>
7001,TR465043,<trap_street>_<hard>_<clean>
7002,TR924145,<english_pop_trap>_<hard>_<aggressive>
7003,TR733248,<trap_street>_<hard>_<clean>
7004,TR766736,<trap_street>_<hard>_<clean>
7005,TR366482,<rap_identity>_<hard>_<street>
7006,TR472322,<trap_street>_<hard>_<street>
7007,TR454992,<trap_street>_<hard>_<street>
7008,TR524065,<trap_street>_<unknown>_<clean>
7009,TR169306,<trap_street>_<unknown>_<street>
7010,TR705457,<trap_street>_<hard>_<clean>
7011,TR798277,<trap_street>_<hard>_<street>
7012,TR779200,<english_pop_trap>_<hard>_<clean>
7013,TR436638,<trap_street>_<unknown>_<clean>
7014,TR609708,<trap_street>_<hard>_<street>
7015,TR901695,<trap_street>_<hard>_<clean>
7016,TR494604,<trap_street>_<unknown>_<aggressive>
7017,TR466190,<trap_street>_<unknown>_<street>
7018,TR994228,<trap_street>_<unknown>_<clean>
7019,TR936655,<trap_street>_<hard>_<clean>
7020,TR539538,<trap_street>_<hard>_<clean>
7021,TR847728,<trap_street>_<hard>_<clean>
7022,TR314154,<trap_street>_<hard>_<street>
7023,TR191751,<trap_street>_<hard>_<clean>
7024,TR640437,<trap_street>_<unknown>_<street>
7025,TR116779,<trap_street>_<hard>_<street>
7026,TR151486,<trap_street>_<hard>_<clean>
7027,TR287346,<trap_street>_<unknown>_<street>
7028,TR652737,<english_pop_trap>_<hard>_<street>
7029,TR956761,<trap_street>_<hard>_<aggressive>
7030,TR827155,<english_pop_trap>_<hard>_<clean>
7031,TR179320,<trap_street>_<hard>_<clean>
7032,TR134114,<rap_identity>_<unknown>_<clean>
7033,TR194011,<trap_street>_<hard>_<clean>
7034,TR563386,<trap_street>_<hard>_<clean>
7035,TR168260,<trap_street>_<hard>_<street>
7036,TR318060,<rap_identity>_<hard>_<street>
7037,TR399629,<english_pop_trap>_<hard>_<clean>
7038,TR317801,<trap_street>_<hard>_<aggressive>
7039,TR606789,<trap_street>_<hard>_<street>
7040,TR117359,<rap_identity>_<hard>_<aggressive>
7041,TR669235,<rap_identity>_<unknown>_<street>
7042,TR279756,<rap_identity>_<hard>_<clean>
7043,TR815411,<rap_identity>_<unknown>_<street>
7044,TR468666,<trap_street>_<unknown>_<street>
7045,TR616186,<rap_identity>_<unknown>_<clean>
7046,TR836381,<trap_street>_<unknown>_<street>
7047,TR450671,<rap_identity>_<unknown>_<clean>
7048,TR493977,<spanish>_<unknown>_<aggressive>
7049,TR177340,<rap_identity>_<unknown>_<aggressive>
7050,TR379388,<trap_street>_<unknown>_<clean>
7051,TR216094,<reflection_life>_<chill>_<street>
7052,TR394622,<trap_street>_<hard>_<clean>
7053,TR544227,<trap_street>_<hard>_<aggressive>
7054,TR902349,<reflection_life>_<chill>_<aggressive>
7055,TR535408,<love_poetic>_<hard>_<clean>
7056,TR535138,<reflection_life>_<unknown>_<clean>
7057,TR237984,<rap_identity>_<hard>_<aggressive>
7058,TR190858,<rap_identity>_<unknown>_<clean>
7059,TR119930,<spanish>_<chill>_<street>
7060,TR236859,<rap_identity>_<hard>_<clean>
7061,TR230720,<trap_street>_<chill>_<clean>
7062,TR757389,<trap_street>_<hard>_<street>
7063,TR143497,<trap_street>_<chill>_<street>
7064,TR780977,<trap_street>_<chill>_<clean>
7065,TR479533,<love_poetic>_<chill>_<clean>
7066,TR176635,<reflection_life>_<chill>_<clean>
7067,TR458054,<rap_identity>_<hard>_<street>
7068,TR711632,<rap_identity>_<hard>_<street>
7069,TR670518,<spanish>_<chill>_<clean>
7070,TR422545,<rap_identity>_<chill>_<clean>
7071,TR803540,<reflection_life>_<chill>_<clean>
7072,TR100979,<trap_street>_<chill>_<clean>
7073,TR162068,<spanish>_<hard>_<street>
7074,TR155130,<love_poetic>_<chill>_<clean>
7075,TR586299,<rap_identity>_<hard>_<aggressive>
7076,TR187808,<rap_identity>_<hard>_<clean>
7077,TR421625,<love_poetic>_<hard>_<clean>
7078,TR305826,<rap_identity>_<hard>_<clean>
7079,TR731073,<rap_identity>_<chill>_<street>
7080,TR434487,<rap_identity>_<chill>_<street>
7081,TR766594,<dialect_rap>_<chill>_<clean>
7082,TR869601,<rap_identity>_<chill>_<aggressive>
7083,TR241906,<love_poetic>_<chill>_<clean>
7084,TR492751,<trap_street>_<hard>_<clean>
7085,TR963005,<trap_street>_<hard>_<street>
7086,TR133978,<love_poetic>_<chill>_<clean>
7087,TR344257,<reflection_life>_<chill>_<clean>
7088,TR378745,<english_pop_trap>_<chill>_<street>
7089,TR576978,<rap_identity>_<chill>_<street>
7090,TR239755,<rap_identity>_<chill>_<clean>
7091,TR658516,<rap_identity>_<hard>_<clean>
7092,TR999969,<rap_identity>_<hard>_<clean>
7093,TR647764,<rap_identity>_<chill>_<street>
7094,TR577202,<rap_identity>_<chill>_<street>
7095,TR467257,<rap_identity>_<chill>_<street>
7096,TR762891,<rap_identity>_<chill>_<clean>
7097,TR850073,<rap_identity>_<chill>_<clean>
7098,TR130065,<rap_identity>_<hard>_<clean>
7099,TR699361,<love_poetic>_<chill>_<clean>
7100,TR174190,<love_poetic>_<unknown>_<clean>
7101,TR816921,<rap_identity>_<chill>_<clean>
7102,TR678089,<love_poetic>_<chill>_<clean>
7103,TR744426,<rap_identity>_<chill>_<aggressive>
7104,TR411831,<rap_identity>_<chill>_<clean>
7105,TR376203,<english_pop_trap>_<chill>_<clean>
7106,TR381592,<rap_identity>_<chill>_<clean>
7107,TR163498,<rap_identity>_<chill>_<clean>
7108,TR188158,<love_poetic>_<hard>_<clean>
7109,TR691605,<reflection_life>_<hard>_<clean>
7110,TR485727,<love_poetic>_<hard>_<clean>
7111,TR642887,<reflection_life>_<hard>_<clean>
7112,TR882176,<trap_street>_<hard>_<aggressive>
7113,TR994715,<love_poetic>_<hard>_<clean>
7114,TR963934,<trap_street>_<hard>_<street>
7115,TR184463,<english_pop_trap>_<hard>_<clean>
7116,TR579996,<trap_street>_<hard>_<clean>
7117,TR588588,<trap_street>_<hard>_<clean>
7118,TR745552,<english_pop_trap>_<hard>_<clean>
7119,TR431557,<trap_street>_<chill>_<street>
7120,TR444821,<reflection_life>_<hard>_<clean>
7121,TR781475,<trap_street>_<unknown>_<street>
7122,TR382925,<reflection_life>_<hard>_<clean>
7123,TR187630,<reflection_life>_<unknown>_<clean>
7124,TR620722,<trap_street>_<chill>_<clean>
7125,TR958120,<love_poetic>_<hard>_<street>
7126,TR417750,<reflection_life>_<hard>_<clean>
7127,TR968834,<love_poetic>_<unknown>_<clean>
7128,TR376462,<trap_street>_<chill>_<clean>
7129,TR509620,<trap_street>_<hard>_<clean>
7130,TR662283,<trap_street>_<hard>_<clean>
7131,TR352293,<trap_street>_<hard>_<clean>
7132,TR654746,<english_pop_trap>_<unknown>_<clean>
7133,TR463151,<rap_identity>_<hard>_<clean>
7134,TR926695,<love_poetic>_<hard>_<clean>
7135,TR943337,<reflection_life>_<unknown>_<clean>
7136,TR381092,<english_pop_trap>_<hard>_<clean>
7137,TR635784,<love_poetic>_<unknown>_<clean>
7138,TR564483,<trap_street>_<unknown>_<clean>
7139,TR960224,<english_pop_trap>_<hard>_<clean>
7140,TR555367,<reflection_life>_<hard>_<clean>
7141,TR590147,<trap_street>_<unknown>_<clean>
7142,TR183658,<love_poetic>_<hard>_<clean>
7143,TR944676,<trap_street>_<chill>_<clean>
7144,TR663282,<reflection_life>_<chill>_<clean>
7145,TR565753,<reflection_life>_<unknown>_<clean>
7146,TR328597,<reflection_life>_<hard>_<clean>
7147,TR113923,<trap_street>_<hard>_<street>
7148,TR930774,<reflection_life>_<hard>_<clean>
7149,TR789074,<reflection_life>_<hard>_<clean>
7150,TR964902,<reflection_life>_<hard>_<clean>
7151,TR265030,<reflection_life>_<hard>_<clean>
7152,TR934166,<reflection_life>_<hard>_<clean>
7153,TR259352,<reflection_life>_<unknown>_<clean>
7154,TR376150,<trap_street>_<hard>_<street>
7155,TR746705,<trap_street>_<hard>_<clean>
7156,TR926900,<love_poetic>_<unknown>_<clean>
7157,TR881155,<reflection_life>_<hard>_<clean>
7158,TR317087,<trap_street>_<hard>_<clean>
7159,TR896087,<trap_street>_<hard>_<clean>
7160,TR223014,<reflection_life>_<hard>_<clean>
7161,TR739222,<english_pop_trap>_<hard>_<clean>
7162,TR708816,<trap_street>_<unknown>_<clean>
7163,TR649748,<trap_street>_<hard>_<clean>
7164,TR817369,<reflection_life>_<hard>_<clean>
7165,TR242207,<reflection_life>_<hard>_<clean>
7166,TR533246,<trap_street>_<hard>_<clean>
7167,TR479516,<trap_street>_<hard>_<street>
7168,TR871463,<trap_street>_<unknown>_<clean>
7169,TR193107,<trap_street>_<hard>_<clean>
7170,TR742546,<trap_street>_<unknown>_<street>
7171,TR876098,<trap_street>_<hard>_<clean>
7172,TR601438,<trap_street>_<hard>_<clean>
7173,TR594903,<reflection_life>_<hard>_<clean>
7174,TR689309,<reflection_life>_<unknown>_<clean>
7175,TR596966,<reflection_life>_<unknown>_<clean>
7176,TR565053,<trap_street>_<hard>_<clean>
7177,TR795816,<trap_street>_<hard>_<clean>
7178,TR959835,<reflection_life>_<hard>_<clean>
7179,TR954017,<reflection_life>_<unknown>_<clean>
7180,TR287605,<trap_street>_<hard>_<clean>
7181,TR616509,<trap_street>_<unknown>_<clean>
7182,TR667493,<trap_street>_<unknown>_<clean>
7183,TR190407,<reflection_life>_<hard>_<clean>
7184,TR222044,<trap_street>_<hard>_<clean>
7185,TR205254,<trap_street>_<unknown>_<clean>
7186,TR115072,<reflection_life>_<hard>_<clean>
7187,TR697184,<trap_street>_<hard>_<clean>
7188,TR298801,<trap_street>_<unknown>_<aggressive>
7189,TR579610,<trap_street>_<chill>_<clean>
7190,TR143136,<trap_street>_<hard>_<clean>
7191,TR157035,<trap_street>_<hard>_<clean>
7192,TR224754,<trap_street>_<hard>_<clean>
7193,TR329583,<trap_street>_<unknown>_<clean>
7194,TR244694,<reflection_life>_<hard>_<clean>
7195,TR663967,<reflection_life>_<unknown>_<clean>
7196,TR499057,<reflection_life>_<unknown>_<clean>
7197,TR906532,<trap_street>_<hard>_<clean>
7198,TR578240,<trap_street>_<hard>_<clean>
7199,TR153153,<trap_street>_<hard>_<street>
7200,TR162676,<reflection_life>_<hard>_<clean>
7201,TR191851,<trap_street>_<unknown>_<clean>
7202,TR112023,<reflection_life>_<hard>_<clean>
7203,TR659162,<english_pop_trap>_<hard>_<clean>
7204,TR189510,<trap_street>_<hard>_<clean>
7205,TR889364,<trap_street>_<hard>_<clean>
7206,TR376865,<trap_street>_<hard>_<clean>
7207,TR980742,<reflection_life>_<unknown>_<clean>
7208,TR713904,<reflection_life>_<hard>_<clean>
7209,TR912104,<trap_street>_<hard>_<clean>
7210,TR823636,<rap_identity>_<unknown>_<clean>
7211,TR331731,<trap_street>_<hard>_<clean>
7212,TR820363,<trap_street>_<hard>_<street>
7213,TR905776,<trap_street>_<hard>_<clean>
7214,TR698125,<trap_street>_<hard>_<clean>
7215,TR515659,<trap_street>_<hard>_<clean>
7216,TR625969,<trap_street>_<hard>_<street>
7217,TR247104,<trap_street>_<hard>_<clean>
7218,TR594615,<trap_street>_<chill>_<clean>
7219,TR424195,<spanish>_<hard>_<clean>
7220,TR349355,<trap_street>_<hard>_<clean>
7221,TR957808,<trap_street>_<hard>_<street>
7222,TR490757,<trap_street>_<unknown>_<clean>
7223,TR444267,<reflection_life>_<unknown>_<clean>
7224,TR861811,<trap_street>_<hard>_<clean>
7225,TR332124,<reflection_life>_<unknown>_<clean>
7226,TR217290,<reflection_life>_<unknown>_<clean>
7227,TR921050,<trap_street>_<hard>_<clean>
7228,TR787626,<reflection_life>_<hard>_<clean>
7229,TR419726,<reflection_life>_<unknown>_<clean>
7230,TR658702,<trap_street>_<hard>_<street>
7231,TR395621,<trap_street>_<unknown>_<street>
7232,TR148098,<trap_street>_<hard>_<clean>
7233,TR941190,<reflection_life>_<hard>_<clean>
7234,TR492509,<trap_street>_<unknown>_<clean>
7235,TR916783,<reflection_life>_<unknown>_<clean>
7236,TR138736,<trap_street>_<unknown>_<clean>
7237,TR101440,<reflection_life>_<hard>_<clean>
7238,TR562372,<trap_street>_<chill>_<street>
7239,TR916773,<love_poetic>_<unknown>_<clean>
7240,TR801717,<reflection_life>_<hard>_<street>
7241,TR243382,<trap_street>_<hard>_<street>
7242,TR373608,<trap_street>_<unknown>_<clean>
7243,TR499130,<trap_street>_<unknown>_<aggressive>
7244,TR672275,<trap_street>_<unknown>_<clean>
7245,TR694808,<spanish>_<unknown>_<clean>
7246,TR680623,<trap_street>_<hard>_<clean>
7247,TR615989,<trap_street>_<unknown>_<street>
7248,TR929094,<reflection_life>_<hard>_<clean>
7249,TR416403,<reflection_life>_<unknown>_<clean>
7250,TR804125,<reflection_life>_<hard>_<clean>
7251,TR468435,<trap_street>_<unknown>_<clean>
7252,TR375954,<love_poetic>_<unknown>_<clean>
7253,TR395819,<rap_identity>_<unknown>_<street>
7254,TR845364,<rap_identity>_<chill>_<street>
7255,TR890518,<love_poetic>_<unknown>_<clean>
7256,TR371241,<love_poetic>_<unknown>_<clean>
7257,TR981599,<trap_street>_<hard>_<clean>
7258,TR428208,<reflection_life>_<hard>_<clean>
7259,TR867241,<trap_street>_<unknown>_<aggressive>
7260,TR907608,<love_poetic>_<unknown>_<clean>
7261,TR695212,<trap_street>_<chill>_<street>
7262,TR274867,<english_pop_trap>_<unknown>_<clean>
7263,TR282655,<english_pop_trap>_<hard>_<street>
7264,TR552634,<spanish>_<unknown>_<clean>
7265,TR372832,<rap_identity>_<hard>_<clean>
7266,TR222653,<love_poetic>_<unknown>_<clean>
7267,TR485111,<trap_street>_<unknown>_<clean>
7268,TR747430,<rap_identity>_<hard>_<clean>
7269,TR364429,<rap_identity>_<hard>_<clean>
7270,TR388267,<english_pop_trap>_<unknown>_<clean>
7271,TR500651,<rap_identity>_<hard>_<clean>
7272,TR915070,<reflection_life>_<unknown>_<clean>
7273,TR802056,<rap_identity>_<hard>_<clean>
7274,TR729259,<rap_identity>_<chill>_<clean>
7275,TR865197,<rap_identity>_<hard>_<street>
7276,TR269121,<rap_identity>_<hard>_<clean>
7277,TR385012,<rap_identity>_<hard>_<clean>
7278,TR418128,<rap_identity>_<unknown>_<clean>
7279,TR206423,<trap_street>_<unknown>_<clean>
7280,TR274487,<english_pop_trap>_<hard>_<aggressive>
7281,TR474745,<trap_street>_<unknown>_<clean>
7282,TR530750,<reflection_life>_<unknown>_<clean>
7283,TR976775,<love_poetic>_<hard>_<clean>
7284,TR615856,<love_poetic>_<chill>_<clean>
7285,TR965184,<rap_identity>_<unknown>_<clean>
7286,TR588052,<rap_identity>_<chill>_<clean>
7287,TR932431,<reflection_life>_<chill>_<clean>
7288,TR591894,<trap_street>_<chill>_<street>
7289,TR115706,<reflection_life>_<hard>_<clean>
7290,TR423710,<rap_identity>_<unknown>_<clean>
7291,TR842038,<love_poetic>_<unknown>_<clean>
7292,TR694401,<reflection_life>_<chill>_<clean>
7293,TR964444,<rap_identity>_<hard>_<clean>
7294,TR816942,<rap_identity>_<chill>_<clean>
7295,TR507108,<love_poetic>_<unknown>_<clean>
7296,TR205362,<reflection_life>_<unknown>_<clean>
7297,TR379069,<reflection_life>_<chill>_<clean>
7298,TR386172,<reflection_life>_<unknown>_<clean>
7299,TR631117,<reflection_life>_<unknown>_<clean>
7300,TR569029,<love_poetic>_<hard>_<clean>
7301,TR662282,<love_poetic>_<chill>_<clean>
7302,TR892432,<dialect_rap>_<hard>_<clean>
7303,TR297336,<rap_identity>_<unknown>_<clean>
7304,TR435181,<love_poetic>_<chill>_<clean>
7305,TR336467,<love_poetic>_<chill>_<clean>
7306,TR653455,<reflection_life>_<unknown>_<clean>
7307,TR932754,<dialect_rap>_<chill>_<clean>
7308,TR447048,<love_poetic>_<chill>_<clean>
7309,TR993602,<reflection_life>_<hard>_<clean>
7310,TR312838,<love_poetic>_<unknown>_<clean>
7311,TR698023,<love_poetic>_<hard>_<clean>
7312,TR788128,<rap_identity>_<chill>_<clean>
7313,TR165440,<love_poetic>_<chill>_<clean>
7314,TR211344,<love_poetic>_<hard>_<clean>
7315,TR741309,<love_poetic>_<chill>_<clean>
7316,TR184976,<love_poetic>_<chill>_<clean>
7317,TR802124,<english_pop_trap>_<hard>_<aggressive>
7318,TR503418,<love_poetic>_<hard>_<clean>
7319,TR581582,<love_poetic>_<hard>_<street>
7320,TR539096,<english_pop_trap>_<chill>_<clean>
7321,TR899143,<rap_identity>_<chill>_<clean>
7322,TR546479,<love_poetic>_<chill>_<clean>
7323,TR609896,<rap_identity>_<unknown>_<street>
7324,TR261355,<rap_identity>_<chill>_<street>
7325,TR291625,<rap_identity>_<chill>_<clean>
7326,TR658638,<rap_identity>_<chill>_<street>
7327,TR321907,<rap_identity>_<hard>_<clean>
7328,TR884537,<rap_identity>_<hard>_<clean>
7329,TR209620,<rap_identity>_<chill>_<clean>
7330,TR771523,<english_pop_trap>_<unknown>_<aggressive>
7331,TR487400,<love_poetic>_<chill>_<street>
7332,TR173327,<rap_identity>_<chill>_<clean>
7333,TR536950,<love_poetic>_<chill>_<street>
7334,TR725799,<rap_identity>_<chill>_<street>
7335,TR573621,<love_poetic>_<chill>_<clean>
7336,TR208028,<love_poetic>_<chill>_<street>
7337,TR699029,<love_poetic>_<hard>_<clean>
7338,TR189101,<love_poetic>_<chill>_<aggressive>
7339,TR591913,<rap_identity>_<unknown>_<street>
7340,TR235036,<rap_identity>_<unknown>_<street>
7341,TR777533,<rap_identity>_<chill>_<street>
7342,TR816009,<rap_identity>_<hard>_<clean>
7343,TR372865,<reflection_life>_<chill>_<street>
7344,TR179664,<love_poetic>_<hard>_<street>
7345,TR100081,<love_poetic>_<unknown>_<street>
7346,TR620355,<love_poetic>_<chill>_<street>
7347,TR637089,<english_pop_trap>_<chill>_<aggressive>
7348,TR937615,<reflection_life>_<chill>_<clean>
7349,TR270957,<rap_identity>_<chill>_<street>
7350,TR461067,<rap_identity>_<chill>_<street>
7351,TR523319,<love_poetic>_<chill>_<clean>
7352,TR119687,<love_poetic>_<chill>_<clean>
7353,TR543952,<rap_identity>_<chill>_<street>
7354,TR624921,<rap_identity>_<chill>_<clean>
7355,TR975699,<rap_identity>_<hard>_<clean>
7356,TR361589,<rap_identity>_<hard>_<aggressive>
7357,TR111991,<english_pop_trap>_<hard>_<clean>
7358,TR817026,<love_poetic>_<chill>_<clean>
7359,TR681835,<dialect_rap>_<hard>_<clean>
7360,TR366801,<rap_identity>_<hard>_<street>
7361,TR891324,<rap_identity>_<hard>_<clean>
7362,TR901755,<rap_identity>_<hard>_<street>
7363,TR672277,<rap_identity>_<hard>_<street>
7364,TR997681,<english_pop_trap>_<chill>_<clean>
7365,TR949000,<rap_identity>_<hard>_<clean>
7366,TR203837,<rap_identity>_<chill>_<aggressive>
7367,TR992517,<rap_identity>_<chill>_<aggressive>
7368,TR722861,<love_poetic>_<chill>_<clean>
7369,TR150601,<rap_identity>_<hard>_<street>
7370,TR743482,<english_pop_trap>_<chill>_<aggressive>
7371,TR696734,<rap_identity>_<chill>_<aggressive>
7372,TR414928,<english_pop_trap>_<chill>_<clean>
7373,TR539688,<rap_identity>_<chill>_<street>
7374,TR197789,<rap_identity>_<chill>_<aggressive>
7375,TR189784,<rap_identity>_<hard>_<street>
7376,TR999928,<love_poetic>_<chill>_<clean>
7377,TR657976,<love_poetic>_<hard>_<clean>
7378,TR468679,<trap_street>_<hard>_<street>
7379,TR126474,<rap_identity>_<hard>_<clean>
7380,TR666304,<rap_identity>_<chill>_<clean>
7381,TR506532,<rap_identity>_<chill>_<street>
7382,TR896109,<english_pop_trap>_<chill>_<street>
7383,TR514820,<love_poetic>_<chill>_<street>
7384,TR930446,<rap_identity>_<chill>_<street>
7385,TR254767,<english_pop_trap>_<unknown>_<aggressive>
7386,TR959669,<rap_identity>_<hard>_<street>
7387,TR213983,<rap_identity>_<chill>_<street>
7388,TR329989,<rap_identity>_<chill>_<street>
7389,TR399522,<english_pop_trap>_<chill>_<street>
7390,TR346869,<rap_identity>_<chill>_<street>
7391,TR794364,<english_pop_trap>_<hard>_<clean>
7392,TR127771,<love_poetic>_<chill>_<aggressive>
7393,TR586565,<rap_identity>_<chill>_<street>
7394,TR647861,<rap_identity>_<unknown>_<street>
7395,TR959428,<love_poetic>_<hard>_<clean>
7396,TR542070,<english_pop_trap>_<chill>_<clean>
7397,TR203427,<love_poetic>_<unknown>_<clean>
7398,TR601904,<english_pop_trap>_<chill>_<clean>
7399,TR727799,<love_poetic>_<chill>_<clean>
7400,TR389084,<rap_identity>_<chill>_<street>
7401,TR712982,<english_pop_trap>_<hard>_<clean>
7402,TR206782,<english_pop_trap>_<chill>_<aggressive>
7403,TR475127,<rap_identity>_<chill>_<street>
7404,TR738950,<rap_identity>_<hard>_<street>
7405,TR820323,<rap_identity>_<chill>_<clean>
7406,TR690104,<rap_identity>_<chill>_<street>
7407,TR999612,<rap_identity>_<hard>_<aggressive>
7408,TR397594,<rap_identity>_<hard>_<clean>
7409,TR194012,<rap_identity>_<chill>_<clean>
7410,TR270176,<rap_identity>_<chill>_<street>
7411,TR876917,<rap_identity>_<hard>_<street>
7412,TR649165,<rap_identity>_<chill>_<street>
7413,TR290462,<rap_identity>_<chill>_<street>
7414,TR302518,<love_poetic>_<chill>_<clean>
7415,TR834608,<rap_identity>_<hard>_<street>
7416,TR570376,<english_pop_trap>_<chill>_<street>
7417,TR620248,<rap_identity>_<chill>_<street>
7418,TR552721,<rap_identity>_<hard>_<clean>
7419,TR774004,<rap_identity>_<unknown>_<clean>
7420,TR590786,<rap_identity>_<chill>_<street>
7421,TR724978,<rap_identity>_<unknown>_<aggressive>
7422,TR927862,<rap_identity>_<hard>_<street>
7423,TR860628,<rap_identity>_<chill>_<street>
7424,TR427533,<rap_identity>_<chill>_<street>
7425,TR946823,<dialect_rap>_<chill>_<street>
7426,TR208613,<rap_identity>_<hard>_<clean>
7427,TR365945,<rap_identity>_<unknown>_<aggressive>
7428,TR159933,<english_pop_trap>_<hard>_<street>
7429,TR157215,<rap_identity>_<chill>_<aggressive>
7430,TR909485,<love_poetic>_<unknown>_<aggressive>
7431,TR696967,<rap_identity>_<hard>_<aggressive>
7432,TR890260,<rap_identity>_<chill>_<clean>
7433,TR684358,<rap_identity>_<unknown>_<street>
7434,TR403297,<rap_identity>_<chill>_<street>
7435,TR746747,<rap_identity>_<chill>_<street>
7436,TR584099,<aspiration_generic>_<unknown>_<clean>
7437,TR824242,<rap_identity>_<chill>_<street>
7438,TR693368,<rap_identity>_<unknown>_<street>
7439,TR137637,<rap_identity>_<chill>_<street>
7440,TR419051,<rap_identity>_<chill>_<clean>
7441,TR713486,<rap_identity>_<hard>_<aggressive>
7442,TR542224,<english_pop_trap>_<unknown>_<street>
7443,TR864348,<rap_identity>_<hard>_<clean>
7444,TR602307,<rap_identity>_<unknown>_<street>
7445,TR841443,<rap_identity>_<hard>_<clean>
7446,TR324031,<english_pop_trap>_<hard>_<street>
7447,TR534169,<rap_identity>_<unknown>_<street>
7448,TR915642,<rap_identity>_<hard>_<clean>
7449,TR288229,<english_pop_trap>_<unknown>_<street>
7450,TR743967,<rap_identity>_<chill>_<street>
7451,TR920585,<rap_identity>_<hard>_<clean>
7452,TR866430,<rap_identity>_<chill>_<street>
7453,TR375320,<rap_identity>_<unknown>_<street>
7454,TR841273,<rap_identity>_<chill>_<street>
7455,TR668892,<reflection_life>_<hard>_<clean>
7456,TR927083,<dialect_rap>_<unknown>_<clean>
7457,TR284699,<love_poetic>_<hard>_<clean>
7458,TR420616,<love_poetic>_<chill>_<street>
7459,TR140887,<dialect_rap>_<chill>_<street>
7460,TR890012,<love_poetic>_<chill>_<street>
7461,TR361302,<rap_identity>_<chill>_<clean>
7462,TR737601,<rap_identity>_<chill>_<street>
7463,TR195795,<rap_identity>_<hard>_<street>
7464,TR420774,<english_pop_trap>_<unknown>_<aggressive>
7465,TR586934,<rap_identity>_<chill>_<aggressive>
7466,TR708591,<rap_identity>_<chill>_<street>
7467,TR860937,<reflection_life>_<unknown>_<street>
7468,TR393852,<english_pop_trap>_<chill>_<aggressive>
7469,TR431082,<reflection_life>_<hard>_<clean>
7470,TR853628,<rap_identity>_<unknown>_<street>
7471,TR549706,<trap_street>_<chill>_<clean>
7472,TR833732,<rap_identity>_<hard>_<clean>
7473,TR902298,<rap_identity>_<hard>_<street>
7474,TR842426,<trap_street>_<chill>_<clean>
7475,TR948342,<reflection_life>_<chill>_<clean>
7476,TR970208,<rap_identity>_<chill>_<street>
7477,TR859641,<rap_identity>_<hard>_<street>
7478,TR631472,<trap_street>_<hard>_<clean>
7479,TR452532,<love_poetic>_<hard>_<clean>
7480,TR425154,<trap_street>_<hard>_<clean>
7481,TR155365,<love_poetic>_<chill>_<clean>
7482,TR948270,<rap_identity>_<chill>_<clean>
7483,TR251506,<rap_identity>_<unknown>_<street>
7484,TR800984,<rap_identity>_<hard>_<clean>
7485,TR715761,<reflection_life>_<chill>_<clean>
7486,TR839491,<rap_identity>_<hard>_<clean>
7487,TR528014,<rap_identity>_<hard>_<street>
7488,TR719960,<love_poetic>_<hard>_<clean>
7489,TR727946,<rap_identity>_<hard>_<street>
7490,TR123073,<love_poetic>_<chill>_<clean>
7491,TR739961,<love_poetic>_<chill>_<clean>
7492,TR200480,<rap_identity>_<chill>_<street>
7493,TR294501,<reflection_life>_<hard>_<street>
7494,TR356776,<reflection_life>_<hard>_<clean>
7495,TR542172,<rap_identity>_<chill>_<clean>
7496,TR891652,<rap_identity>_<hard>_<clean>
7497,TR271365,<reflection_life>_<chill>_<clean>
7498,TR128927,<rap_identity>_<hard>_<clean>
7499,TR901696,<trap_street>_<hard>_<clean>
7500,TR128857,<reflection_life>_<hard>_<clean>
7501,TR374901,<reflection_life>_<hard>_<clean>
7502,TR721942,<rap_identity>_<hard>_<clean>
7503,TR911234,<rap_identity>_<hard>_<clean>
7504,TR157545,<spanish>_<hard>_<street>
7505,TR400212,<love_poetic>_<chill>_<clean>
7506,TR357146,<reflection_life>_<chill>_<clean>
7507,TR219124,<love_poetic>_<chill>_<clean>
7508,TR902598,<rap_identity>_<hard>_<street>
7509,TR976856,<rap_identity>_<unknown>_<clean>
7510,TR240977,<love_poetic>_<chill>_<clean>
7511,TR205970,<rap_identity>_<chill>_<clean>
7512,TR740348,<reflection_life>_<chill>_<clean>
7513,TR124160,<rap_identity>_<unknown>_<clean>
7514,TR944372,<love_poetic>_<chill>_<clean>
7515,TR360685,<love_poetic>_<chill>_<clean>
7516,TR917929,<english_pop_trap>_<hard>_<aggressive>
7517,TR411468,<love_poetic>_<chill>_<clean>
7518,TR627712,<reflection_life>_<chill>_<clean>
7519,TR844663,<rap_identity>_<chill>_<clean>
7520,TR285764,<rap_identity>_<chill>_<clean>
7521,TR865668,<rap_identity>_<chill>_<street>
7522,TR800140,<trap_street>_<chill>_<clean>
7523,TR156006,<rap_identity>_<chill>_<clean>
7524,TR851898,<reflection_life>_<chill>_<clean>
7525,TR927995,<english_pop_trap>_<unknown>_<clean>
7526,TR479647,<rap_identity>_<unknown>_<clean>
7527,TR517049,<rap_identity>_<chill>_<clean>
7528,TR943156,<rap_identity>_<chill>_<street>
7529,TR620887,<rap_identity>_<hard>_<street>
7530,TR792066,<rap_identity>_<hard>_<street>
7531,TR898954,<rap_identity>_<chill>_<street>
7532,TR455974,<rap_identity>_<unknown>_<street>
7533,TR104557,<rap_identity>_<hard>_<clean>
7534,TR671553,<rap_identity>_<chill>_<clean>
7535,TR811435,<rap_identity>_<chill>_<clean>
7536,TR254833,<rap_identity>_<chill>_<street>
7537,TR646031,<love_poetic>_<chill>_<clean>
7538,TR508787,<rap_identity>_<hard>_<street>
7539,TR943504,<rap_identity>_<chill>_<clean>
7540,TR660797,<rap_identity>_<unknown>_<street>
7541,TR408874,<rap_identity>_<chill>_<street>
7542,TR660283,<rap_identity>_<chill>_<clean>
7543,TR831532,<reflection_life>_<chill>_<clean>
7544,TR746497,<rap_identity>_<chill>_<clean>
7545,TR708682,<reflection_life>_<chill>_<clean>
7546,TR771535,<rap_identity>_<chill>_<clean>
7547,TR610148,<rap_identity>_<hard>_<street>
7548,TR999975,<rap_identity>_<chill>_<street>
7549,TR208223,<rap_identity>_<chill>_<clean>
7550,TR375930,<rap_identity>_<hard>_<clean>
7551,TR272377,<rap_identity>_<chill>_<clean>
7552,TR705339,<rap_identity>_<chill>_<street>
7553,TR146589,<rap_identity>_<hard>_<aggressive>
7554,TR251295,<rap_identity>_<hard>_<clean>
7555,TR953175,<rap_identity>_<chill>_<clean>
7556,TR755353,<rap_identity>_<unknown>_<clean>
7557,TR609204,<love_poetic>_<chill>_<clean>
7558,TR250808,<rap_identity>_<chill>_<clean>
7559,TR606101,<reflection_life>_<unknown>_<clean>
7560,TR492336,<love_poetic>_<chill>_<clean>
7561,TR732060,<rap_identity>_<chill>_<clean>
7562,TR486278,<rap_identity>_<chill>_<street>
7563,TR784136,<rap_identity>_<chill>_<street>
7564,TR675270,<rap_identity>_<unknown>_<street>
7565,TR972236,<spanish>_<hard>_<aggressive>
7566,TR820952,<rap_identity>_<chill>_<clean>
7567,TR101061,<rap_identity>_<chill>_<clean>
7568,TR890610,<rap_identity>_<chill>_<clean>
7569,TR548568,<rap_identity>_<chill>_<street>
7570,TR855484,<love_poetic>_<chill>_<clean>
7571,TR262985,<rap_identity>_<unknown>_<clean>
7572,TR253162,<love_poetic>_<chill>_<clean>
7573,TR559495,<love_poetic>_<unknown>_<clean>
7574,TR688862,<rap_identity>_<chill>_<street>
7575,TR359035,<love_poetic>_<chill>_<clean>
7576,TR913643,<rap_identity>_<chill>_<street>
7577,TR652072,<rap_identity>_<unknown>_<clean>
7578,TR787045,<rap_identity>_<chill>_<clean>
7579,TR128494,<rap_identity>_<chill>_<clean>
7580,TR782563,<love_poetic>_<chill>_<street>
7581,TR672799,<english_pop_trap>_<hard>_<street>
7582,TR639864,<reflection_life>_<unknown>_<clean>
7583,TR274093,<love_poetic>_<chill>_<clean>
7584,TR809302,<love_poetic>_<chill>_<clean>
7585,TR725299,<reflection_life>_<unknown>_<clean>
7586,TR145487,<reflection_life>_<unknown>_<clean>
7587,TR915762,<love_poetic>_<unknown>_<clean>
7588,TR905252,<reflection_life>_<chill>_<clean>
7589,TR467243,<love_poetic>_<unknown>_<clean>
7590,TR257209,<love_poetic>_<chill>_<clean>
7591,TR920493,<reflection_life>_<hard>_<clean>
7592,TR670945,<love_poetic>_<unknown>_<clean>
7593,TR917188,<love_poetic>_<unknown>_<clean>
7594,TR312167,<reflection_life>_<chill>_<clean>
7595,TR767326,<reflection_life>_<hard>_<clean>
7596,TR978669,<reflection_life>_<chill>_<clean>
7597,TR587875,<love_poetic>_<hard>_<clean>
7598,TR916888,<reflection_life>_<chill>_<clean>
7599,TR948167,<love_poetic>_<chill>_<clean>
7600,TR443378,<love_poetic>_<unknown>_<clean>
7601,TR113758,<reflection_life>_<unknown>_<clean>
7602,TR394013,<reflection_life>_<chill>_<street>
7603,TR250796,<rap_identity>_<unknown>_<street>
7604,TR679438,<love_poetic>_<chill>_<street>
7605,TR186774,<rap_identity>_<hard>_<clean>
7606,TR809269,<love_poetic>_<unknown>_<clean>
7607,TR542444,<love_poetic>_<chill>_<clean>
7608,TR472642,<reflection_life>_<unknown>_<clean>
7609,TR699787,<love_poetic>_<unknown>_<clean>
7610,TR698138,<reflection_life>_<unknown>_<clean>
7611,TR553039,<love_poetic>_<unknown>_<clean>
7612,TR881821,<rap_identity>_<unknown>_<street>
7613,TR309333,<love_poetic>_<hard>_<clean>
7614,TR103408,<reflection_life>_<hard>_<street>
7615,TR979102,<love_poetic>_<chill>_<aggressive>
7616,TR304991,<love_poetic>_<unknown>_<clean>
7617,TR256598,<love_poetic>_<unknown>_<clean>
7618,TR453666,<love_poetic>_<chill>_<clean>
7619,TR776892,<love_poetic>_<unknown>_<clean>
7620,TR695685,<reflection_life>_<unknown>_<clean>
7621,TR718992,<reflection_life>_<unknown>_<clean>
7622,TR761598,<love_poetic>_<chill>_<clean>
7623,TR833797,<reflection_life>_<chill>_<clean>
7624,TR182764,<reflection_life>_<chill>_<clean>
7625,TR376686,<reflection_life>_<unknown>_<clean>
7626,TR926629,<rap_identity>_<unknown>_<street>
7627,TR681066,<love_poetic>_<hard>_<clean>
7628,TR357478,<reflection_life>_<unknown>_<clean>
7629,TR525570,<love_poetic>_<chill>_<clean>
7630,TR805024,<love_poetic>_<unknown>_<clean>
7631,TR370227,<love_poetic>_<chill>_<clean>
7632,TR204928,<love_poetic>_<hard>_<clean>
7633,TR221822,<love_poetic>_<unknown>_<clean>
7634,TR179246,<reflection_life>_<unknown>_<clean>
7635,TR111130,<love_poetic>_<unknown>_<clean>
7636,TR625570,<rap_identity>_<hard>_<clean>
7637,TR136840,<love_poetic>_<chill>_<clean>
7638,TR873900,<rap_identity>_<chill>_<clean>
7639,TR836375,<love_poetic>_<chill>_<clean>
7640,TR712229,<reflection_life>_<unknown>_<clean>
7641,TR356843,<love_poetic>_<chill>_<clean>
7642,TR655561,<love_poetic>_<chill>_<clean>
7643,TR277350,<love_poetic>_<chill>_<clean>
7644,TR662000,<reflection_life>_<unknown>_<clean>
7645,TR529049,<love_poetic>_<unknown>_<clean>
7646,TR961324,<love_poetic>_<chill>_<clean>
7647,TR680819,<love_poetic>_<chill>_<clean>
7648,TR974889,<love_poetic>_<unknown>_<clean>
7649,TR824914,<love_poetic>_<unknown>_<clean>
7650,TR158034,<love_poetic>_<unknown>_<clean>
7651,TR524047,<reflection_life>_<unknown>_<clean>
7652,TR208859,<reflection_life>_<hard>_<clean>
7653,TR896004,<reflection_life>_<chill>_<clean>
7654,TR193857,<rap_identity>_<hard>_<clean>
7655,TR793112,<love_poetic>_<chill>_<clean>
7656,TR625149,<rap_identity>_<chill>_<street>
7657,TR272738,<reflection_life>_<unknown>_<street>
7658,TR889115,<love_poetic>_<chill>_<clean>
7659,TR128976,<reflection_life>_<chill>_<street>
7660,TR614877,<love_poetic>_<unknown>_<clean>
7661,TR582548,<reflection_life>_<hard>_<clean>
7662,TR647268,<rap_identity>_<unknown>_<clean>
7663,TR443927,<reflection_life>_<chill>_<clean>
7664,TR815568,<love_poetic>_<chill>_<street>
7665,TR872695,<love_poetic>_<chill>_<clean>
7666,TR523533,<love_poetic>_<chill>_<clean>
7667,TR607857,<love_poetic>_<hard>_<clean>
7668,TR665748,<rap_identity>_<chill>_<clean>
7669,TR554521,<reflection_life>_<chill>_<clean>
7670,TR772106,<love_poetic>_<unknown>_<clean>
7671,TR527669,<love_poetic>_<chill>_<clean>
7672,TR789913,<reflection_life>_<chill>_<clean>
7673,TR791916,<rap_identity>_<chill>_<street>
7674,TR999930,<love_poetic>_<unknown>_<clean>
7675,TR946780,<rap_identity>_<hard>_<street>
7676,TR692729,<reflection_life>_<chill>_<clean>
7677,TR136898,<love_poetic>_<unknown>_<street>
7678,TR584194,<love_poetic>_<unknown>_<clean>
7679,TR717678,<rap_identity>_<chill>_<street>
7680,TR178007,<love_poetic>_<unknown>_<clean>
7681,TR138172,<love_poetic>_<chill>_<clean>
7682,TR471969,<reflection_life>_<unknown>_<clean>
7683,TR585161,<rap_identity>_<chill>_<clean>
7684,TR513432,<love_poetic>_<unknown>_<street>
7685,TR464802,<rap_identity>_<hard>_<clean>
7686,TR122958,<love_poetic>_<chill>_<clean>
7687,TR603769,<reflection_life>_<unknown>_<clean>
7688,TR790964,<rap_identity>_<hard>_<clean>
7689,TR571639,<love_poetic>_<unknown>_<clean>
7690,TR539456,<love_poetic>_<hard>_<clean>
7691,TR808240,<reflection_life>_<chill>_<clean>
7692,TR477104,<love_poetic>_<unknown>_<clean>
7693,TR999948,<reflection_life>_<chill>_<clean>
7694,TR467591,<rap_identity>_<chill>_<clean>
7695,TR999949,<rap_identity>_<chill>_<clean>
7696,TR564129,<love_poetic>_<chill>_<clean>
7697,TR357846,<reflection_life>_<unknown>_<street>
7698,TR906823,<rap_identity>_<chill>_<aggressive>
7699,TR862991,<reflection_life>_<chill>_<clean>
7700,TR428735,<love_poetic>_<chill>_<street>
7701,TR102692,<love_poetic>_<chill>_<clean>
7702,TR684899,<rap_identity>_<hard>_<street>
7703,TR683109,<reflection_life>_<chill>_<clean>
7704,TR434958,<love_poetic>_<unknown>_<clean>
7705,TR108394,<reflection_life>_<unknown>_<clean>
7706,TR595810,<love_poetic>_<chill>_<aggressive>
7707,TR987218,<reflection_life>_<chill>_<clean>
7708,TR467950,<rap_identity>_<chill>_<street>
7709,TR881585,<love_poetic>_<unknown>_<clean>
7710,TR889782,<love_poetic>_<chill>_<clean>
7711,TR109668,<reflection_life>_<chill>_<clean>
7712,TR659629,<love_poetic>_<unknown>_<clean>
7713,TR620292,<love_poetic>_<unknown>_<clean>
7714,TR771958,<love_poetic>_<unknown>_<clean>
7715,TR587599,<rap_identity>_<hard>_<street>
7716,TR371139,<reflection_life>_<chill>_<clean>
7717,TR742726,<dialect_rap>_<chill>_<clean>
7718,TR474719,<love_poetic>_<hard>_<clean>
7719,TR499209,<reflection_life>_<chill>_<clean>
7720,TR578264,<english_pop_trap>_<chill>_<clean>
7721,TR386129,<love_poetic>_<hard>_<clean>
7722,TR609737,<dialect_rap>_<chill>_<clean>
7723,TR381574,<english_pop_trap>_<chill>_<clean>
7724,TR879864,<rap_identity>_<chill>_<clean>
7725,TR817210,<english_pop_trap>_<unknown>_<clean>
7726,TR218828,<english_pop_trap>_<unknown>_<clean>
7727,TR814544,<aspiration_generic>_<unknown>_<clean>
7728,TR242823,<love_poetic>_<unknown>_<aggressive>
7729,TR876958,<english_pop_trap>_<unknown>_<clean>
7730,TR544070,<aspiration_generic>_<unknown>_<clean>
7731,TR755839,<english_pop_trap>_<unknown>_<street>
7732,TR161965,<aspiration_generic>_<unknown>_<clean>
7733,TR698084,<aspiration_generic>_<chill>_<clean>
7734,TR583418,<aspiration_generic>_<unknown>_<clean>
7735,TR728228,<aspiration_generic>_<hard>_<clean>
7736,TR411850,<aspiration_generic>_<hard>_<clean>
7737,TR759176,<aspiration_generic>_<unknown>_<clean>
7738,TR925275,<reflection_life>_<energetic>_<clean>
7739,TR926996,<aspiration_generic>_<hard>_<clean>
7740,TR750485,<aspiration_generic>_<unknown>_<clean>
7741,TR924987,<aspiration_generic>_<unknown>_<clean>
7742,TR863877,<aspiration_generic>_<chill>_<clean>
7743,TR899110,<aspiration_generic>_<hard>_<clean>
7744,TR244027,<aspiration_generic>_<unknown>_<clean>
7745,TR696696,<aspiration_generic>_<chill>_<clean>
7746,TR126759,<aspiration_generic>_<hard>_<clean>
7747,TR502756,<aspiration_generic>_<unknown>_<clean>
7748,TR289370,<aspiration_generic>_<unknown>_<clean>
7749,TR513300,<aspiration_generic>_<unknown>_<clean>
7750,TR434548,<aspiration_generic>_<unknown>_<clean>
7751,TR502456,<reflection_life>_<unknown>_<clean>
7752,TR566082,<aspiration_generic>_<hard>_<clean>
7753,TR302953,<aspiration_generic>_<unknown>_<clean>
7754,TR637093,<aspiration_generic>_<hard>_<clean>
7755,TR120173,<reflection_life>_<unknown>_<clean>
7756,TR282973,<spanish>_<unknown>_<clean>
7757,TR941393,<rap_identity>_<hard>_<street>
7758,TR128187,<rap_identity>_<unknown>_<street>
7759,TR531427,<rap_identity>_<hard>_<street>
7760,TR172263,<rap_identity>_<chill>_<street>
7761,TR304255,<trap_street>_<unknown>_<clean>
7762,TR163116,<love_poetic>_<chill>_<clean>
7763,TR527017,<rap_identity>_<unknown>_<clean>
7764,TR865436,<love_poetic>_<unknown>_<clean>
7765,TR811865,<rap_identity>_<hard>_<clean>
7766,TR622446,<rap_identity>_<chill>_<street>
7767,TR321510,<rap_identity>_<unknown>_<clean>
7768,TR833273,<rap_identity>_<hard>_<clean>
7769,TR282293,<rap_identity>_<hard>_<street>
7770,TR372417,<rap_identity>_<unknown>_<street>
7771,TR914844,<rap_identity>_<chill>_<clean>
7772,TR400868,<love_poetic>_<hard>_<clean>
7773,TR137148,<trap_street>_<chill>_<clean>
7774,TR258584,<rap_identity>_<hard>_<clean>
7775,TR425482,<rap_identity>_<hard>_<street>
7776,TR743944,<english_pop_trap>_<unknown>_<clean>
7777,TR574346,<trap_street>_<hard>_<clean>
7778,TR935046,<rap_identity>_<unknown>_<clean>
7779,TR559870,<love_poetic>_<unknown>_<clean>
7780,TR809850,<love_poetic>_<chill>_<clean>
7781,TR118387,<rap_identity>_<hard>_<street>
7782,TR661923,<trap_street>_<chill>_<street>
7783,TR541815,<rap_identity>_<chill>_<clean>
7784,TR100871,<english_pop_trap>_<unknown>_<clean>
7785,TR997213,<rap_identity>_<hard>_<street>
7786,TR362103,<love_poetic>_<chill>_<clean>
7787,TR275469,<rap_identity>_<unknown>_<street>
7788,TR539733,<rap_identity>_<hard>_<street>
7789,TR547237,<trap_street>_<hard>_<clean>
7790,TR492921,<love_poetic>_<chill>_<clean>
7791,TR863287,<rap_identity>_<chill>_<clean>
7792,TR300071,<love_poetic>_<unknown>_<clean>
7793,TR852481,<rap_identity>_<chill>_<clean>
7794,TR593019,<love_poetic>_<chill>_<clean>
7795,TR134428,<rap_identity>_<hard>_<street>
7796,TR844984,<rap_identity>_<chill>_<street>
7797,TR245189,<love_poetic>_<chill>_<clean>
7798,TR703265,<rap_identity>_<hard>_<clean>
7799,TR466291,<rap_identity>_<chill>_<clean>
7800,TR958808,<love_poetic>_<unknown>_<clean>
7801,TR208282,<rap_identity>_<hard>_<clean>
7802,TR304193,<rap_identity>_<unknown>_<clean>
7803,TR362879,<rap_identity>_<unknown>_<aggressive>
7804,TR951822,<trap_street>_<unknown>_<clean>
7805,TR804102,<rap_identity>_<chill>_<clean>
7806,TR155221,<rap_identity>_<chill>_<aggressive>
7807,TR389835,<dialect_rap>_<hard>_<clean>
7808,TR191196,<reflection_life>_<unknown>_<clean>
7809,TR822713,<reflection_life>_<unknown>_<clean>
7810,TR372400,<rap_identity>_<hard>_<street>
7811,TR770001,<rap_identity>_<chill>_<clean>
7812,TR430546,<rap_identity>_<chill>_<street>
7813,TR247750,<rap_identity>_<chill>_<clean>
7814,TR261393,<trap_street>_<unknown>_<street>
7815,TR623399,<reflection_life>_<chill>_<clean>
7816,TR940257,<trap_street>_<chill>_<clean>
7817,TR475155,<rap_identity>_<hard>_<aggressive>
7818,TR213485,<rap_identity>_<hard>_<clean>
7819,TR185455,<english_pop_trap>_<chill>_<clean>
7820,TR793159,<rap_identity>_<chill>_<street>
7821,TR883548,<trap_street>_<hard>_<clean>
7822,TR748670,<rap_identity>_<chill>_<clean>
7823,TR262276,<dialect_rap>_<hard>_<clean>
7824,TR477881,<rap_identity>_<chill>_<aggressive>
7825,TR703087,<trap_street>_<hard>_<street>
7826,TR750588,<trap_street>_<unknown>_<street>
7827,TR876414,<rap_identity>_<chill>_<clean>
7828,TR995804,<rap_identity>_<chill>_<street>
7829,TR936774,<rap_identity>_<chill>_<street>
7830,TR553614,<reflection_life>_<unknown>_<clean>
7831,TR951629,<rap_identity>_<unknown>_<clean>
7832,TR492414,<rap_identity>_<chill>_<street>
7833,TR261536,<rap_identity>_<chill>_<aggressive>
7834,TR441607,<trap_street>_<hard>_<aggressive>
7835,TR524790,<rap_identity>_<hard>_<street>
7836,TR736806,<trap_street>_<hard>_<clean>
7837,TR521202,<trap_street>_<hard>_<clean>
7838,TR351652,<reflection_life>_<hard>_<clean>
7839,TR115375,<love_poetic>_<unknown>_<clean>
7840,TR303719,<rap_identity>_<hard>_<clean>
7841,TR135513,<rap_identity>_<chill>_<clean>
7842,TR335107,<english_pop_trap>_<chill>_<clean>
7843,TR984306,<trap_street>_<hard>_<street>
7844,TR487619,<rap_identity>_<chill>_<street>
7845,TR760049,<rap_identity>_<chill>_<street>
7846,TR322369,<rap_identity>_<hard>_<street>
7847,TR443631,<reflection_life>_<unknown>_<aggressive>
7848,TR986822,<trap_street>_<hard>_<aggressive>
7849,TR573519,<rap_identity>_<hard>_<aggressive>
7850,TR718951,<reflection_life>_<unknown>_<clean>
7851,TR169220,<reflection_life>_<chill>_<street>
7852,TR427772,<rap_identity>_<chill>_<street>
7853,TR838110,<rap_identity>_<hard>_<clean>
7854,TR929075,<rap_identity>_<chill>_<clean>
7855,TR686253,<reflection_life>_<hard>_<clean>
7856,TR626201,<rap_identity>_<unknown>_<street>
7857,TR347565,<love_poetic>_<unknown>_<clean>
7858,TR113316,<trap_street>_<hard>_<clean>
7859,TR824366,<reflection_life>_<hard>_<clean>
7860,TR803761,<rap_identity>_<hard>_<clean>
7861,TR325536,<rap_identity>_<chill>_<street>
7862,TR930548,<love_poetic>_<hard>_<clean>
7863,TR469304,<english_pop_trap>_<hard>_<street>
7864,TR677290,<rap_identity>_<chill>_<street>
7865,TR110662,<rap_identity>_<chill>_<street>
7866,TR275676,<rap_identity>_<chill>_<aggressive>
7867,TR954831,<love_poetic>_<hard>_<clean>
7868,TR431887,<rap_identity>_<chill>_<street>
7869,TR650849,<rap_identity>_<chill>_<aggressive>
7870,TR542096,<rap_identity>_<chill>_<street>
7871,TR702559,<rap_identity>_<unknown>_<street>
7872,TR605506,<rap_identity>_<chill>_<clean>
7873,TR145651,<rap_identity>_<chill>_<aggressive>
7874,TR813914,<english_pop_trap>_<hard>_<aggressive>
7875,TR543321,<reflection_life>_<unknown>_<clean>
7876,TR198580,<rap_identity>_<hard>_<clean>
7877,TR334727,<rap_identity>_<unknown>_<street>
7878,TR632738,<rap_identity>_<chill>_<clean>
7879,TR537262,<rap_identity>_<hard>_<clean>
7880,TR215619,<rap_identity>_<chill>_<street>
7881,TR442947,<rap_identity>_<unknown>_<street>
7882,TR454198,<rap_identity>_<hard>_<street>
7883,TR699729,<rap_identity>_<chill>_<street>
7884,TR630258,<english_pop_trap>_<unknown>_<clean>
7885,TR591502,<rap_identity>_<unknown>_<street>
7886,TR494588,<rap_identity>_<chill>_<clean>
7887,TR855166,<rap_identity>_<chill>_<street>
7888,TR129746,<love_poetic>_<unknown>_<street>
7889,TR679538,<rap_identity>_<unknown>_<clean>
7890,TR376361,<rap_identity>_<unknown>_<street>
7891,TR274119,<rap_identity>_<unknown>_<clean>
7892,TR714983,<rap_identity>_<unknown>_<clean>
7893,TR828201,<rap_identity>_<unknown>_<street>
7894,TR267698,<reflection_life>_<unknown>_<clean>
7895,TR908920,<english_pop_trap>_<hard>_<aggressive>
7896,TR543920,<love_poetic>_<unknown>_<clean>
7897,TR300994,<love_poetic>_<unknown>_<clean>
7898,TR596111,<rap_identity>_<hard>_<street>
7899,TR735731,<rap_identity>_<hard>_<street>
7900,TR790541,<rap_identity>_<chill>_<clean>
7901,TR489788,<rap_identity>_<unknown>_<street>
7902,TR687746,<reflection_life>_<hard>_<clean>
7903,TR158401,<rap_identity>_<unknown>_<street>
7904,TR981907,<rap_identity>_<unknown>_<clean>
7905,TR596241,<rap_identity>_<unknown>_<clean>
7906,TR474560,<reflection_life>_<unknown>_<clean>
7907,TR406392,<rap_identity>_<chill>_<clean>
7908,TR561686,<rap_identity>_<hard>_<aggressive>
7909,TR620215,<love_poetic>_<hard>_<clean>
7910,TR571186,<rap_identity>_<unknown>_<clean>
7911,TR632121,<rap_identity>_<unknown>_<street>
7912,TR126634,<reflection_life>_<unknown>_<clean>
7913,TR654184,<trap_street>_<unknown>_<clean>
7914,TR216354,<rap_identity>_<unknown>_<street>
7915,TR715936,<english_pop_trap>_<hard>_<clean>
7916,TR230791,<trap_street>_<unknown>_<street>
7917,TR399603,<rap_identity>_<hard>_<aggressive>
7918,TR510027,<rap_identity>_<chill>_<clean>
7919,TR234111,<reflection_life>_<unknown>_<clean>
7920,TR892800,<trap_street>_<chill>_<clean>
7921,TR877006,<love_poetic>_<chill>_<clean>
7922,TR483659,<love_poetic>_<unknown>_<clean>
7923,TR890214,<reflection_life>_<chill>_<clean>
7924,TR955830,<reflection_life>_<chill>_<street>
7925,TR635113,<trap_street>_<chill>_<clean>
7926,TR668650,<reflection_life>_<chill>_<clean>
7927,TR961811,<reflection_life>_<chill>_<clean>
7928,TR844206,<reflection_life>_<unknown>_<clean>
7929,TR989388,<love_poetic>_<chill>_<clean>
7930,TR678607,<trap_street>_<chill>_<clean>
7931,TR158674,<trap_street>_<chill>_<clean>
7932,TR977856,<trap_street>_<unknown>_<clean>
7933,TR693477,<love_poetic>_<chill>_<clean>
7934,TR150973,<trap_street>_<chill>_<clean>
7935,TR148932,<reflection_life>_<unknown>_<clean>
7936,TR625845,<rap_identity>_<hard>_<clean>
7937,TR200328,<trap_street>_<chill>_<clean>
7938,TR299901,<love_poetic>_<chill>_<clean>
7939,TR712135,<reflection_life>_<chill>_<street>
7940,TR832518,<reflection_life>_<chill>_<clean>
7941,TR361620,<reflection_life>_<unknown>_<clean>
7942,TR595530,<dialect_rap>_<chill>_<clean>
7943,TR859639,<trap_street>_<chill>_<street>
7944,TR170359,<trap_street>_<chill>_<clean>
7945,TR418980,<trap_street>_<chill>_<clean>
7946,TR921181,<reflection_life>_<chill>_<clean>
7947,TR829380,<reflection_life>_<chill>_<clean>
7948,TR991560,<love_poetic>_<unknown>_<clean>
7949,TR693324,<trap_street>_<chill>_<clean>
7950,TR254255,<love_poetic>_<unknown>_<clean>
7951,TR863654,<trap_street>_<chill>_<clean>
7952,TR158607,<love_poetic>_<chill>_<clean>
7953,TR809352,<reflection_life>_<hard>_<clean>
7954,TR574947,<reflection_life>_<chill>_<clean>
7955,TR788376,<love_poetic>_<chill>_<clean>
7956,TR763013,<trap_street>_<chill>_<clean>
7957,TR496485,<love_poetic>_<unknown>_<clean>
7958,TR233508,<reflection_life>_<chill>_<clean>
7959,TR497067,<trap_street>_<chill>_<street>
7960,TR579416,<trap_street>_<chill>_<clean>
7961,TR537371,<trap_street>_<chill>_<clean>
7962,TR350383,<reflection_life>_<chill>_<clean>
7963,TR699810,<love_poetic>_<chill>_<clean>
7964,TR898715,<love_poetic>_<chill>_<clean>
7965,TR910201,<love_poetic>_<chill>_<street>
7966,TR132050,<rap_identity>_<chill>_<clean>
7967,TR501979,<reflection_life>_<unknown>_<clean>
7968,TR443801,<spanish>_<chill>_<clean>
7969,TR310689,<love_poetic>_<chill>_<clean>
7970,TR605738,<reflection_life>_<chill>_<clean>
7971,TR105801,<spanish>_<chill>_<clean>
7972,TR633496,<rap_identity>_<unknown>_<clean>
7973,TR192091,<rap_identity>_<chill>_<clean>
7974,TR506975,<reflection_life>_<chill>_<clean>
7975,TR214507,<trap_street>_<chill>_<clean>
7976,TR790482,<reflection_life>_<unknown>_<clean>
7977,TR910540,<english_pop_trap>_<chill>_<street>
7978,TR471552,<trap_street>_<unknown>_<clean>
7979,TR951248,<reflection_life>_<chill>_<clean>
7980,TR620274,<trap_street>_<hard>_<clean>
7981,TR804736,<spanish>_<chill>_<clean>
7982,TR992235,<love_poetic>_<unknown>_<clean>
7983,TR494032,<love_poetic>_<unknown>_<clean>
7984,TR947769,<english_pop_trap>_<chill>_<clean>
7985,TR788730,<english_pop_trap>_<chill>_<clean>
7986,TR202174,<love_poetic>_<chill>_<clean>
7987,TR615690,<reflection_life>_<chill>_<clean>
7988,TR491271,<love_poetic>_<chill>_<clean>
7989,TR726058,<trap_street>_<chill>_<aggressive>
7990,TR801428,<trap_street>_<chill>_<clean>
7991,TR725309,<love_poetic>_<hard>_<clean>
7992,TR439836,<reflection_life>_<chill>_<clean>
7993,TR688651,<love_poetic>_<chill>_<clean>
7994,TR951879,<reflection_life>_<hard>_<clean>
7995,TR102231,<trap_street>_<chill>_<clean>
7996,TR242437,<rap_identity>_<unknown>_<clean>
7997,TR455124,<english_pop_trap>_<chill>_<street>
7998,TR773725,<rap_identity>_<chill>_<street>
7999,TR420366,<love_poetic>_<chill>_<clean>
8000,TR805267,<trap_street>_<chill>_<clean>
8001,TR499780,<reflection_life>_<unknown>_<clean>
8002,TR899025,<love_poetic>_<chill>_<clean>
8003,TR169027,<trap_street>_<chill>_<clean>
8004,TR859944,<love_poetic>_<chill>_<clean>
8005,TR374985,<rap_identity>_<chill>_<clean>
8006,TR538464,<reflection_life>_<unknown>_<street>
8007,TR414024,<english_pop_trap>_<chill>_<clean>
8008,TR881400,<love_poetic>_<chill>_<clean>
8009,TR998877,<reflection_life>_<unknown>_<clean>
8010,TR979700,<reflection_life>_<chill>_<clean>
8011,TR926580,<english_pop_trap>_<chill>_<street>
8012,TR321459,<rap_identity>_<unknown>_<clean>
8013,TR480297,<trap_street>_<chill>_<street>
8014,TR146555,<reflection_life>_<unknown>_<street>
8015,TR916568,<rap_identity>_<hard>_<clean>
8016,TR862099,<reflection_life>_<chill>_<street>
8017,TR999966,<reflection_life>_<unknown>_<clean>
8018,TR372404,<reflection_life>_<chill>_<clean>
8019,TR822484,<love_poetic>_<chill>_<street>
8020,TR236559,<rap_identity>_<chill>_<clean>
8021,TR956857,<reflection_life>_<chill>_<clean>
8022,TR131325,<love_poetic>_<chill>_<clean>
8023,TR988860,<rap_identity>_<chill>_<clean>
8024,TR828685,<reflection_life>_<chill>_<clean>
8025,TR752493,<love_poetic>_<unknown>_<clean>
8026,TR946722,<reflection_life>_<chill>_<clean>
8027,TR942614,<english_pop_trap>_<chill>_<clean>
8028,TR229569,<dialect_rap>_<chill>_<clean>
8029,TR800423,<english_pop_trap>_<chill>_<clean>
8030,TR470120,<reflection_life>_<hard>_<clean>
8031,TR703715,<reflection_life>_<unknown>_<clean>
8032,TR216265,<reflection_life>_<chill>_<clean>
8033,TR693648,<love_poetic>_<chill>_<clean>
8034,TR532094,<rap_identity>_<chill>_<clean>
8035,TR386183,<rap_identity>_<chill>_<street>
8036,TR142240,<rap_identity>_<chill>_<clean>
8037,TR678995,<rap_identity>_<chill>_<street>
8038,TR207363,<rap_identity>_<chill>_<street>
8039,TR313045,<reflection_life>_<hard>_<street>
8040,TR642867,<reflection_life>_<chill>_<clean>
8041,TR307194,<love_poetic>_<unknown>_<clean>
8042,TR153514,<rap_identity>_<hard>_<clean>
8043,TR730289,<rap_identity>_<hard>_<clean>
8044,TR824477,<rap_identity>_<unknown>_<street>
8045,TR291327,<love_poetic>_<chill>_<clean>
8046,TR360963,<love_poetic>_<chill>_<clean>
8047,TR434822,<love_poetic>_<chill>_<clean>
8048,TR277133,<reflection_life>_<unknown>_<clean>
8049,TR135203,<love_poetic>_<unknown>_<clean>
8050,TR800662,<reflection_life>_<unknown>_<clean>
8051,TR265312,<english_pop_trap>_<chill>_<clean>
8052,TR935055,<reflection_life>_<hard>_<clean>
8053,TR493754,<trap_street>_<chill>_<street>
8054,TR329592,<reflection_life>_<chill>_<street>
8055,TR499990,<love_poetic>_<unknown>_<street>
8056,TR562691,<reflection_life>_<unknown>_<clean>
8057,TR782309,<love_poetic>_<chill>_<clean>
8058,TR827667,<rap_identity>_<chill>_<street>
8059,TR242006,<reflection_life>_<chill>_<clean>
8060,TR937909,<rap_identity>_<hard>_<clean>
8061,TR973549,<love_poetic>_<chill>_<clean>
8062,TR419425,<reflection_life>_<chill>_<clean>
8063,TR799769,<reflection_life>_<chill>_<clean>
8064,TR781182,<reflection_life>_<unknown>_<clean>
8065,TR910827,<reflection_life>_<unknown>_<clean>
8066,TR790695,<love_poetic>_<unknown>_<clean>
8067,TR398462,<love_poetic>_<chill>_<clean>
8068,TR496673,<english_pop_trap>_<chill>_<clean>
8069,TR211801,<rap_identity>_<chill>_<clean>
8070,TR142934,<reflection_life>_<unknown>_<clean>
8071,TR661138,<trap_street>_<unknown>_<aggressive>
8072,TR176357,<love_poetic>_<unknown>_<clean>
8073,TR549500,<reflection_life>_<chill>_<clean>
8074,TR228828,<reflection_life>_<hard>_<clean>
8075,TR690085,<love_poetic>_<unknown>_<street>
8076,TR831746,<love_poetic>_<unknown>_<clean>
8077,TR925440,<reflection_life>_<chill>_<clean>
8078,TR703939,<love_poetic>_<unknown>_<clean>
8079,TR137731,<love_poetic>_<unknown>_<street>
8080,TR809682,<love_poetic>_<unknown>_<clean>
8081,TR511009,<love_poetic>_<chill>_<street>
8082,TR374377,<reflection_life>_<unknown>_<clean>
8083,TR448817,<love_poetic>_<unknown>_<clean>
8084,TR644079,<love_poetic>_<chill>_<clean>
8085,TR705511,<reflection_life>_<unknown>_<clean>
8086,TR666625,<rap_identity>_<unknown>_<clean>
8087,TR442720,<english_pop_trap>_<unknown>_<clean>
8088,TR780765,<english_pop_trap>_<chill>_<clean>
8089,TR818151,<love_poetic>_<unknown>_<clean>
8090,TR697138,<rap_identity>_<unknown>_<clean>
8091,TR342283,<english_pop_trap>_<hard>_<aggressive>
8092,TR134570,<love_poetic>_<unknown>_<clean>
8093,TR787978,<rap_identity>_<chill>_<street>
8094,TR497329,<love_poetic>_<unknown>_<clean>
8095,TR930166,<english_pop_trap>_<chill>_<clean>
8096,TR282051,<reflection_life>_<chill>_<clean>
8097,TR425370,<love_poetic>_<chill>_<street>
8098,TR966984,<rap_identity>_<chill>_<aggressive>
8099,TR824631,<rap_identity>_<chill>_<street>
8100,TR906072,<english_pop_trap>_<unknown>_<clean>
8101,TR596343,<reflection_life>_<hard>_<clean>
8102,TR774143,<rap_identity>_<hard>_<street>
8103,TR790676,<rap_identity>_<chill>_<clean>
8104,TR708238,<rap_identity>_<hard>_<street>
8105,TR378799,<rap_identity>_<chill>_<clean>
8106,TR935052,<reflection_life>_<chill>_<clean>
8107,TR341824,<spanish>_<chill>_<street>
8108,TR881984,<reflection_life>_<chill>_<street>
8109,TR233662,<love_poetic>_<unknown>_<clean>
8110,TR340428,<reflection_life>_<chill>_<clean>
8111,TR583177,<love_poetic>_<hard>_<clean>
8112,TR467001,<love_poetic>_<chill>_<clean>
8113,TR658793,<trap_street>_<chill>_<clean>
8114,TR997136,<love_poetic>_<chill>_<clean>
8115,TR784432,<love_poetic>_<chill>_<clean>
8116,TR292430,<rap_identity>_<unknown>_<clean>
8117,TR920643,<reflection_life>_<chill>_<street>
8118,TR861544,<love_poetic>_<hard>_<clean>
8119,TR749206,<love_poetic>_<chill>_<clean>
8120,TR399569,<love_poetic>_<hard>_<clean>
8121,TR209700,<reflection_life>_<chill>_<clean>
8122,TR530581,<love_poetic>_<hard>_<clean>
8123,TR999643,<love_poetic>_<hard>_<clean>
8124,TR466905,<trap_street>_<chill>_<clean>
8125,TR656570,<love_poetic>_<chill>_<clean>
8126,TR644312,<love_poetic>_<hard>_<clean>
8127,TR466289,<love_poetic>_<hard>_<clean>
8128,TR655051,<love_poetic>_<chill>_<clean>
8129,TR854974,<love_poetic>_<chill>_<clean>
8130,TR844748,<reflection_life>_<unknown>_<clean>
8131,TR146872,<love_poetic>_<chill>_<clean>
8132,TR377479,<love_poetic>_<hard>_<clean>
8133,TR965053,<reflection_life>_<chill>_<street>
8134,TR217431,<reflection_life>_<chill>_<clean>
8135,TR630067,<love_poetic>_<chill>_<clean>
8136,TR173551,<trap_street>_<hard>_<clean>
8137,TR455119,<reflection_life>_<hard>_<clean>
8138,TR125754,<love_poetic>_<hard>_<clean>
8139,TR311230,<love_poetic>_<chill>_<clean>
8140,TR758201,<rap_identity>_<hard>_<clean>
8141,TR487812,<love_poetic>_<chill>_<clean>
8142,TR231337,<rap_identity>_<hard>_<street>
8143,TR971252,<love_poetic>_<hard>_<clean>
8144,TR353960,<reflection_life>_<hard>_<clean>
8145,TR528496,<trap_street>_<chill>_<street>
8146,TR532049,<trap_street>_<hard>_<clean>
8147,TR982122,<love_poetic>_<chill>_<clean>
8148,TR513964,<reflection_life>_<hard>_<clean>
8149,TR485502,<love_poetic>_<hard>_<clean>
8150,TR934479,<spanish>_<chill>_<clean>
8151,TR299970,<love_poetic>_<hard>_<clean>
8152,TR564981,<love_poetic>_<hard>_<clean>
8153,TR845983,<reflection_life>_<unknown>_<clean>
8154,TR140354,<love_poetic>_<unknown>_<clean>
8155,TR859972,<love_poetic>_<hard>_<clean>
8156,TR768837,<reflection_life>_<chill>_<clean>
8157,TR286529,<love_poetic>_<chill>_<clean>
8158,TR143396,<trap_street>_<hard>_<clean>
8159,TR582764,<reflection_life>_<hard>_<street>
8160,TR566975,<love_poetic>_<hard>_<clean>
8161,TR452353,<love_poetic>_<chill>_<clean>
8162,TR794126,<love_poetic>_<hard>_<clean>
8163,TR636993,<reflection_life>_<unknown>_<clean>
8164,TR403690,<reflection_life>_<hard>_<clean>
8165,TR792942,<reflection_life>_<hard>_<clean>
8166,TR415659,<trap_street>_<hard>_<clean>
8167,TR481376,<love_poetic>_<chill>_<clean>
8168,TR493955,<love_poetic>_<chill>_<clean>
8169,TR225660,<reflection_life>_<hard>_<clean>
8170,TR504390,<reflection_life>_<unknown>_<clean>
8171,TR371255,<reflection_life>_<chill>_<clean>
8172,TR973134,<love_poetic>_<hard>_<clean>
8173,TR353868,<love_poetic>_<chill>_<clean>
8174,TR218253,<reflection_life>_<chill>_<clean>
8175,TR649709,<reflection_life>_<unknown>_<clean>
8176,TR494249,<reflection_life>_<hard>_<clean>
8177,TR550350,<reflection_life>_<hard>_<street>
8178,TR778219,<spanish>_<hard>_<clean>
8179,TR691503,<reflection_life>_<unknown>_<clean>
8180,TR227018,<reflection_life>_<unknown>_<street>
8181,TR744595,<rap_identity>_<unknown>_<street>
8182,TR109529,<rap_identity>_<unknown>_<street>
8183,TR202490,<reflection_life>_<chill>_<clean>
8184,TR620344,<love_poetic>_<chill>_<clean>
8185,TR985181,<reflection_life>_<hard>_<clean>
8186,TR983589,<love_poetic>_<hard>_<clean>
8187,TR761213,<love_poetic>_<unknown>_<clean>
8188,TR337898,<reflection_life>_<chill>_<clean>
8189,TR568204,<reflection_life>_<unknown>_<clean>
8190,TR954822,<rap_identity>_<unknown>_<aggressive>
8191,TR546406,<love_poetic>_<chill>_<clean>
8192,TR544866,<love_poetic>_<chill>_<clean>
8193,TR530419,<reflection_life>_<hard>_<clean>
8194,TR225388,<reflection_life>_<chill>_<clean>
8195,TR890715,<love_poetic>_<unknown>_<clean>
8196,TR990399,<reflection_life>_<hard>_<clean>
8197,TR539976,<love_poetic>_<chill>_<clean>
8198,TR995070,<reflection_life>_<chill>_<clean>
8199,TR510224,<reflection_life>_<unknown>_<street>
8200,TR404528,<love_poetic>_<chill>_<clean>
8201,TR227675,<love_poetic>_<hard>_<street>
8202,TR223312,<reflection_life>_<hard>_<clean>
8203,TR858402,<love_poetic>_<chill>_<clean>
8204,TR450767,<rap_identity>_<hard>_<clean>
8205,TR760985,<rap_identity>_<hard>_<street>
8206,TR784462,<love_poetic>_<unknown>_<clean>
8207,TR933902,<love_poetic>_<unknown>_<clean>
8208,TR403724,<love_poetic>_<unknown>_<clean>
8209,TR421732,<love_poetic>_<unknown>_<clean>
8210,TR432027,<rap_identity>_<unknown>_<clean>
8211,TR949709,<reflection_life>_<chill>_<street>
8212,TR845353,<love_poetic>_<unknown>_<clean>
8213,TR294980,<trap_street>_<chill>_<clean>
8214,TR267766,<love_poetic>_<unknown>_<clean>
8215,TR512263,<reflection_life>_<unknown>_<clean>
8216,TR999637,<love_poetic>_<unknown>_<clean>
8217,TR513733,<reflection_life>_<unknown>_<clean>
8218,TR519259,<love_poetic>_<unknown>_<clean>
8219,TR675359,<love_poetic>_<unknown>_<clean>
8220,TR912562,<love_poetic>_<unknown>_<clean>
8221,TR186881,<love_poetic>_<unknown>_<clean>
8222,TR441061,<spanish>_<unknown>_<clean>
8223,TR509836,<reflection_life>_<chill>_<clean>
8224,TR525805,<reflection_life>_<unknown>_<clean>
8225,TR663115,<rap_identity>_<chill>_<clean>
8226,TR310719,<rap_identity>_<chill>_<clean>
8227,TR999952,<reflection_life>_<chill>_<clean>
8228,TR209521,<rap_identity>_<hard>_<aggressive>
8229,TR663982,<love_poetic>_<unknown>_<clean>
8230,TR191508,<rap_identity>_<chill>_<street>
8231,TR386444,<love_poetic>_<hard>_<clean>
8232,TR409188,<reflection_life>_<chill>_<clean>
8233,TR600821,<rap_identity>_<chill>_<aggressive>
8234,TR160217,<rap_identity>_<hard>_<clean>
8235,TR334716,<love_poetic>_<unknown>_<clean>
8236,TR954099,<reflection_life>_<chill>_<street>
8237,TR490986,<rap_identity>_<chill>_<street>
8238,TR684800,<rap_identity>_<hard>_<clean>
8239,TR129830,<reflection_life>_<hard>_<clean>
8240,TR983560,<reflection_life>_<chill>_<clean>
8241,TR636792,<love_poetic>_<unknown>_<clean>
8242,TR416612,<rap_identity>_<chill>_<street>
8243,TR333987,<rap_identity>_<unknown>_<aggressive>
8244,TR375394,<rap_identity>_<hard>_<street>
8245,TR950990,<rap_identity>_<unknown>_<clean>
8246,TR119408,<rap_identity>_<hard>_<clean>
8247,TR399500,<love_poetic>_<hard>_<clean>
8248,TR663473,<rap_identity>_<chill>_<clean>
8249,TR816865,<reflection_life>_<chill>_<clean>
8250,TR512176,<rap_identity>_<hard>_<aggressive>
8251,TR405337,<rap_identity>_<chill>_<street>
8252,TR951310,<rap_identity>_<unknown>_<clean>
8253,TR538754,<rap_identity>_<chill>_<street>
8254,TR509547,<love_poetic>_<chill>_<clean>
8255,TR670927,<love_poetic>_<chill>_<clean>
8256,TR509081,<reflection_life>_<chill>_<clean>
8257,TR883487,<love_poetic>_<unknown>_<clean>
8258,TR364230,<love_poetic>_<chill>_<clean>
8259,TR225112,<love_poetic>_<chill>_<clean>
8260,TR578152,<rap_identity>_<chill>_<aggressive>
8261,TR247772,<reflection_life>_<chill>_<clean>
8262,TR526548,<rap_identity>_<chill>_<clean>
8263,TR508677,<rap_identity>_<chill>_<street>
8264,TR763239,<rap_identity>_<hard>_<clean>
8265,TR994972,<rap_identity>_<chill>_<street>
8266,TR986994,<love_poetic>_<unknown>_<clean>
8267,TR827112,<reflection_life>_<chill>_<clean>
8268,TR415617,<rap_identity>_<unknown>_<street>
8269,TR329835,<rap_identity>_<chill>_<street>
8270,TR928592,<reflection_life>_<chill>_<clean>
8271,TR517625,<rap_identity>_<unknown>_<clean>
8272,TR141344,<rap_identity>_<hard>_<street>
8273,TR823230,<rap_identity>_<chill>_<clean>
8274,TR428833,<rap_identity>_<chill>_<street>
8275,TR648156,<love_poetic>_<chill>_<clean>
8276,TR583808,<reflection_life>_<chill>_<street>
8277,TR796621,<rap_identity>_<chill>_<clean>
8278,TR642033,<rap_identity>_<chill>_<street>
8279,TR717996,<rap_identity>_<chill>_<clean>
8280,TR410713,<rap_identity>_<chill>_<street>
8281,TR591157,<rap_identity>_<unknown>_<clean>
8282,TR163699,<reflection_life>_<hard>_<clean>
8283,TR653487,<love_poetic>_<chill>_<clean>
8284,TR970451,<rap_identity>_<hard>_<street>
8285,TR483710,<rap_identity>_<chill>_<clean>
8286,TR458701,<reflection_life>_<chill>_<clean>
8287,TR515519,<rap_identity>_<hard>_<clean>
8288,TR302558,<love_poetic>_<chill>_<clean>
8289,TR869369,<rap_identity>_<unknown>_<clean>
8290,TR539708,<rap_identity>_<hard>_<street>
8291,TR786742,<rap_identity>_<chill>_<street>
8292,TR669746,<rap_identity>_<chill>_<clean>
8293,TR419626,<rap_identity>_<chill>_<street>
8294,TR117011,<rap_identity>_<hard>_<street>
8295,TR875229,<rap_identity>_<chill>_<clean>
8296,TR392145,<love_poetic>_<chill>_<clean>
8297,TR381597,<love_poetic>_<chill>_<clean>
8298,TR992591,<love_poetic>_<unknown>_<clean>
8299,TR932435,<rap_identity>_<hard>_<clean>
8300,TR795451,<rap_identity>_<chill>_<clean>
8301,TR218311,<rap_identity>_<hard>_<clean>
8302,TR740772,<reflection_life>_<chill>_<clean>
8303,TR306773,<rap_identity>_<unknown>_<clean>
8304,TR999943,<love_poetic>_<chill>_<clean>
8305,TR900565,<rap_identity>_<chill>_<clean>
8306,TR605093,<love_poetic>_<chill>_<clean>
8307,TR160681,<rap_identity>_<hard>_<street>
8308,TR519769,<dialect_rap>_<unknown>_<clean>
8309,TR626415,<rap_identity>_<chill>_<clean>
8310,TR472082,<rap_identity>_<hard>_<street>
8311,TR335490,<love_poetic>_<unknown>_<clean>
8312,TR267177,<rap_identity>_<hard>_<street>
8313,TR911741,<rap_identity>_<chill>_<clean>
8314,TR925179,<rap_identity>_<hard>_<aggressive>
8315,TR928494,<love_poetic>_<chill>_<clean>
8316,TR838537,<rap_identity>_<chill>_<clean>
8317,TR737227,<love_poetic>_<hard>_<clean>
8318,TR763862,<english_pop_trap>_<unknown>_<clean>
8319,TR221950,<love_poetic>_<unknown>_<clean>
8320,TR990627,<rap_identity>_<hard>_<clean>
8321,TR209376,<english_pop_trap>_<unknown>_<clean>
8322,TR978315,<rap_identity>_<hard>_<clean>
8323,TR235492,<reflection_life>_<unknown>_<clean>
8324,TR962598,<rap_identity>_<chill>_<aggressive>
8325,TR516539,<rap_identity>_<chill>_<clean>
8326,TR691812,<rap_identity>_<unknown>_<clean>
8327,TR646803,<trap_street>_<energetic>_<aggressive>
8328,TR339470,<reflection_life>_<chill>_<clean>
8329,TR663866,<trap_street>_<hard>_<clean>
8330,TR336394,<rap_identity>_<unknown>_<clean>
8331,TR473663,<love_poetic>_<unknown>_<clean>
8332,TR959661,<rap_identity>_<chill>_<street>
8333,TR978031,<rap_identity>_<chill>_<aggressive>
8334,TR788235,<rap_identity>_<chill>_<street>
8335,TR437376,<rap_identity>_<chill>_<street>
8336,TR290265,<reflection_life>_<unknown>_<clean>
8337,TR484006,<rap_identity>_<unknown>_<clean>
8338,TR909052,<trap_street>_<chill>_<clean>
8339,TR909338,<rap_identity>_<energetic>_<street>
8340,TR945339,<rap_identity>_<unknown>_<clean>
8341,TR709975,<reflection_life>_<chill>_<clean>
8342,TR226950,<love_poetic>_<hard>_<clean>
8343,TR427032,<trap_street>_<unknown>_<clean>
8344,TR583643,<trap_street>_<unknown>_<clean>
8345,TR265024,<rap_identity>_<unknown>_<clean>
8346,TR244368,<love_poetic>_<unknown>_<clean>
8347,TR181971,<reflection_life>_<energetic>_<clean>
8348,TR181501,<english_pop_trap>_<unknown>_<clean>
8349,TR822354,<love_poetic>_<energetic>_<street>
8350,TR787667,<rap_identity>_<chill>_<street>
8351,TR874968,<reflection_life>_<unknown>_<clean>
8352,TR191272,<trap_street>_<unknown>_<street>
8353,TR141303,<rap_identity>_<unknown>_<street>
8354,TR109667,<reflection_life>_<unknown>_<clean>
8355,TR668678,<love_poetic>_<chill>_<clean>
8356,TR780849,<rap_identity>_<unknown>_<street>
8357,TR853574,<trap_street>_<energetic>_<clean>
8358,TR955863,<rap_identity>_<hard>_<street>
8359,TR394703,<rap_identity>_<unknown>_<street>
8360,TR245407,<love_poetic>_<chill>_<clean>
8361,TR436288,<trap_street>_<hard>_<clean>
8362,TR400674,<spanish>_<unknown>_<clean>
8363,TR164391,<trap_street>_<unknown>_<aggressive>
8364,TR743266,<trap_street>_<energetic>_<clean>
8365,TR779886,<rap_identity>_<unknown>_<clean>
8366,TR978369,<trap_street>_<unknown>_<clean>
8367,TR956996,<love_poetic>_<chill>_<clean>
8368,TR393663,<rap_identity>_<unknown>_<clean>
8369,TR991203,<love_poetic>_<energetic>_<clean>
8370,TR997035,<trap_street>_<unknown>_<clean>
8371,TR719913,<trap_street>_<unknown>_<clean>
8372,TR323399,<reflection_life>_<hard>_<clean>
8373,TR478112,<love_poetic>_<unknown>_<clean>
8374,TR651139,<trap_street>_<unknown>_<street>
8375,TR563117,<love_poetic>_<energetic>_<clean>
8376,TR920615,<reflection_life>_<hard>_<clean>
8377,TR315167,<rap_identity>_<chill>_<street>
8378,TR157721,<rap_identity>_<energetic>_<street>
8379,TR119380,<love_poetic>_<unknown>_<clean>
8380,TR247724,<reflection_life>_<chill>_<clean>
8381,TR797668,<reflection_life>_<unknown>_<clean>
8382,TR401877,<love_poetic>_<unknown>_<clean>
8383,TR813844,<love_poetic>_<energetic>_<clean>
8384,TR183946,<rap_identity>_<chill>_<clean>
8385,TR376353,<love_poetic>_<energetic>_<clean>
8386,TR631728,<love_poetic>_<energetic>_<clean>
8387,TR588331,<rap_identity>_<energetic>_<clean>
8388,TR309304,<love_poetic>_<energetic>_<clean>
8389,TR371469,<love_poetic>_<chill>_<clean>
8390,TR830683,<trap_street>_<energetic>_<clean>
8391,TR665187,<reflection_life>_<energetic>_<clean>
8392,TR846159,<rap_identity>_<unknown>_<aggressive>
8393,TR817269,<rap_identity>_<unknown>_<clean>
8394,TR887434,<rap_identity>_<chill>_<clean>
8395,TR542998,<love_poetic>_<unknown>_<street>
8396,TR624746,<love_poetic>_<chill>_<clean>
8397,TR402834,<reflection_life>_<unknown>_<clean>
8398,TR907142,<love_poetic>_<chill>_<clean>
8399,TR762814,<love_poetic>_<chill>_<clean>
8400,TR983328,<love_poetic>_<chill>_<clean>
8401,TR179281,<love_poetic>_<chill>_<clean>
8402,TR555252,<reflection_life>_<chill>_<clean>
8403,TR545770,<english_pop_trap>_<chill>_<clean>
8404,TR479435,<rap_identity>_<chill>_<aggressive>
8405,TR551915,<reflection_life>_<chill>_<clean>
8406,TR745049,<love_poetic>_<unknown>_<street>
8407,TR714156,<reflection_life>_<hard>_<clean>
8408,TR123359,<rap_identity>_<chill>_<street>
8409,TR140465,<love_poetic>_<hard>_<clean>
8410,TR783891,<reflection_life>_<hard>_<clean>
8411,TR296152,<love_poetic>_<chill>_<clean>
8412,TR777477,<love_poetic>_<hard>_<clean>
8413,TR512581,<love_poetic>_<chill>_<clean>
8414,TR699588,<rap_identity>_<hard>_<clean>
8415,TR107542,<love_poetic>_<chill>_<clean>
8416,TR305572,<love_poetic>_<hard>_<clean>
8417,TR911164,<love_poetic>_<chill>_<clean>
8418,TR670579,<love_poetic>_<hard>_<clean>
8419,TR363762,<dialect_rap>_<unknown>_<clean>
8420,TR737541,<love_poetic>_<unknown>_<clean>
8421,TR684103,<rap_identity>_<chill>_<clean>
8422,TR332412,<rap_identity>_<hard>_<clean>
8423,TR364619,<love_poetic>_<chill>_<clean>
8424,TR793252,<reflection_life>_<unknown>_<clean>
8425,TR825697,<love_poetic>_<hard>_<clean>
8426,TR295294,<reflection_life>_<chill>_<clean>
8427,TR865852,<love_poetic>_<hard>_<clean>
8428,TR342992,<love_poetic>_<hard>_<clean>
8429,TR431433,<rap_identity>_<hard>_<clean>
8430,TR238435,<love_poetic>_<hard>_<clean>
8431,TR917262,<reflection_life>_<unknown>_<clean>
8432,TR342646,<love_poetic>_<hard>_<clean>
8433,TR604451,<love_poetic>_<chill>_<clean>
8434,TR140447,<rap_identity>_<hard>_<clean>
8435,TR187681,<love_poetic>_<chill>_<clean>
8436,TR386504,<rap_identity>_<hard>_<clean>
8437,TR878007,<reflection_life>_<chill>_<clean>
8438,TR677784,<reflection_life>_<hard>_<clean>
8439,TR252540,<love_poetic>_<chill>_<clean>
8440,TR781400,<love_poetic>_<chill>_<clean>
8441,TR675234,<love_poetic>_<chill>_<clean>
8442,TR798856,<english_pop_trap>_<hard>_<clean>
8443,TR648809,<reflection_life>_<hard>_<street>
8444,TR426835,<love_poetic>_<hard>_<clean>
8445,TR144209,<rap_identity>_<chill>_<clean>
8446,TR535615,<love_poetic>_<hard>_<clean>
8447,TR142917,<love_poetic>_<hard>_<clean>
8448,TR884396,<love_poetic>_<chill>_<clean>
8449,TR863204,<rap_identity>_<chill>_<clean>
8450,TR348559,<love_poetic>_<chill>_<clean>
8451,TR304832,<love_poetic>_<unknown>_<clean>
8452,TR497724,<reflection_life>_<chill>_<clean>
8453,TR831947,<reflection_life>_<hard>_<clean>
8454,TR910536,<reflection_life>_<unknown>_<clean>
8455,TR960936,<reflection_life>_<unknown>_<clean>
8456,TR277994,<love_poetic>_<chill>_<street>
8457,TR583494,<reflection_life>_<hard>_<clean>
8458,TR569232,<reflection_life>_<hard>_<clean>
8459,TR882012,<reflection_life>_<hard>_<clean>
8460,TR189794,<rap_identity>_<chill>_<clean>
8461,TR698399,<rap_identity>_<unknown>_<clean>
8462,TR963330,<love_poetic>_<chill>_<clean>
8463,TR132764,<love_poetic>_<unknown>_<clean>
8464,TR898549,<reflection_life>_<chill>_<clean>
8465,TR310628,<reflection_life>_<chill>_<clean>
8466,TR292602,<love_poetic>_<chill>_<clean>
8467,TR273183,<love_poetic>_<chill>_<clean>
8468,TR315751,<love_poetic>_<chill>_<clean>
8469,TR779715,<reflection_life>_<hard>_<clean>
8470,TR566177,<english_pop_trap>_<chill>_<clean>
8471,TR672088,<spanish>_<unknown>_<clean>
8472,TR710324,<reflection_life>_<chill>_<clean>
8473,TR122493,<rap_identity>_<unknown>_<clean>
8474,TR359081,<english_pop_trap>_<unknown>_<clean>
8475,TR535407,<love_poetic>_<chill>_<clean>
8476,TR747185,<love_poetic>_<unknown>_<clean>
8477,TR268274,<reflection_life>_<chill>_<clean>
8478,TR943153,<reflection_life>_<chill>_<clean>
8479,TR189072,<rap_identity>_<unknown>_<street>
8480,TR864554,<reflection_life>_<unknown>_<clean>
8481,TR406560,<rap_identity>_<chill>_<street>
8482,TR916722,<love_poetic>_<unknown>_<clean>
8483,TR514802,<rap_identity>_<hard>_<clean>
8484,TR683289,<love_poetic>_<unknown>_<clean>
8485,TR969778,<love_poetic>_<unknown>_<clean>
8486,TR453816,<rap_identity>_<unknown>_<clean>
8487,TR157768,<english_pop_trap>_<unknown>_<street>
8488,TR553989,<rap_identity>_<hard>_<clean>
8489,TR568104,<reflection_life>_<unknown>_<clean>
8490,TR377717,<trap_street>_<hard>_<street>
8491,TR873361,<trap_street>_<hard>_<street>
8492,TR156840,<trap_street>_<chill>_<clean>
8493,TR948244,<trap_street>_<hard>_<aggressive>
8494,TR423996,<trap_street>_<hard>_<street>
8495,TR309272,<trap_street>_<unknown>_<aggressive>
8496,TR687068,<trap_street>_<chill>_<aggressive>
8497,TR726118,<trap_street>_<unknown>_<clean>
8498,TR279775,<trap_street>_<hard>_<street>
8499,TR827223,<trap_street>_<hard>_<aggressive>
8500,TR697841,<trap_street>_<hard>_<aggressive>
8501,TR300377,<trap_street>_<chill>_<street>
8502,TR239607,<trap_street>_<chill>_<clean>
8503,TR253976,<reflection_life>_<chill>_<clean>
8504,TR414219,<trap_street>_<hard>_<street>
8505,TR325903,<trap_street>_<hard>_<street>
8506,TR649723,<trap_street>_<hard>_<aggressive>
8507,TR999988,<trap_street>_<hard>_<aggressive>
8508,TR286646,<trap_street>_<chill>_<street>
8509,TR438217,<trap_street>_<hard>_<aggressive>
8510,TR222349,<trap_street>_<hard>_<clean>
8511,TR770107,<trap_street>_<hard>_<street>
8512,TR946021,<trap_street>_<chill>_<aggressive>
8513,TR335489,<trap_street>_<chill>_<aggressive>
8514,TR348514,<trap_street>_<hard>_<street>
8515,TR692686,<trap_street>_<hard>_<aggressive>
8516,TR999984,<trap_street>_<chill>_<clean>
8517,TR787233,<trap_street>_<hard>_<street>
8518,TR588330,<trap_street>_<hard>_<aggressive>
8519,TR349006,<trap_street>_<hard>_<aggressive>
8520,TR833563,<trap_street>_<hard>_<clean>
8521,TR976608,<trap_street>_<hard>_<aggressive>
8522,TR497154,<trap_street>_<hard>_<clean>
8523,TR979554,<trap_street>_<hard>_<clean>
8524,TR316741,<trap_street>_<chill>_<street>
8525,TR653977,<trap_street>_<hard>_<clean>
8526,TR763904,<trap_street>_<hard>_<aggressive>
8527,TR660768,<trap_street>_<hard>_<street>
8528,TR418655,<trap_street>_<unknown>_<street>
8529,TR662316,<trap_street>_<hard>_<street>
8530,TR816683,<trap_street>_<hard>_<street>
8531,TR307986,<trap_street>_<unknown>_<street>
8532,TR223291,<trap_street>_<hard>_<street>
8533,TR852107,<trap_street>_<hard>_<aggressive>
8534,TR581326,<trap_street>_<hard>_<street>
8535,TR660367,<trap_street>_<hard>_<street>
8536,TR649327,<trap_street>_<chill>_<street>
8537,TR447835,<trap_street>_<hard>_<street>
8538,TR617609,<trap_street>_<chill>_<aggressive>
8539,TR139105,<trap_street>_<chill>_<street>
8540,TR747845,<trap_street>_<chill>_<aggressive>
8541,TR773440,<trap_street>_<chill>_<aggressive>
8542,TR892187,<trap_street>_<chill>_<street>
8543,TR159370,<trap_street>_<chill>_<clean>
8544,TR223502,<trap_street>_<hard>_<clean>
8545,TR908937,<trap_street>_<hard>_<clean>
8546,TR893191,<trap_street>_<unknown>_<aggressive>
8547,TR393879,<love_poetic>_<unknown>_<clean>
8548,TR358353,<trap_street>_<chill>_<clean>
8549,TR887149,<trap_street>_<hard>_<street>
8550,TR770127,<trap_street>_<hard>_<aggressive>
8551,TR732283,<trap_street>_<hard>_<aggressive>
8552,TR307896,<trap_street>_<chill>_<clean>
8553,TR661770,<trap_street>_<hard>_<aggressive>
8554,TR975373,<trap_street>_<hard>_<street>
8555,TR459313,<trap_street>_<unknown>_<street>
8556,TR203703,<trap_street>_<hard>_<aggressive>
8557,TR579408,<trap_street>_<chill>_<clean>
8558,TR490098,<trap_street>_<hard>_<clean>
8559,TR463021,<trap_street>_<chill>_<street>
8560,TR244611,<trap_street>_<chill>_<street>
8561,TR643344,<trap_street>_<hard>_<street>
8562,TR764608,<trap_street>_<hard>_<clean>
8563,TR133584,<trap_street>_<unknown>_<street>
8564,TR833839,<trap_street>_<hard>_<street>
8565,TR184734,<trap_street>_<chill>_<clean>
8566,TR385417,<trap_street>_<hard>_<street>
8567,TR976492,<trap_street>_<hard>_<street>
8568,TR403430,<trap_street>_<hard>_<street>
8569,TR885389,<trap_street>_<hard>_<clean>
8570,TR809205,<trap_street>_<hard>_<street>
8571,TR309627,<trap_street>_<hard>_<clean>
8572,TR629860,<trap_street>_<chill>_<clean>
8573,TR641982,<trap_street>_<hard>_<clean>
8574,TR102982,<trap_street>_<hard>_<aggressive>
8575,TR597162,<trap_street>_<chill>_<street>
8576,TR365567,<trap_street>_<chill>_<clean>
8577,TR399262,<trap_street>_<chill>_<aggressive>
8578,TR471959,<trap_street>_<hard>_<street>
8579,TR810499,<trap_street>_<hard>_<aggressive>
8580,TR500012,<trap_street>_<hard>_<clean>
8581,TR365962,<trap_street>_<hard>_<clean>
8582,TR509364,<trap_street>_<chill>_<street>
8583,TR940343,<trap_street>_<unknown>_<street>
8584,TR861799,<trap_street>_<hard>_<clean>
8585,TR552776,<trap_street>_<hard>_<clean>
8586,TR907406,<trap_street>_<hard>_<street>
8587,TR467260,<trap_street>_<unknown>_<aggressive>
8588,TR938030,<trap_street>_<unknown>_<clean>
8589,TR709053,<trap_street>_<hard>_<street>
8590,TR396133,<trap_street>_<hard>_<aggressive>
8591,TR602934,<trap_street>_<hard>_<clean>
8592,TR467946,<trap_street>_<hard>_<street>
8593,TR988416,<trap_street>_<hard>_<aggressive>
8594,TR806240,<trap_street>_<hard>_<clean>
8595,TR722551,<trap_street>_<hard>_<clean>
8596,TR518535,<trap_street>_<hard>_<street>
8597,TR781992,<trap_street>_<hard>_<street>
8598,TR158506,<trap_street>_<chill>_<clean>
8599,TR786358,<trap_street>_<chill>_<clean>
8600,TR278618,<trap_street>_<chill>_<clean>
8601,TR919295,<trap_street>_<hard>_<street>
8602,TR381405,<trap_street>_<hard>_<aggressive>
8603,TR278600,<trap_street>_<hard>_<clean>
8604,TR510369,<trap_street>_<chill>_<aggressive>
8605,TR291174,<trap_street>_<hard>_<clean>
8606,TR804058,<trap_street>_<chill>_<clean>
8607,TR272837,<trap_street>_<hard>_<aggressive>
8608,TR291071,<trap_street>_<unknown>_<street>
8609,TR266104,<trap_street>_<hard>_<clean>
8610,TR501037,<trap_street>_<hard>_<aggressive>
8611,TR480533,<trap_street>_<hard>_<aggressive>
8612,TR555139,<trap_street>_<unknown>_<clean>
8613,TR457107,<trap_street>_<chill>_<street>
8614,TR275768,<trap_street>_<hard>_<street>
8615,TR212648,<trap_street>_<unknown>_<clean>
8616,TR994707,<trap_street>_<hard>_<clean>
8617,TR400333,<trap_street>_<hard>_<clean>
8618,TR211694,<trap_street>_<hard>_<street>
8619,TR194751,<trap_street>_<unknown>_<street>
8620,TR885562,<trap_street>_<hard>_<street>
8621,TR511024,<reflection_life>_<chill>_<clean>
8622,TR667139,<rap_identity>_<chill>_<clean>
8623,TR343997,<love_poetic>_<hard>_<clean>
8624,TR740885,<rap_identity>_<chill>_<clean>
8625,TR314913,<love_poetic>_<hard>_<clean>
8626,TR522664,<love_poetic>_<hard>_<clean>
8627,TR446662,<rap_identity>_<chill>_<clean>
8628,TR564436,<love_poetic>_<unknown>_<clean>
8629,TR314076,<love_poetic>_<chill>_<clean>
8630,TR602087,<rap_identity>_<chill>_<street>
8631,TR709162,<reflection_life>_<hard>_<clean>
8632,TR586114,<love_poetic>_<hard>_<clean>
8633,TR646861,<love_poetic>_<chill>_<clean>
8634,TR566096,<reflection_life>_<chill>_<clean>
8635,TR615214,<rap_identity>_<hard>_<clean>
8636,TR108556,<love_poetic>_<unknown>_<clean>
8637,TR310434,<love_poetic>_<hard>_<clean>
8638,TR533549,<rap_identity>_<chill>_<clean>
8639,TR419799,<rap_identity>_<chill>_<clean>
8640,TR961627,<rap_identity>_<chill>_<clean>
8641,TR826357,<reflection_life>_<chill>_<clean>
8642,TR526853,<love_poetic>_<hard>_<clean>
8643,TR643903,<love_poetic>_<chill>_<clean>
8644,TR566038,<rap_identity>_<chill>_<clean>
8645,TR301317,<rap_identity>_<chill>_<clean>
8646,TR243688,<love_poetic>_<hard>_<clean>
8647,TR338535,<reflection_life>_<chill>_<clean>
8648,TR887974,<reflection_life>_<chill>_<clean>
8649,TR707482,<reflection_life>_<chill>_<clean>
8650,TR177210,<rap_identity>_<hard>_<clean>
8651,TR148059,<rap_identity>_<hard>_<street>
8652,TR417563,<rap_identity>_<unknown>_<clean>
8653,TR295218,<rap_identity>_<chill>_<street>
8654,TR161500,<rap_identity>_<unknown>_<clean>
8655,TR522570,<reflection_life>_<chill>_<clean>
8656,TR944851,<reflection_life>_<chill>_<clean>
8657,TR366878,<rap_identity>_<hard>_<clean>
8658,TR179511,<rap_identity>_<unknown>_<street>
8659,TR196306,<reflection_life>_<chill>_<clean>
8660,TR372833,<english_pop_trap>_<unknown>_<clean>
8661,TR511196,<rap_identity>_<unknown>_<clean>
8662,TR999955,<love_poetic>_<chill>_<clean>
8663,TR964259,<reflection_life>_<unknown>_<clean>
8664,TR375090,<reflection_life>_<chill>_<clean>
8665,TR771273,<love_poetic>_<hard>_<clean>
8666,TR837084,<reflection_life>_<hard>_<clean>
8667,TR938888,<reflection_life>_<chill>_<clean>
8668,TR796197,<rap_identity>_<unknown>_<street>
8669,TR171089,<english_pop_trap>_<unknown>_<clean>
8670,TR986789,<reflection_life>_<chill>_<clean>
8671,TR376707,<reflection_life>_<unknown>_<clean>
8672,TR115754,<reflection_life>_<chill>_<clean>
8673,TR982348,<love_poetic>_<chill>_<clean>
8674,TR505069,<reflection_life>_<chill>_<clean>
8675,TR492170,<english_pop_trap>_<unknown>_<clean>
8676,TR221023,<love_poetic>_<chill>_<clean>
8677,TR180813,<reflection_life>_<unknown>_<clean>
8678,TR919504,<rap_identity>_<unknown>_<clean>
8679,TR414741,<rap_identity>_<unknown>_<street>
8680,TR628964,<love_poetic>_<chill>_<clean>
8681,TR286229,<love_poetic>_<chill>_<clean>
8682,TR926919,<reflection_life>_<unknown>_<clean>
8683,TR354320,<reflection_life>_<unknown>_<street>
8684,TR735740,<reflection_life>_<unknown>_<clean>
8685,TR598417,<love_poetic>_<unknown>_<clean>
8686,TR508764,<love_poetic>_<hard>_<clean>
8687,TR883574,<reflection_life>_<chill>_<clean>
8688,TR808243,<rap_identity>_<hard>_<clean>
8689,TR678984,<english_pop_trap>_<unknown>_<clean>
8690,TR497745,<rap_identity>_<unknown>_<clean>
8691,TR324775,<reflection_life>_<chill>_<street>
8692,TR172763,<reflection_life>_<hard>_<clean>
8693,TR124659,<reflection_life>_<unknown>_<clean>
8694,TR432016,<reflection_life>_<chill>_<clean>
8695,TR991026,<reflection_life>_<chill>_<clean>
8696,TR313049,<reflection_life>_<unknown>_<clean>
8697,TR601133,<reflection_life>_<unknown>_<clean>
8698,TR103294,<reflection_life>_<hard>_<clean>
8699,TR195148,<reflection_life>_<unknown>_<clean>
8700,TR146052,<reflection_life>_<chill>_<clean>
8701,TR836331,<reflection_life>_<chill>_<street>
8702,TR567681,<rap_identity>_<hard>_<clean>
8703,TR936292,<reflection_life>_<unknown>_<clean>
8704,TR188543,<reflection_life>_<unknown>_<clean>
8705,TR123570,<reflection_life>_<chill>_<clean>
8706,TR382106,<love_poetic>_<unknown>_<clean>
8707,TR916110,<reflection_life>_<chill>_<clean>
8708,TR760658,<reflection_life>_<chill>_<clean>
8709,TR648930,<spanish>_<unknown>_<street>
8710,TR496081,<reflection_life>_<hard>_<clean>
8711,TR103312,<reflection_life>_<chill>_<clean>
8712,TR758203,<rap_identity>_<chill>_<clean>
8713,TR171967,<reflection_life>_<unknown>_<clean>
8714,TR229788,<reflection_life>_<unknown>_<clean>
8715,TR563938,<reflection_life>_<chill>_<street>
8716,TR137616,<rap_identity>_<hard>_<street>
8717,TR570882,<love_poetic>_<hard>_<clean>
8718,TR251318,<reflection_life>_<unknown>_<clean>
8719,TR984463,<reflection_life>_<chill>_<clean>
8720,TR537337,<love_poetic>_<chill>_<clean>
8721,TR620271,<love_poetic>_<chill>_<clean>
8722,TR141379,<english_pop_trap>_<unknown>_<clean>
8723,TR927639,<love_poetic>_<chill>_<clean>
8724,TR195496,<love_poetic>_<unknown>_<clean>
8725,TR936050,<reflection_life>_<chill>_<clean>
8726,TR400077,<rap_identity>_<chill>_<clean>
8727,TR165304,<rap_identity>_<chill>_<clean>
8728,TR487204,<reflection_life>_<chill>_<clean>
8729,TR865125,<love_poetic>_<chill>_<clean>
8730,TR883955,<english_pop_trap>_<chill>_<clean>
8731,TR271401,<rap_identity>_<chill>_<street>
8732,TR508589,<reflection_life>_<chill>_<clean>
8733,TR477503,<rap_identity>_<hard>_<clean>
8734,TR999989,<reflection_life>_<chill>_<clean>
8735,TR888668,<english_pop_trap>_<chill>_<clean>
8736,TR633807,<reflection_life>_<chill>_<clean>
8737,TR141852,<rap_identity>_<chill>_<clean>
8738,TR449266,<love_poetic>_<chill>_<clean>
8739,TR999959,<dialect_rap>_<chill>_<clean>
8740,TR676300,<love_poetic>_<chill>_<clean>
8741,TR514825,<rap_identity>_<chill>_<clean>
8742,TR260727,<rap_identity>_<chill>_<clean>
8743,TR492444,<rap_identity>_<chill>_<street>
8744,TR707306,<reflection_life>_<chill>_<clean>
8745,TR507811,<reflection_life>_<chill>_<aggressive>
8746,TR754273,<rap_identity>_<chill>_<aggressive>
8747,TR566794,<rap_identity>_<chill>_<clean>
8748,TR999944,<love_poetic>_<chill>_<clean>
8749,TR130325,<english_pop_trap>_<chill>_<street>
8750,TR194535,<love_poetic>_<chill>_<clean>
8751,TR538761,<love_poetic>_<chill>_<clean>
8752,TR203439,<trap_street>_<chill>_<clean>
8753,TR555549,<love_poetic>_<chill>_<clean>
8754,TR419515,<rap_identity>_<hard>_<clean>
8755,TR890090,<love_poetic>_<hard>_<clean>
8756,TR825873,<rap_identity>_<chill>_<clean>
8757,TR963782,<reflection_life>_<energetic>_<clean>
8758,TR679183,<love_poetic>_<energetic>_<clean>
8759,TR724769,<trap_street>_<energetic>_<clean>
8760,TR125984,<reflection_life>_<energetic>_<clean>
8761,TR570716,<love_poetic>_<energetic>_<clean>
8762,TR547213,<reflection_life>_<energetic>_<street>
8763,TR752863,<reflection_life>_<energetic>_<clean>
8764,TR659199,<love_poetic>_<energetic>_<clean>
8765,TR267791,<love_poetic>_<energetic>_<clean>
8766,TR892618,<reflection_life>_<energetic>_<clean>
8767,TR383303,<reflection_life>_<energetic>_<clean>
8768,TR133859,<rap_identity>_<energetic>_<street>
8769,TR384929,<reflection_life>_<energetic>_<clean>
8770,TR586664,<rap_identity>_<energetic>_<clean>
8771,TR766588,<spanish>_<energetic>_<clean>
8772,TR248028,<rap_identity>_<hard>_<clean>
8773,TR265774,<trap_street>_<hard>_<aggressive>
8774,TR142991,<english_pop_trap>_<chill>_<street>
8775,TR541255,<trap_street>_<chill>_<street>
8776,TR412568,<love_poetic>_<hard>_<street>
8777,TR752302,<english_pop_trap>_<chill>_<street>
8778,TR733342,<trap_street>_<hard>_<clean>
8779,TR659740,<english_pop_trap>_<chill>_<clean>
8780,TR175357,<trap_street>_<chill>_<street>
8781,TR105127,<trap_street>_<hard>_<street>
8782,TR480999,<english_pop_trap>_<chill>_<clean>
8783,TR204356,<trap_street>_<hard>_<clean>
8784,TR360732,<english_pop_trap>_<hard>_<street>
8785,TR949585,<trap_street>_<hard>_<street>
8786,TR277298,<english_pop_trap>_<chill>_<clean>
8787,TR967416,<reflection_life>_<unknown>_<clean>
8788,TR377875,<english_pop_trap>_<chill>_<street>
8789,TR477266,<trap_street>_<hard>_<street>
8790,TR112231,<trap_street>_<hard>_<clean>
8791,TR647157,<reflection_life>_<chill>_<clean>
8792,TR696704,<english_pop_trap>_<hard>_<clean>
8793,TR255297,<trap_street>_<chill>_<clean>
8794,TR665122,<reflection_life>_<hard>_<clean>
8795,TR659788,<english_pop_trap>_<hard>_<aggressive>
8796,TR912958,<trap_street>_<hard>_<clean>
8797,TR437637,<english_pop_trap>_<chill>_<clean>
8798,TR714029,<trap_street>_<hard>_<clean>
8799,TR244054,<english_pop_trap>_<unknown>_<clean>
8800,TR532659,<reflection_life>_<hard>_<street>
8801,TR256110,<trap_street>_<chill>_<clean>
8802,TR575358,<rap_identity>_<hard>_<street>
8803,TR337040,<spanish>_<hard>_<aggressive>
8804,TR670451,<trap_street>_<chill>_<aggressive>
8805,TR389267,<trap_street>_<hard>_<street>
8806,TR383439,<trap_street>_<hard>_<street>
8807,TR363330,<reflection_life>_<chill>_<clean>
8808,TR658493,<trap_street>_<hard>_<clean>
8809,TR523384,<english_pop_trap>_<unknown>_<street>
8810,TR108085,<rap_identity>_<hard>_<street>
8811,TR869398,<rap_identity>_<chill>_<aggressive>
8812,TR797255,<trap_street>_<hard>_<clean>
8813,TR926311,<reflection_life>_<hard>_<clean>
8814,TR705352,<trap_street>_<hard>_<clean>
8815,TR139477,<trap_street>_<hard>_<aggressive>
8816,TR346016,<love_poetic>_<hard>_<clean>
8817,TR865523,<trap_street>_<hard>_<street>
8818,TR334523,<reflection_life>_<hard>_<clean>
8819,TR606179,<trap_street>_<hard>_<street>
8820,TR441110,<trap_street>_<hard>_<street>
8821,TR236523,<trap_street>_<hard>_<aggressive>
8822,TR905149,<love_poetic>_<hard>_<clean>
8823,TR644905,<trap_street>_<hard>_<clean>
8824,TR385636,<trap_street>_<hard>_<street>
8825,TR859369,<trap_street>_<hard>_<street>
8826,TR514963,<trap_street>_<hard>_<street>
8827,TR491553,<reflection_life>_<hard>_<clean>
8828,TR442053,<trap_street>_<hard>_<street>
8829,TR843669,<trap_street>_<hard>_<clean>
8830,TR325269,<love_poetic>_<hard>_<clean>
8831,TR580830,<trap_street>_<hard>_<aggressive>
8832,TR327841,<trap_street>_<hard>_<street>
8833,TR420971,<love_poetic>_<hard>_<clean>
8834,TR791935,<trap_street>_<hard>_<clean>
8835,TR111911,<trap_street>_<hard>_<clean>
8836,TR452763,<trap_street>_<hard>_<clean>
8837,TR825451,<trap_street>_<hard>_<clean>
8838,TR751693,<reflection_life>_<chill>_<clean>
8839,TR164881,<rap_identity>_<hard>_<street>
8840,TR898976,<trap_street>_<unknown>_<clean>
8841,TR363071,<trap_street>_<hard>_<clean>
8842,TR746933,<trap_street>_<hard>_<clean>
8843,TR476680,<rap_identity>_<hard>_<street>
8844,TR471837,<love_poetic>_<hard>_<clean>
8845,TR157398,<trap_street>_<hard>_<clean>
8846,TR947154,<trap_street>_<hard>_<street>
8847,TR366709,<trap_street>_<hard>_<street>
8848,TR610888,<reflection_life>_<hard>_<street>
8849,TR978442,<love_poetic>_<hard>_<street>
8850,TR673485,<trap_street>_<hard>_<clean>
8851,TR543951,<trap_street>_<hard>_<street>
8852,TR984197,<trap_street>_<hard>_<aggressive>
8853,TR235215,<trap_street>_<hard>_<street>
8854,TR445107,<trap_street>_<hard>_<clean>
8855,TR724302,<trap_street>_<unknown>_<clean>
8856,TR610750,<reflection_life>_<unknown>_<clean>
8857,TR397236,<trap_street>_<unknown>_<aggressive>
8858,TR448119,<reflection_life>_<unknown>_<aggressive>
8859,TR216132,<trap_street>_<hard>_<clean>
8860,TR119361,<trap_street>_<hard>_<street>
8861,TR398941,<trap_street>_<hard>_<clean>
8862,TR148206,<rap_identity>_<hard>_<street>
8863,TR170594,<trap_street>_<hard>_<clean>
8864,TR417535,<reflection_life>_<hard>_<clean>
8865,TR816264,<rap_identity>_<hard>_<clean>
8866,TR778907,<trap_street>_<hard>_<street>
8867,TR240588,<rap_identity>_<unknown>_<aggressive>
8868,TR337193,<trap_street>_<unknown>_<clean>
8869,TR774407,<trap_street>_<unknown>_<street>
8870,TR269349,<trap_street>_<hard>_<clean>
8871,TR144506,<trap_street>_<hard>_<aggressive>
8872,TR873487,<rap_identity>_<unknown>_<street>
8873,TR588211,<english_pop_trap>_<unknown>_<clean>
8874,TR955525,<rap_identity>_<unknown>_<street>
8875,TR109208,<trap_street>_<hard>_<clean>
8876,TR551322,<reflection_life>_<unknown>_<clean>
8877,TR513271,<rap_identity>_<hard>_<clean>
8878,TR978319,<trap_street>_<hard>_<aggressive>
8879,TR918965,<love_poetic>_<unknown>_<clean>
8880,TR913822,<love_poetic>_<unknown>_<clean>
8881,TR835956,<rap_identity>_<hard>_<clean>
8882,TR963242,<love_poetic>_<unknown>_<clean>
8883,TR974411,<love_poetic>_<chill>_<clean>
8884,TR343085,<love_poetic>_<unknown>_<clean>
8885,TR519016,<reflection_life>_<chill>_<clean>
8886,TR415789,<love_poetic>_<unknown>_<clean>
8887,TR217190,<trap_street>_<unknown>_<clean>
8888,TR458005,<rap_identity>_<unknown>_<aggressive>
8889,TR951474,<reflection_life>_<hard>_<clean>
8890,TR973430,<rap_identity>_<hard>_<street>
8891,TR708868,<spanish>_<hard>_<clean>
8892,TR318122,<love_poetic>_<unknown>_<clean>
8893,TR373731,<trap_street>_<hard>_<clean>
8894,TR653811,<love_poetic>_<chill>_<clean>
8895,TR551075,<reflection_life>_<hard>_<clean>
8896,TR877958,<love_poetic>_<unknown>_<clean>
8897,TR776963,<love_poetic>_<hard>_<clean>
8898,TR978183,<rap_identity>_<unknown>_<clean>
8899,TR312416,<rap_identity>_<unknown>_<clean>
8900,TR457996,<rap_identity>_<hard>_<clean>
8901,TR950768,<rap_identity>_<unknown>_<clean>
8902,TR362099,<love_poetic>_<unknown>_<street>
8903,TR430552,<love_poetic>_<unknown>_<aggressive>
8904,TR794750,<love_poetic>_<hard>_<clean>
8905,TR102539,<love_poetic>_<unknown>_<clean>
8906,TR496627,<spanish>_<hard>_<street>
8907,TR651121,<trap_street>_<chill>_<clean>
8908,TR688381,<rap_identity>_<hard>_<street>
8909,TR634011,<reflection_life>_<chill>_<clean>
8910,TR988504,<reflection_life>_<unknown>_<clean>
8911,TR856673,<trap_street>_<hard>_<clean>
8912,TR936547,<trap_street>_<hard>_<clean>
8913,TR434101,<reflection_life>_<hard>_<clean>
8914,TR896862,<love_poetic>_<chill>_<clean>
8915,TR846681,<trap_street>_<hard>_<clean>
8916,TR132998,<trap_street>_<hard>_<clean>
8917,TR506220,<rap_identity>_<chill>_<clean>
8918,TR298008,<rap_identity>_<unknown>_<street>
8919,TR827910,<rap_identity>_<hard>_<clean>
8920,TR676278,<rap_identity>_<hard>_<clean>
8921,TR867932,<reflection_life>_<chill>_<clean>
8922,TR775792,<rap_identity>_<hard>_<clean>
8923,TR165345,<rap_identity>_<unknown>_<clean>
8924,TR157019,<trap_street>_<hard>_<street>
8925,TR593744,<trap_street>_<hard>_<clean>
8926,TR981351,<rap_identity>_<hard>_<aggressive>
8927,TR496114,<rap_identity>_<chill>_<clean>
8928,TR689560,<love_poetic>_<unknown>_<clean>
8929,TR188071,<rap_identity>_<chill>_<aggressive>
8930,TR176304,<trap_street>_<hard>_<clean>
8931,TR670348,<trap_street>_<hard>_<clean>
8932,TR736435,<reflection_life>_<unknown>_<clean>
8933,TR551765,<rap_identity>_<chill>_<clean>
8934,TR999980,<trap_street>_<unknown>_<clean>
8935,TR437322,<rap_identity>_<hard>_<clean>
8936,TR541242,<love_poetic>_<unknown>_<clean>
8937,TR546195,<rap_identity>_<hard>_<aggressive>
8938,TR666759,<love_poetic>_<hard>_<clean>
8939,TR628821,<rap_identity>_<chill>_<street>
8940,TR291001,<rap_identity>_<hard>_<clean>
8941,TR127885,<reflection_life>_<chill>_<clean>
8942,TR659083,<love_poetic>_<chill>_<clean>
8943,TR936769,<reflection_life>_<unknown>_<clean>
8944,TR913389,<reflection_life>_<unknown>_<clean>
8945,TR785589,<rap_identity>_<hard>_<street>
8946,TR328065,<trap_street>_<unknown>_<clean>
8947,TR747124,<rap_identity>_<chill>_<street>
8948,TR441390,<love_poetic>_<chill>_<clean>
8949,TR741334,<rap_identity>_<unknown>_<clean>
8950,TR581615,<trap_street>_<hard>_<clean>
8951,TR684343,<dialect_rap>_<chill>_<clean>
8952,TR179817,<rap_identity>_<hard>_<street>
8953,TR512028,<rap_identity>_<hard>_<clean>
8954,TR807733,<reflection_life>_<hard>_<clean>
8955,TR473713,<rap_identity>_<hard>_<clean>
8956,TR408506,<rap_identity>_<hard>_<street>
8957,TR862326,<rap_identity>_<hard>_<aggressive>
8958,TR677448,<rap_identity>_<chill>_<clean>
8959,TR157102,<rap_identity>_<chill>_<clean>
8960,TR309839,<trap_street>_<hard>_<street>
8961,TR373525,<trap_street>_<hard>_<clean>
8962,TR713277,<trap_street>_<chill>_<clean>
8963,TR100595,<rap_identity>_<hard>_<clean>
8964,TR460349,<rap_identity>_<chill>_<clean>
8965,TR413854,<rap_identity>_<hard>_<street>
8966,TR787142,<rap_identity>_<chill>_<clean>
8967,TR207518,<rap_identity>_<unknown>_<clean>
8968,TR912837,<rap_identity>_<chill>_<aggressive>
8969,TR660656,<rap_identity>_<chill>_<clean>
8970,TR528881,<trap_street>_<chill>_<clean>
8971,TR563281,<rap_identity>_<unknown>_<street>
8972,TR923216,<reflection_life>_<chill>_<clean>
8973,TR972984,<rap_identity>_<chill>_<clean>
8974,TR457224,<reflection_life>_<hard>_<clean>
8975,TR270698,<rap_identity>_<hard>_<clean>
8976,TR258599,<rap_identity>_<hard>_<street>
8977,TR770339,<reflection_life>_<hard>_<clean>
8978,TR775051,<rap_identity>_<hard>_<clean>
8979,TR611291,<rap_identity>_<hard>_<street>
8980,TR857391,<rap_identity>_<chill>_<clean>
8981,TR341271,<rap_identity>_<chill>_<aggressive>
8982,TR102300,<spanish>_<hard>_<street>
8983,TR876575,<dialect_rap>_<hard>_<clean>
8984,TR287797,<rap_identity>_<chill>_<aggressive>
8985,TR867226,<rap_identity>_<chill>_<street>
8986,TR514516,<rap_identity>_<chill>_<clean>
8987,TR266222,<trap_street>_<hard>_<clean>
8988,TR497646,<rap_identity>_<unknown>_<clean>
8989,TR913147,<rap_identity>_<hard>_<street>
8990,TR170339,<love_poetic>_<hard>_<clean>
8991,TR790354,<reflection_life>_<chill>_<clean>
8992,TR990503,<reflection_life>_<hard>_<clean>
8993,TR708209,<rap_identity>_<hard>_<clean>
8994,TR475477,<love_poetic>_<chill>_<clean>
8995,TR255607,<trap_street>_<chill>_<clean>
8996,TR955387,<rap_identity>_<unknown>_<street>
8997,TR844447,<reflection_life>_<hard>_<clean>
8998,TR167885,<rap_identity>_<chill>_<clean>
8999,TR932860,<reflection_life>_<chill>_<clean>
9000,TR194543,<reflection_life>_<chill>_<clean>
9001,TR147182,<rap_identity>_<hard>_<street>
9002,TR169638,<rap_identity>_<hard>_<clean>
9003,TR326327,<reflection_life>_<hard>_<clean>
9004,TR363431,<rap_identity>_<hard>_<street>
9005,TR354465,<reflection_life>_<hard>_<clean>
9006,TR200420,<trap_street>_<hard>_<clean>
9007,TR217043,<rap_identity>_<chill>_<street>
9008,TR198162,<reflection_life>_<unknown>_<clean>
9009,TR879376,<rap_identity>_<hard>_<street>
9010,TR652528,<rap_identity>_<chill>_<street>
9011,TR810780,<rap_identity>_<unknown>_<clean>
9012,TR796703,<rap_identity>_<hard>_<street>
9013,TR329512,<rap_identity>_<chill>_<clean>
9014,TR172760,<rap_identity>_<hard>_<aggressive>
9015,TR136339,<rap_identity>_<hard>_<clean>
9016,TR697492,<english_pop_trap>_<unknown>_<clean>
9017,TR719027,<trap_street>_<hard>_<clean>
9018,TR793725,<rap_identity>_<chill>_<clean>
9019,TR991366,<trap_street>_<hard>_<clean>
9020,TR550425,<reflection_life>_<chill>_<clean>
9021,TR726896,<love_poetic>_<chill>_<clean>
9022,TR533699,<spanish>_<hard>_<clean>
9023,TR403209,<dialect_rap>_<chill>_<street>
9024,TR224164,<love_poetic>_<hard>_<clean>
9025,TR283256,<love_poetic>_<chill>_<clean>
9026,TR206945,<trap_street>_<hard>_<street>
9027,TR513575,<trap_street>_<hard>_<clean>
9028,TR896427,<trap_street>_<hard>_<clean>
9029,TR120166,<trap_street>_<hard>_<clean>
9030,TR584372,<rap_identity>_<hard>_<clean>
9031,TR283606,<rap_identity>_<chill>_<clean>
9032,TR273952,<rap_identity>_<hard>_<clean>
9033,TR834815,<reflection_life>_<hard>_<clean>
9034,TR288990,<rap_identity>_<hard>_<street>
9035,TR191109,<rap_identity>_<hard>_<clean>
9036,TR142229,<rap_identity>_<chill>_<street>
9037,TR189245,<rap_identity>_<hard>_<clean>
9038,TR582556,<reflection_life>_<chill>_<clean>
9039,TR888932,<rap_identity>_<hard>_<street>
9040,TR944458,<trap_street>_<unknown>_<clean>
9041,TR301179,<rap_identity>_<hard>_<clean>
9042,TR566313,<rap_identity>_<hard>_<street>
9043,TR683373,<rap_identity>_<hard>_<street>
9044,TR323908,<rap_identity>_<hard>_<clean>
9045,TR677246,<reflection_life>_<chill>_<clean>
9046,TR567405,<rap_identity>_<unknown>_<street>
9047,TR302241,<rap_identity>_<hard>_<street>
9048,TR881820,<reflection_life>_<chill>_<clean>
9049,TR897627,<reflection_life>_<hard>_<clean>
9050,TR372389,<reflection_life>_<chill>_<clean>
9051,TR530309,<love_poetic>_<hard>_<clean>
9052,TR843616,<reflection_life>_<hard>_<clean>
9053,TR294253,<reflection_life>_<chill>_<clean>
9054,TR300940,<reflection_life>_<chill>_<clean>
9055,TR586281,<love_poetic>_<unknown>_<clean>
9056,TR880320,<rap_identity>_<unknown>_<street>
9057,TR660129,<love_poetic>_<chill>_<clean>
9058,TR503071,<rap_identity>_<hard>_<clean>
9059,TR607705,<trap_street>_<hard>_<clean>
9060,TR800597,<rap_identity>_<hard>_<street>
9061,TR368039,<love_poetic>_<unknown>_<clean>
9062,TR529084,<english_pop_trap>_<hard>_<clean>
9063,TR889664,<love_poetic>_<hard>_<clean>
9064,TR258260,<rap_identity>_<hard>_<clean>
9065,TR495309,<rap_identity>_<chill>_<clean>
9066,TR865242,<rap_identity>_<chill>_<street>
9067,TR558830,<rap_identity>_<hard>_<street>
9068,TR475361,<love_poetic>_<hard>_<clean>
9069,TR438032,<rap_identity>_<hard>_<street>
9070,TR999956,<rap_identity>_<chill>_<clean>
9071,TR697231,<love_poetic>_<unknown>_<clean>
9072,TR229593,<english_pop_trap>_<chill>_<street>
9073,TR699631,<reflection_life>_<chill>_<clean>
9074,TR992456,<rap_identity>_<hard>_<clean>
9075,TR889812,<trap_street>_<chill>_<clean>
9076,TR251774,<english_pop_trap>_<chill>_<clean>
9077,TR151076,<rap_identity>_<chill>_<street>
9078,TR115357,<love_poetic>_<chill>_<clean>
9079,TR983093,<reflection_life>_<hard>_<clean>
9080,TR937385,<rap_identity>_<hard>_<clean>
9081,TR659466,<english_pop_trap>_<chill>_<street>
9082,TR489913,<love_poetic>_<hard>_<clean>
9083,TR230099,<reflection_life>_<unknown>_<clean>
9084,TR712783,<english_pop_trap>_<chill>_<clean>
9085,TR906000,<rap_identity>_<hard>_<clean>
9086,TR277555,<reflection_life>_<unknown>_<clean>
9087,TR379843,<reflection_life>_<chill>_<clean>
9088,TR278718,<rap_identity>_<hard>_<street>
9089,TR179140,<reflection_life>_<unknown>_<clean>
9090,TR321344,<love_poetic>_<unknown>_<clean>
9091,TR128853,<rap_identity>_<hard>_<clean>
9092,TR517775,<trap_street>_<hard>_<street>
9093,TR739262,<love_poetic>_<unknown>_<clean>
9094,TR581546,<reflection_life>_<hard>_<clean>
9095,TR303647,<rap_identity>_<hard>_<clean>
9096,TR602351,<rap_identity>_<hard>_<street>
9097,TR744642,<love_poetic>_<unknown>_<clean>
9098,TR524546,<rap_identity>_<hard>_<clean>
9099,TR447352,<trap_street>_<hard>_<street>
9100,TR783954,<rap_identity>_<hard>_<clean>
9101,TR434095,<rap_identity>_<chill>_<clean>
9102,TR999677,<reflection_life>_<hard>_<clean>
9103,TR438094,<english_pop_trap>_<hard>_<clean>
9104,TR282711,<rap_identity>_<hard>_<clean>
9105,TR696004,<love_poetic>_<hard>_<clean>
9106,TR873456,<rap_identity>_<chill>_<street>
9107,TR604557,<reflection_life>_<unknown>_<clean>
9108,TR407552,<english_pop_trap>_<hard>_<clean>
9109,TR881600,<english_pop_trap>_<chill>_<clean>
9110,TR564421,<trap_street>_<hard>_<clean>
9111,TR863929,<rap_identity>_<hard>_<clean>
9112,TR507535,<trap_street>_<chill>_<clean>
9113,TR723361,<trap_street>_<hard>_<clean>
9114,TR999986,<reflection_life>_<chill>_<clean>
9115,TR307956,<reflection_life>_<chill>_<clean>
9116,TR379375,<love_poetic>_<chill>_<clean>
9117,TR895862,<reflection_life>_<hard>_<clean>
9118,TR604227,<love_poetic>_<chill>_<street>
9119,TR942500,<trap_street>_<hard>_<clean>
9120,TR213399,<rap_identity>_<chill>_<aggressive>
9121,TR821449,<rap_identity>_<hard>_<street>
9122,TR528001,<reflection_life>_<hard>_<clean>
9123,TR456302,<love_poetic>_<unknown>_<clean>
9124,TR326045,<rap_identity>_<hard>_<clean>
9125,TR627866,<rap_identity>_<hard>_<clean>
9126,TR194119,<reflection_life>_<unknown>_<clean>
9127,TR952878,<english_pop_trap>_<hard>_<clean>
9128,TR132420,<love_poetic>_<hard>_<clean>
9129,TR356294,<love_poetic>_<hard>_<clean>
9130,TR600680,<reflection_life>_<hard>_<clean>
9131,TR883266,<rap_identity>_<unknown>_<street>
9132,TR873973,<rap_identity>_<hard>_<clean>
9133,TR890407,<love_poetic>_<hard>_<clean>
9134,TR797818,<rap_identity>_<chill>_<street>
9135,TR710638,<love_poetic>_<hard>_<clean>
9136,TR221293,<rap_identity>_<chill>_<clean>
9137,TR606632,<love_poetic>_<hard>_<clean>
9138,TR381734,<rap_identity>_<chill>_<clean>
9139,TR112853,<love_poetic>_<chill>_<clean>
9140,TR158759,<reflection_life>_<chill>_<clean>
9141,TR296222,<reflection_life>_<chill>_<clean>
9142,TR291803,<reflection_life>_<chill>_<clean>
9143,TR914291,<love_poetic>_<chill>_<clean>
9144,TR219585,<english_pop_trap>_<chill>_<clean>
9145,TR341973,<rap_identity>_<chill>_<clean>
9146,TR155644,<rap_identity>_<chill>_<clean>
9147,TR950751,<rap_identity>_<hard>_<street>
9148,TR148955,<reflection_life>_<hard>_<clean>
9149,TR846355,<love_poetic>_<hard>_<clean>
9150,TR265242,<rap_identity>_<hard>_<clean>
9151,TR441285,<english_pop_trap>_<unknown>_<clean>
9152,TR882991,<rap_identity>_<chill>_<street>
9153,TR395964,<reflection_life>_<unknown>_<clean>
9154,TR450447,<love_poetic>_<chill>_<clean>
9155,TR140205,<rap_identity>_<chill>_<clean>
9156,TR880476,<rap_identity>_<hard>_<street>
9157,TR473254,<rap_identity>_<hard>_<clean>
9158,TR907460,<reflection_life>_<unknown>_<clean>
9159,TR789695,<love_poetic>_<hard>_<street>
9160,TR254481,<rap_identity>_<unknown>_<clean>
9161,TR802489,<rap_identity>_<hard>_<clean>
9162,TR104644,<love_poetic>_<hard>_<clean>
9163,TR514718,<rap_identity>_<hard>_<aggressive>
9164,TR212098,<rap_identity>_<unknown>_<street>
9165,TR113609,<love_poetic>_<hard>_<street>
9166,TR556669,<rap_identity>_<hard>_<clean>
9167,TR214099,<love_poetic>_<hard>_<clean>
9168,TR804786,<reflection_life>_<hard>_<clean>
9169,TR347249,<love_poetic>_<chill>_<clean>
9170,TR314325,<rap_identity>_<hard>_<clean>
9171,TR883498,<love_poetic>_<hard>_<street>
9172,TR899830,<love_poetic>_<hard>_<clean>
9173,TR560504,<trap_street>_<chill>_<aggressive>
9174,TR389031,<rap_identity>_<hard>_<street>
9175,TR562793,<rap_identity>_<unknown>_<clean>
9176,TR454102,<reflection_life>_<unknown>_<clean>
9177,TR166884,<rap_identity>_<hard>_<clean>
9178,TR208593,<rap_identity>_<hard>_<street>
9179,TR892707,<love_poetic>_<hard>_<aggressive>
9180,TR436547,<rap_identity>_<hard>_<street>
9181,TR149147,<love_poetic>_<hard>_<clean>
9182,TR791483,<spanish>_<hard>_<clean>
9183,TR593850,<rap_identity>_<hard>_<street>
9184,TR237207,<love_poetic>_<hard>_<clean>
9185,TR812133,<rap_identity>_<chill>_<street>
9186,TR971251,<english_pop_trap>_<chill>_<clean>
9187,TR428523,<love_poetic>_<chill>_<clean>
9188,TR432185,<love_poetic>_<hard>_<clean>
9189,TR146783,<love_poetic>_<unknown>_<clean>
9190,TR117356,<english_pop_trap>_<hard>_<aggressive>
9191,TR415499,<english_pop_trap>_<hard>_<clean>
9192,TR437508,<rap_identity>_<hard>_<street>
9193,TR613073,<english_pop_trap>_<hard>_<clean>
9194,TR431692,<rap_identity>_<hard>_<street>
9195,TR951660,<rap_identity>_<hard>_<street>
9196,TR173141,<rap_identity>_<hard>_<clean>
9197,TR646215,<love_poetic>_<chill>_<clean>
9198,TR729755,<rap_identity>_<unknown>_<clean>
9199,TR108736,<english_pop_trap>_<hard>_<clean>
9200,TR990357,<english_pop_trap>_<hard>_<clean>
9201,TR139465,<english_pop_trap>_<hard>_<clean>
9202,TR922929,<english_pop_trap>_<hard>_<clean>
9203,TR658968,<reflection_life>_<unknown>_<clean>
9204,TR902778,<love_poetic>_<chill>_<clean>
9205,TR446201,<rap_identity>_<hard>_<clean>
9206,TR351411,<love_poetic>_<chill>_<clean>
9207,TR228868,<rap_identity>_<hard>_<street>
9208,TR800367,<english_pop_trap>_<hard>_<aggressive>
9209,TR789080,<love_poetic>_<hard>_<clean>
9210,TR295169,<rap_identity>_<hard>_<street>
9211,TR262801,<rap_identity>_<hard>_<clean>
9212,TR357682,<rap_identity>_<chill>_<clean>
9213,TR827288,<rap_identity>_<chill>_<clean>
9214,TR261964,<rap_identity>_<chill>_<clean>
9215,TR131281,<reflection_life>_<unknown>_<clean>
9216,TR306466,<love_poetic>_<unknown>_<clean>
9217,TR915052,<trap_street>_<unknown>_<clean>
9218,TR535015,<love_poetic>_<unknown>_<clean>
9219,TR594016,<love_poetic>_<unknown>_<clean>
9220,TR138676,<love_poetic>_<unknown>_<clean>
9221,TR154354,<rap_identity>_<unknown>_<clean>
9222,TR250368,<reflection_life>_<hard>_<clean>
9223,TR908806,<reflection_life>_<unknown>_<clean>
9224,TR867624,<reflection_life>_<chill>_<clean>
9225,TR994295,<trap_street>_<unknown>_<clean>
9226,TR164709,<reflection_life>_<chill>_<clean>
9227,TR792599,<english_pop_trap>_<hard>_<clean>
9228,TR884699,<reflection_life>_<chill>_<clean>
9229,TR179994,<love_poetic>_<hard>_<clean>
9230,TR178809,<reflection_life>_<chill>_<clean>
9231,TR589443,<reflection_life>_<chill>_<clean>
9232,TR735987,<rap_identity>_<unknown>_<clean>
9233,TR874555,<love_poetic>_<unknown>_<clean>
9234,TR531637,<love_poetic>_<unknown>_<clean>
9235,TR911172,<rap_identity>_<hard>_<clean>
9236,TR932299,<trap_street>_<unknown>_<clean>
9237,TR962514,<love_poetic>_<unknown>_<street>
9238,TR191667,<love_poetic>_<unknown>_<clean>
9239,TR673507,<rap_identity>_<hard>_<street>
9240,TR838709,<love_poetic>_<hard>_<clean>
9241,TR168582,<trap_street>_<unknown>_<clean>
9242,TR702127,<love_poetic>_<chill>_<clean>
9243,TR333973,<love_poetic>_<chill>_<clean>
9244,TR248737,<love_poetic>_<chill>_<clean>
9245,TR131086,<love_poetic>_<unknown>_<clean>
9246,TR233277,<love_poetic>_<chill>_<clean>
9247,TR779207,<love_poetic>_<chill>_<clean>
9248,TR108467,<spanish>_<hard>_<clean>
9249,TR891027,<love_poetic>_<unknown>_<clean>
9250,TR972632,<reflection_life>_<unknown>_<clean>
9251,TR939123,<love_poetic>_<unknown>_<clean>
9252,TR121894,<love_poetic>_<chill>_<clean>
9253,TR851169,<love_poetic>_<chill>_<clean>
9254,TR246051,<reflection_life>_<chill>_<clean>
9255,TR223493,<love_poetic>_<unknown>_<clean>
9256,TR682337,<love_poetic>_<chill>_<street>
9257,TR319832,<love_poetic>_<unknown>_<clean>
9258,TR639667,<trap_street>_<unknown>_<clean>
9259,TR522268,<love_poetic>_<chill>_<clean>
9260,TR888595,<love_poetic>_<unknown>_<clean>
9261,TR229385,<love_poetic>_<chill>_<clean>
9262,TR957728,<love_poetic>_<hard>_<clean>
9263,TR358946,<rap_identity>_<unknown>_<clean>
9264,TR386339,<love_poetic>_<unknown>_<clean>
9265,TR994977,<reflection_life>_<unknown>_<clean>
9266,TR827474,<love_poetic>_<chill>_<clean>
9267,TR331794,<love_poetic>_<unknown>_<clean>
9268,TR315554,<love_poetic>_<chill>_<clean>
9269,TR931058,<reflection_life>_<chill>_<clean>
9270,TR781066,<rap_identity>_<chill>_<clean>
9271,TR379454,<reflection_life>_<hard>_<clean>
9272,TR761403,<rap_identity>_<chill>_<clean>
9273,TR732756,<reflection_life>_<chill>_<clean>
9274,TR334934,<reflection_life>_<chill>_<clean>
9275,TR126927,<reflection_life>_<unknown>_<clean>
9276,TR711619,<love_poetic>_<chill>_<clean>
9277,TR448983,<reflection_life>_<chill>_<clean>
9278,TR382622,<reflection_life>_<chill>_<clean>
9279,TR345081,<reflection_life>_<chill>_<clean>
9280,TR494663,<reflection_life>_<chill>_<clean>
9281,TR138402,<love_poetic>_<unknown>_<clean>
9282,TR230610,<rap_identity>_<hard>_<clean>
9283,TR167398,<love_poetic>_<unknown>_<clean>
9284,TR764120,<reflection_life>_<unknown>_<clean>
9285,TR149952,<reflection_life>_<unknown>_<clean>
9286,TR414011,<reflection_life>_<chill>_<clean>
9287,TR785911,<rap_identity>_<hard>_<street>
9288,TR575726,<english_pop_trap>_<chill>_<clean>
9289,TR407373,<reflection_life>_<chill>_<clean>
9290,TR455821,<rap_identity>_<unknown>_<clean>
9291,TR581348,<reflection_life>_<unknown>_<clean>
9292,TR788930,<reflection_life>_<unknown>_<street>
9293,TR550951,<reflection_life>_<chill>_<clean>
9294,TR217263,<reflection_life>_<unknown>_<clean>
9295,TR825208,<reflection_life>_<chill>_<clean>
9296,TR787370,<reflection_life>_<hard>_<street>
9297,TR102302,<reflection_life>_<chill>_<clean>
9298,TR323294,<reflection_life>_<unknown>_<street>
9299,TR672369,<reflection_life>_<unknown>_<clean>
9300,TR208683,<reflection_life>_<unknown>_<clean>
9301,TR919459,<reflection_life>_<unknown>_<clean>
9302,TR148720,<reflection_life>_<hard>_<clean>
9303,TR800507,<reflection_life>_<hard>_<clean>
9304,TR194365,<reflection_life>_<chill>_<clean>
9305,TR333133,<love_poetic>_<hard>_<clean>
9306,TR190086,<reflection_life>_<unknown>_<street>
9307,TR337984,<english_pop_trap>_<chill>_<clean>
9308,TR846554,<reflection_life>_<chill>_<clean>
9309,TR183289,<reflection_life>_<chill>_<clean>
9310,TR345672,<reflection_life>_<chill>_<clean>
9311,TR763558,<reflection_life>_<chill>_<clean>
9312,TR893294,<reflection_life>_<chill>_<clean>
9313,TR631908,<reflection_life>_<chill>_<clean>
9314,TR513702,<reflection_life>_<hard>_<clean>
9315,TR954036,<english_pop_trap>_<hard>_<clean>
9316,TR969166,<english_pop_trap>_<unknown>_<clean>
9317,TR334548,<english_pop_trap>_<chill>_<clean>
9318,TR491048,<rap_identity>_<chill>_<street>
9319,TR873548,<rap_identity>_<hard>_<aggressive>
9320,TR447050,<rap_identity>_<hard>_<street>
9321,TR596034,<rap_identity>_<unknown>_<clean>
9322,TR761009,<reflection_life>_<hard>_<clean>
9323,TR444558,<rap_identity>_<hard>_<clean>
9324,TR704020,<love_poetic>_<hard>_<clean>
9325,TR361704,<reflection_life>_<hard>_<clean>
9326,TR170968,<reflection_life>_<chill>_<clean>
9327,TR406455,<reflection_life>_<hard>_<clean>
9328,TR413794,<rap_identity>_<hard>_<clean>
9329,TR902051,<rap_identity>_<hard>_<clean>
9330,TR793182,<reflection_life>_<hard>_<clean>
9331,TR473662,<rap_identity>_<unknown>_<street>
9332,TR806783,<reflection_life>_<unknown>_<clean>
9333,TR518698,<love_poetic>_<chill>_<clean>
9334,TR835497,<reflection_life>_<hard>_<street>
9335,TR459629,<reflection_life>_<hard>_<clean>
9336,TR310890,<love_poetic>_<hard>_<clean>
9337,TR447175,<english_pop_trap>_<chill>_<clean>
9338,TR307656,<rap_identity>_<hard>_<clean>
9339,TR309734,<love_poetic>_<hard>_<clean>
9340,TR234234,<rap_identity>_<hard>_<clean>
9341,TR663359,<rap_identity>_<chill>_<street>
9342,TR194568,<reflection_life>_<hard>_<clean>
9343,TR327383,<english_pop_trap>_<chill>_<street>
9344,TR881487,<rap_identity>_<hard>_<aggressive>
9345,TR824277,<rap_identity>_<chill>_<street>
9346,TR906049,<love_poetic>_<hard>_<clean>
9347,TR842807,<english_pop_trap>_<hard>_<street>
9348,TR186700,<love_poetic>_<hard>_<clean>
9349,TR405083,<rap_identity>_<chill>_<street>
9350,TR966416,<reflection_life>_<hard>_<street>
9351,TR999936,<english_pop_trap>_<chill>_<clean>
9352,TR147215,<rap_identity>_<chill>_<street>
9353,TR415872,<reflection_life>_<hard>_<clean>
9354,TR696584,<rap_identity>_<hard>_<clean>
9355,TR768114,<reflection_life>_<hard>_<clean>
9356,TR422672,<trap_street>_<hard>_<aggressive>
9357,TR685853,<reflection_life>_<chill>_<clean>
9358,TR241733,<trap_street>_<chill>_<clean>
9359,TR664932,<reflection_life>_<unknown>_<clean>
9360,TR625782,<trap_street>_<hard>_<clean>
9361,TR673851,<english_pop_trap>_<chill>_<aggressive>
9362,TR750868,<trap_street>_<hard>_<clean>
9363,TR199204,<english_pop_trap>_<chill>_<clean>
9364,TR378442,<rap_identity>_<hard>_<street>
9365,TR923166,<trap_street>_<hard>_<street>
9366,TR864329,<english_pop_trap>_<chill>_<clean>
9367,TR790475,<rap_identity>_<hard>_<street>
9368,TR542388,<reflection_life>_<hard>_<clean>
9369,TR997536,<reflection_life>_<hard>_<clean>
9370,TR281647,<english_pop_trap>_<chill>_<clean>
9371,TR816077,<rap_identity>_<chill>_<clean>
9372,TR196808,<english_pop_trap>_<chill>_<aggressive>
9373,TR269073,<english_pop_trap>_<chill>_<street>
9374,TR422122,<reflection_life>_<hard>_<clean>
9375,TR666604,<rap_identity>_<hard>_<aggressive>
9376,TR772342,<rap_identity>_<hard>_<clean>
9377,TR709982,<english_pop_trap>_<hard>_<street>
9378,TR586644,<rap_identity>_<hard>_<street>
9379,TR790081,<spanish>_<chill>_<clean>
9380,TR587900,<reflection_life>_<unknown>_<clean>
9381,TR866176,<english_pop_trap>_<hard>_<clean>
9382,TR358596,<rap_identity>_<hard>_<clean>
9383,TR422775,<rap_identity>_<chill>_<street>
9384,TR486621,<trap_street>_<hard>_<clean>
9385,TR530791,<rap_identity>_<chill>_<street>
9386,TR170216,<reflection_life>_<hard>_<clean>
9387,TR763511,<reflection_life>_<hard>_<clean>
9388,TR668464,<rap_identity>_<chill>_<clean>
9389,TR467947,<english_pop_trap>_<chill>_<street>
9390,TR849049,<reflection_life>_<hard>_<clean>
9391,TR963651,<reflection_life>_<chill>_<clean>
9392,TR519616,<reflection_life>_<chill>_<clean>
9393,TR544403,<reflection_life>_<chill>_<clean>
9394,TR363656,<trap_street>_<hard>_<street>
9395,TR614693,<trap_street>_<chill>_<street>
9396,TR106547,<rap_identity>_<hard>_<clean>
9397,TR991000,<reflection_life>_<hard>_<street>
9398,TR971840,<reflection_life>_<unknown>_<clean>
9399,TR937610,<english_pop_trap>_<chill>_<street>
9400,TR968894,<rap_identity>_<hard>_<street>
9401,TR311527,<rap_identity>_<hard>_<clean>
9402,TR558758,<reflection_life>_<hard>_<clean>
9403,TR768224,<rap_identity>_<chill>_<clean>
9404,TR948835,<rap_identity>_<hard>_<street>
9405,TR568519,<love_poetic>_<unknown>_<clean>
9406,TR209165,<trap_street>_<hard>_<clean>
9407,TR715880,<trap_street>_<hard>_<clean>
9408,TR391538,<trap_street>_<hard>_<clean>
9409,TR536704,<love_poetic>_<hard>_<clean>
9410,TR925464,<trap_street>_<hard>_<clean>
9411,TR281478,<trap_street>_<hard>_<street>
9412,TR734958,<reflection_life>_<hard>_<clean>
9413,TR750465,<reflection_life>_<hard>_<clean>
9414,TR320505,<trap_street>_<hard>_<street>
9415,TR456320,<trap_street>_<hard>_<clean>
9416,TR172807,<trap_street>_<hard>_<clean>
9417,TR775878,<love_poetic>_<hard>_<clean>
9418,TR853517,<love_poetic>_<chill>_<clean>
9419,TR589835,<trap_street>_<unknown>_<clean>
9420,TR516801,<trap_street>_<hard>_<clean>
9421,TR257586,<reflection_life>_<chill>_<clean>
9422,TR493577,<reflection_life>_<hard>_<clean>
9423,TR563634,<reflection_life>_<hard>_<clean>
9424,TR328854,<love_poetic>_<hard>_<clean>
9425,TR305847,<love_poetic>_<hard>_<clean>
9426,TR657339,<trap_street>_<chill>_<clean>
9427,TR248128,<reflection_life>_<chill>_<clean>
9428,TR182220,<reflection_life>_<hard>_<clean>
9429,TR679235,<dialect_rap>_<hard>_<clean>
9430,TR737734,<reflection_life>_<hard>_<clean>
9431,TR157826,<trap_street>_<hard>_<clean>
9432,TR183525,<reflection_life>_<chill>_<clean>
9433,TR569463,<reflection_life>_<hard>_<clean>
9434,TR542481,<reflection_life>_<hard>_<clean>
9435,TR787632,<english_pop_trap>_<hard>_<street>
9436,TR779734,<english_pop_trap>_<hard>_<clean>
9437,TR578879,<love_poetic>_<hard>_<clean>
9438,TR771553,<english_pop_trap>_<hard>_<clean>
9439,TR805257,<trap_street>_<hard>_<clean>
9440,TR834859,<reflection_life>_<hard>_<clean>
9441,TR882384,<english_pop_trap>_<hard>_<street>
9442,TR512946,<trap_street>_<hard>_<clean>
9443,TR820796,<rap_identity>_<hard>_<street>
9444,TR828702,<reflection_life>_<hard>_<clean>
9445,TR161872,<trap_street>_<hard>_<clean>
9446,TR227876,<trap_street>_<hard>_<clean>
9447,TR888060,<trap_street>_<hard>_<street>
9448,TR719420,<trap_street>_<unknown>_<clean>
9449,TR109610,<trap_street>_<hard>_<clean>
9450,TR714510,<trap_street>_<unknown>_<clean>
9451,TR911154,<english_pop_trap>_<unknown>_<aggressive>
9452,TR968996,<reflection_life>_<unknown>_<clean>
9453,TR813122,<rap_identity>_<hard>_<clean>
9454,TR643632,<trap_street>_<hard>_<street>
9455,TR440205,<trap_street>_<hard>_<street>
9456,TR310485,<reflection_life>_<unknown>_<street>
9457,TR984860,<trap_street>_<hard>_<clean>
9458,TR525571,<love_poetic>_<hard>_<clean>
9459,TR488392,<trap_street>_<hard>_<clean>
9460,TR211269,<dialect_rap>_<hard>_<clean>
9461,TR618390,<trap_street>_<hard>_<street>
9462,TR200184,<trap_street>_<chill>_<clean>
9463,TR504799,<trap_street>_<hard>_<clean>
9464,TR946359,<dialect_rap>_<hard>_<clean>
9465,TR388777,<spanish>_<hard>_<clean>
9466,TR898103,<love_poetic>_<chill>_<clean>
9467,TR716162,<love_poetic>_<hard>_<clean>
9468,TR107511,<reflection_life>_<unknown>_<clean>
9469,TR477959,<trap_street>_<hard>_<clean>
9470,TR209229,<love_poetic>_<hard>_<clean>
9471,TR706130,<reflection_life>_<hard>_<street>
9472,TR330975,<trap_street>_<hard>_<clean>
9473,TR225966,<trap_street>_<hard>_<clean>
9474,TR915848,<trap_street>_<hard>_<clean>
9475,TR486510,<trap_street>_<hard>_<clean>
9476,TR888355,<love_poetic>_<hard>_<clean>
9477,TR849215,<reflection_life>_<chill>_<clean>
9478,TR144170,<trap_street>_<hard>_<clean>
9479,TR601023,<rap_identity>_<chill>_<street>
9480,TR525931,<english_pop_trap>_<hard>_<clean>
9481,TR683989,<reflection_life>_<unknown>_<clean>
9482,TR230952,<rap_identity>_<chill>_<street>
9483,TR655568,<reflection_life>_<hard>_<clean>
9484,TR712050,<trap_street>_<hard>_<street>
9485,TR822526,<love_poetic>_<hard>_<clean>
9486,TR507718,<aspiration_generic>_<chill>_<clean>
9487,TR429962,<trap_street>_<hard>_<street>
9488,TR263218,<love_poetic>_<unknown>_<clean>
9489,TR187668,<love_poetic>_<hard>_<clean>
9490,TR739091,<reflection_life>_<chill>_<clean>
9491,TR810245,<reflection_life>_<unknown>_<clean>
9492,TR686222,<trap_street>_<hard>_<clean>
9493,TR131935,<love_poetic>_<hard>_<street>
9494,TR999937,<reflection_life>_<hard>_<clean>
9495,TR178298,<trap_street>_<chill>_<street>
9496,TR999954,<reflection_life>_<hard>_<clean>
9497,TR261852,<rap_identity>_<hard>_<clean>
9498,TR783873,<trap_street>_<hard>_<street>
9499,TR374912,<love_poetic>_<hard>_<clean>
9500,TR616900,<reflection_life>_<unknown>_<clean>
9501,TR866967,<love_poetic>_<hard>_<street>
9502,TR776466,<love_poetic>_<chill>_<clean>
9503,TR837405,<reflection_life>_<unknown>_<clean>
9504,TR397810,<spanish>_<unknown>_<clean>
9505,TR713595,<reflection_life>_<unknown>_<clean>
9506,TR916612,<reflection_life>_<unknown>_<clean>
9507,TR487603,<trap_street>_<hard>_<clean>
9508,TR391031,<reflection_life>_<hard>_<clean>
9509,TR598389,<trap_street>_<chill>_<street>
9510,TR191251,<trap_street>_<hard>_<clean>
9511,TR383101,<reflection_life>_<hard>_<clean>
9512,TR360266,<spanish>_<hard>_<clean>
9513,TR963745,<reflection_life>_<hard>_<clean>
9514,TR658494,<love_poetic>_<unknown>_<clean>
9515,TR219568,<trap_street>_<hard>_<street>
9516,TR237707,<trap_street>_<unknown>_<clean>
9517,TR597304,<love_poetic>_<hard>_<clean>
9518,TR645140,<trap_street>_<hard>_<clean>
9519,TR959140,<reflection_life>_<hard>_<clean>
9520,TR311491,<love_poetic>_<hard>_<clean>
9521,TR259762,<trap_street>_<unknown>_<street>
9522,TR858810,<love_poetic>_<chill>_<clean>
9523,TR124073,<reflection_life>_<hard>_<street>
9524,TR306810,<rap_identity>_<unknown>_<street>
9525,TR165635,<rap_identity>_<chill>_<clean>
9526,TR133102,<reflection_life>_<hard>_<clean>
9527,TR389098,<love_poetic>_<hard>_<clean>
9528,TR392843,<trap_street>_<hard>_<clean>
9529,TR978028,<dialect_rap>_<hard>_<clean>
9530,TR416687,<english_pop_trap>_<chill>_<street>
9531,TR108192,<love_poetic>_<hard>_<clean>
9532,TR903355,<love_poetic>_<chill>_<clean>
9533,TR344394,<love_poetic>_<chill>_<clean>
9534,TR243813,<love_poetic>_<chill>_<clean>
9535,TR918743,<love_poetic>_<chill>_<clean>
9536,TR685016,<trap_street>_<unknown>_<clean>
9537,TR586134,<love_poetic>_<chill>_<clean>
9538,TR674912,<trap_street>_<chill>_<clean>
9539,TR101420,<trap_street>_<hard>_<street>
9540,TR990190,<love_poetic>_<chill>_<clean>
9541,TR507780,<love_poetic>_<chill>_<clean>
9542,TR641702,<trap_street>_<hard>_<aggressive>
9543,TR857902,<rap_identity>_<unknown>_<clean>
9544,TR198691,<trap_street>_<hard>_<clean>
9545,TR249257,<trap_street>_<unknown>_<clean>
9546,TR732834,<love_poetic>_<hard>_<clean>
9547,TR719538,<trap_street>_<hard>_<clean>
9548,TR134678,<trap_street>_<unknown>_<street>
9549,TR953598,<trap_street>_<hard>_<street>
9550,TR968431,<trap_street>_<hard>_<street>
9551,TR341993,<trap_street>_<hard>_<street>
9552,TR247843,<trap_street>_<unknown>_<clean>
9553,TR903154,<trap_street>_<chill>_<street>
9554,TR284067,<trap_street>_<hard>_<clean>
9555,TR383001,<trap_street>_<hard>_<street>
9556,TR831636,<spanish>_<unknown>_<clean>
9557,TR656260,<love_poetic>_<unknown>_<clean>
9558,TR974293,<trap_street>_<unknown>_<clean>
9559,TR730832,<rap_identity>_<unknown>_<clean>
9560,TR806797,<reflection_life>_<unknown>_<clean>
9561,TR476369,<rap_identity>_<unknown>_<clean>
9562,TR521844,<trap_street>_<hard>_<street>
9563,TR666165,<love_poetic>_<chill>_<clean>
9564,TR902662,<trap_street>_<hard>_<clean>
9565,TR689039,<trap_street>_<unknown>_<clean>
9566,TR583402,<love_poetic>_<chill>_<clean>
9567,TR852446,<trap_street>_<unknown>_<clean>
9568,TR434127,<trap_street>_<unknown>_<street>
9569,TR411284,<trap_street>_<unknown>_<street>
9570,TR622110,<reflection_life>_<unknown>_<clean>
9571,TR593589,<love_poetic>_<chill>_<clean>
9572,TR345919,<trap_street>_<hard>_<street>
9573,TR119794,<trap_street>_<hard>_<clean>
9574,TR303768,<love_poetic>_<chill>_<clean>
9575,TR251553,<rap_identity>_<hard>_<aggressive>
9576,TR368157,<love_poetic>_<hard>_<clean>
9577,TR504051,<love_poetic>_<unknown>_<clean>
9578,TR162842,<love_poetic>_<chill>_<clean>
9579,TR809337,<trap_street>_<chill>_<clean>
9580,TR791535,<love_poetic>_<chill>_<clean>
9581,TR386088,<english_pop_trap>_<chill>_<street>
9582,TR964944,<love_poetic>_<chill>_<clean>
9583,TR558378,<love_poetic>_<chill>_<clean>
9584,TR701869,<love_poetic>_<unknown>_<clean>
9585,TR979524,<love_poetic>_<unknown>_<clean>
9586,TR484144,<love_poetic>_<chill>_<clean>
9587,TR640495,<love_poetic>_<chill>_<clean>
9588,TR521092,<love_poetic>_<unknown>_<clean>
9589,TR873497,<love_poetic>_<chill>_<clean>
9590,TR171175,<love_poetic>_<hard>_<aggressive>
9591,TR642707,<love_poetic>_<unknown>_<clean>
9592,TR609821,<love_poetic>_<chill>_<clean>
9593,TR834146,<love_poetic>_<unknown>_<clean>
9594,TR207134,<love_poetic>_<unknown>_<clean>
9595,TR913919,<love_poetic>_<hard>_<clean>
9596,TR329323,<love_poetic>_<chill>_<clean>
9597,TR797680,<love_poetic>_<unknown>_<clean>
9598,TR682895,<love_poetic>_<chill>_<clean>
9599,TR416171,<love_poetic>_<unknown>_<clean>
9600,TR634768,<reflection_life>_<unknown>_<clean>
9601,TR998011,<love_poetic>_<unknown>_<clean>
9602,TR703344,<love_poetic>_<chill>_<clean>
9603,TR310342,<love_poetic>_<chill>_<clean>
9604,TR742778,<love_poetic>_<chill>_<clean>
9605,TR847617,<rap_identity>_<chill>_<clean>
9606,TR950758,<love_poetic>_<unknown>_<clean>
9607,TR576707,<love_poetic>_<chill>_<clean>
9608,TR159535,<love_poetic>_<chill>_<clean>
9609,TR498767,<love_poetic>_<unknown>_<clean>
9610,TR303307,<english_pop_trap>_<chill>_<clean>
9611,TR368012,<love_poetic>_<unknown>_<clean>
9612,TR401491,<love_poetic>_<chill>_<clean>
9613,TR383818,<love_poetic>_<unknown>_<clean>
9614,TR787868,<love_poetic>_<chill>_<clean>
9615,TR145334,<love_poetic>_<chill>_<clean>
9616,TR231258,<love_poetic>_<unknown>_<clean>
9617,TR861289,<love_poetic>_<chill>_<clean>
9618,TR442095,<love_poetic>_<chill>_<clean>
9619,TR399254,<love_poetic>_<chill>_<clean>
9620,TR360583,<love_poetic>_<chill>_<clean>
9621,TR220284,<love_poetic>_<chill>_<clean>
9622,TR532765,<love_poetic>_<unknown>_<clean>
9623,TR825928,<rap_identity>_<chill>_<clean>
9624,TR582128,<love_poetic>_<chill>_<clean>
9625,TR414597,<rap_identity>_<chill>_<street>
9626,TR393008,<love_poetic>_<chill>_<clean>
9627,TR654700,<love_poetic>_<chill>_<street>
9628,TR611378,<love_poetic>_<chill>_<clean>
9629,TR385232,<rap_identity>_<chill>_<street>
9630,TR592015,<rap_identity>_<chill>_<street>
9631,TR606506,<love_poetic>_<chill>_<clean>
9632,TR783975,<love_poetic>_<chill>_<clean>
9633,TR676363,<love_poetic>_<chill>_<clean>
9634,TR672624,<love_poetic>_<hard>_<clean>
9635,TR420024,<love_poetic>_<chill>_<clean>
9636,TR942630,<love_poetic>_<unknown>_<clean>
9637,TR886425,<love_poetic>_<unknown>_<clean>
9638,TR347525,<english_pop_trap>_<chill>_<clean>
9639,TR981981,<love_poetic>_<hard>_<clean>
9640,TR488818,<love_poetic>_<chill>_<clean>
9641,TR415555,<love_poetic>_<chill>_<clean>
9642,TR627240,<love_poetic>_<chill>_<clean>
9643,TR211667,<trap_street>_<chill>_<street>
9644,TR948510,<love_poetic>_<chill>_<clean>
9645,TR412147,<love_poetic>_<chill>_<clean>
9646,TR193997,<reflection_life>_<unknown>_<clean>
9647,TR103678,<rap_identity>_<unknown>_<clean>
9648,TR674494,<love_poetic>_<unknown>_<aggressive>
9649,TR296199,<love_poetic>_<chill>_<clean>
9650,TR392195,<love_poetic>_<unknown>_<clean>
9651,TR164564,<love_poetic>_<chill>_<clean>
9652,TR661958,<love_poetic>_<chill>_<clean>
9653,TR204777,<rap_identity>_<chill>_<clean>
9654,TR989080,<love_poetic>_<unknown>_<clean>
9655,TR549528,<love_poetic>_<chill>_<clean>
9656,TR999947,<love_poetic>_<unknown>_<clean>
9657,TR336876,<love_poetic>_<chill>_<clean>
9658,TR489615,<love_poetic>_<chill>_<clean>
9659,TR859141,<love_poetic>_<chill>_<clean>
9660,TR106487,<love_poetic>_<chill>_<clean>
9661,TR282211,<love_poetic>_<chill>_<clean>
9662,TR171114,<rap_identity>_<chill>_<clean>
9663,TR529075,<trap_street>_<unknown>_<clean>
9664,TR694945,<love_poetic>_<chill>_<clean>
9665,TR834701,<love_poetic>_<chill>_<clean>
9666,TR656656,<love_poetic>_<chill>_<street>
9667,TR661328,<rap_identity>_<chill>_<clean>
9668,TR353134,<love_poetic>_<chill>_<clean>
9669,TR304462,<love_poetic>_<chill>_<clean>
9670,TR166275,<love_poetic>_<chill>_<clean>
9671,TR418608,<love_poetic>_<unknown>_<clean>
9672,TR440300,<love_poetic>_<chill>_<clean>
9673,TR131675,<love_poetic>_<chill>_<clean>
9674,TR196482,<spanish>_<unknown>_<clean>
9675,TR518071,<love_poetic>_<chill>_<clean>
9676,TR960118,<rap_identity>_<hard>_<street>
9677,TR445932,<love_poetic>_<unknown>_<clean>
9678,TR865200,<love_poetic>_<chill>_<street>
9679,TR391349,<love_poetic>_<chill>_<clean>
9680,TR945996,<love_poetic>_<unknown>_<clean>
9681,TR638702,<love_poetic>_<hard>_<clean>
9682,TR652064,<love_poetic>_<chill>_<clean>
9683,TR329986,<love_poetic>_<unknown>_<clean>
9684,TR531447,<love_poetic>_<chill>_<clean>
9685,TR999951,<rap_identity>_<chill>_<clean>
9686,TR159427,<rap_identity>_<chill>_<street>
9687,TR696057,<love_poetic>_<chill>_<clean>
9688,TR615849,<love_poetic>_<chill>_<clean>
9689,TR606445,<rap_identity>_<hard>_<clean>
9690,TR593803,<love_poetic>_<chill>_<clean>
9691,TR817190,<love_poetic>_<chill>_<clean>
9692,TR977178,<rap_identity>_<chill>_<clean>
9693,TR615973,<love_poetic>_<unknown>_<clean>
9694,TR198766,<love_poetic>_<unknown>_<clean>
9695,TR287556,<trap_street>_<chill>_<street>
9696,TR508467,<rap_identity>_<chill>_<clean>
9697,TR977474,<english_pop_trap>_<unknown>_<clean>
9698,TR951284,<love_poetic>_<chill>_<street>
9699,TR719137,<love_poetic>_<unknown>_<clean>
9700,TR324177,<love_poetic>_<chill>_<clean>
9701,TR989902,<rap_identity>_<hard>_<clean>
9702,TR389881,<love_poetic>_<hard>_<clean>
9703,TR999957,<love_poetic>_<unknown>_<clean>
9704,TR406954,<love_poetic>_<hard>_<clean>
9705,TR660108,<rap_identity>_<chill>_<street>
9706,TR496879,<love_poetic>_<chill>_<clean>
9707,TR336727,<love_poetic>_<chill>_<clean>
9708,TR313579,<love_poetic>_<chill>_<clean>
9709,TR503064,<love_poetic>_<chill>_<clean>
9710,TR789473,<love_poetic>_<chill>_<clean>
9711,TR779818,<spanish>_<unknown>_<clean>
9712,TR981203,<love_poetic>_<hard>_<clean>
9713,TR985537,<love_poetic>_<chill>_<clean>
9714,TR577806,<love_poetic>_<unknown>_<clean>
9715,TR236988,<rap_identity>_<unknown>_<clean>
9716,TR714245,<love_poetic>_<chill>_<clean>
9717,TR495829,<love_poetic>_<unknown>_<clean>
9718,TR661667,<love_poetic>_<unknown>_<clean>
9719,TR764338,<english_pop_trap>_<chill>_<street>
9720,TR883436,<rap_identity>_<unknown>_<clean>
9721,TR285306,<love_poetic>_<unknown>_<clean>
9722,TR705082,<love_poetic>_<chill>_<street>
9723,TR622763,<love_poetic>_<chill>_<clean>
9724,TR653532,<rap_identity>_<chill>_<clean>
9725,TR157132,<rap_identity>_<chill>_<aggressive>
9726,TR166493,<love_poetic>_<hard>_<clean>
9727,TR644592,<love_poetic>_<unknown>_<clean>
9728,TR686662,<english_pop_trap>_<chill>_<clean>
9729,TR303019,<love_poetic>_<chill>_<clean>
9730,TR440307,<dialect_rap>_<chill>_<clean>
9731,TR419632,<love_poetic>_<chill>_<clean>
9732,TR318917,<love_poetic>_<chill>_<clean>
9733,TR999941,<love_poetic>_<hard>_<clean>
9734,TR677212,<love_poetic>_<chill>_<clean>
9735,TR361351,<rap_identity>_<chill>_<clean>
9736,TR393891,<rap_identity>_<chill>_<clean>
9737,TR426625,<rap_identity>_<hard>_<clean>
9738,TR912131,<reflection_life>_<unknown>_<clean>
9739,TR677428,<love_poetic>_<unknown>_<clean>
9740,TR628410,<love_poetic>_<chill>_<clean>
9741,TR367510,<reflection_life>_<unknown>_<clean>
9742,TR552962,<love_poetic>_<unknown>_<clean>
9743,TR819089,<reflection_life>_<unknown>_<clean>
9744,TR468054,<love_poetic>_<unknown>_<clean>
9745,TR299632,<love_poetic>_<unknown>_<clean>
9746,TR237763,<love_poetic>_<unknown>_<clean>
9747,TR604904,<love_poetic>_<unknown>_<clean>
9748,TR283414,<rap_identity>_<unknown>_<aggressive>
9749,TR642694,<love_poetic>_<unknown>_<clean>
9750,TR296731,<rap_identity>_<unknown>_<clean>
9751,TR416270,<love_poetic>_<hard>_<clean>
9752,TR666431,<love_poetic>_<hard>_<street>
9753,TR567537,<reflection_life>_<unknown>_<clean>
9754,TR441182,<love_poetic>_<unknown>_<clean>
9755,TR889436,<love_poetic>_<chill>_<clean>
9756,TR117163,<reflection_life>_<chill>_<clean>
9757,TR160544,<english_pop_trap>_<unknown>_<clean>
9758,TR956338,<love_poetic>_<chill>_<clean>
9759,TR979156,<love_poetic>_<hard>_<clean>
9760,TR999960,<reflection_life>_<unknown>_<clean>
9761,TR171796,<reflection_life>_<unknown>_<street>
9762,TR878715,<rap_identity>_<chill>_<clean>
9763,TR749219,<love_poetic>_<hard>_<clean>
9764,TR429837,<love_poetic>_<chill>_<clean>
9765,TR626130,<rap_identity>_<chill>_<street>
9766,TR860912,<love_poetic>_<chill>_<clean>
9767,TR632962,<love_poetic>_<unknown>_<clean>
9768,TR523144,<rap_identity>_<hard>_<street>
9769,TR999997,<love_poetic>_<hard>_<clean>
9770,TR721314,<love_poetic>_<chill>_<street>
9771,TR776777,<rap_identity>_<unknown>_<clean>
9772,TR312703,<love_poetic>_<unknown>_<clean>
9773,TR613543,<love_poetic>_<chill>_<clean>
9774,TR775595,<reflection_life>_<unknown>_<clean>
9775,TR698646,<rap_identity>_<hard>_<clean>
9776,TR503316,<love_poetic>_<unknown>_<clean>
9777,TR972120,<rap_identity>_<chill>_<clean>
9778,TR663662,<rap_identity>_<chill>_<street>
9779,TR514908,<english_pop_trap>_<unknown>_<street>
9780,TR722180,<reflection_life>_<chill>_<clean>
9781,TR977792,<love_poetic>_<chill>_<clean>
9782,TR369087,<love_poetic>_<unknown>_<clean>
9783,TR334143,<english_pop_trap>_<unknown>_<clean>
9784,TR618474,<love_poetic>_<unknown>_<clean>
9785,TR390632,<english_pop_trap>_<chill>_<clean>
9786,TR499520,<love_poetic>_<chill>_<clean>
9787,TR426742,<english_pop_trap>_<unknown>_<aggressive>
9788,TR568955,<love_poetic>_<unknown>_<clean>
9789,TR722259,<reflection_life>_<hard>_<clean>
9790,TR794202,<rap_identity>_<hard>_<clean>
9791,TR494991,<trap_street>_<hard>_<clean>
9792,TR297131,<love_poetic>_<chill>_<clean>
9793,TR517881,<rap_identity>_<hard>_<clean>
9794,TR473936,<rap_identity>_<hard>_<street>
9795,TR321828,<reflection_life>_<unknown>_<clean>
9796,TR118852,<rap_identity>_<hard>_<clean>
9797,TR623119,<reflection_life>_<hard>_<clean>
9798,TR411030,<love_poetic>_<unknown>_<clean>
9799,TR272492,<rap_identity>_<unknown>_<street>
9800,TR175402,<rap_identity>_<hard>_<clean>
9801,TR824985,<reflection_life>_<hard>_<clean>
9802,TR463718,<rap_identity>_<chill>_<clean>
9803,TR129301,<reflection_life>_<chill>_<clean>
9804,TR337499,<love_poetic>_<chill>_<clean>
9805,TR841119,<rap_identity>_<chill>_<clean>
9806,TR742582,<love_poetic>_<hard>_<clean>
9807,TR505587,<rap_identity>_<hard>_<clean>
9808,TR997334,<love_poetic>_<chill>_<clean>
9809,TR416265,<love_poetic>_<hard>_<clean>
9810,TR910598,<love_poetic>_<chill>_<clean>
9811,TR235598,<reflection_life>_<hard>_<clean>
9812,TR762754,<rap_identity>_<chill>_<clean>
9813,TR236318,<reflection_life>_<hard>_<clean>
9814,TR406716,<reflection_life>_<unknown>_<clean>
9815,TR512732,<rap_identity>_<chill>_<clean>
9816,TR444343,<reflection_life>_<unknown>_<clean>
9817,TR206705,<rap_identity>_<chill>_<street>
9818,TR646241,<rap_identity>_<chill>_<clean>
9819,TR595790,<rap_identity>_<hard>_<street>
9820,TR535468,<reflection_life>_<chill>_<clean>
9821,TR317704,<love_poetic>_<chill>_<clean>
9822,TR620313,<reflection_life>_<hard>_<clean>
9823,TR388839,<rap_identity>_<unknown>_<street>
9824,TR807613,<reflection_life>_<chill>_<clean>
9825,TR999938,<reflection_life>_<chill>_<clean>
9826,TR878537,<love_poetic>_<hard>_<clean>
9827,TR177776,<reflection_life>_<hard>_<clean>
9828,TR612809,<reflection_life>_<hard>_<clean>
9829,TR127950,<love_poetic>_<unknown>_<clean>
9830,TR715739,<reflection_life>_<unknown>_<clean>
9831,TR103268,<rap_identity>_<chill>_<clean>
9832,TR555206,<rap_identity>_<hard>_<street>
9833,TR118758,<reflection_life>_<hard>_<street>
9834,TR378992,<english_pop_trap>_<chill>_<street>
9835,TR229691,<reflection_life>_<chill>_<clean>
9836,TR148352,<rap_identity>_<chill>_<clean>
9837,TR752859,<english_pop_trap>_<unknown>_<clean>
9838,TR105784,<love_poetic>_<chill>_<clean>
9839,TR921940,<reflection_life>_<chill>_<clean>
9840,TR928497,<love_poetic>_<unknown>_<clean>
9841,TR412906,<reflection_life>_<unknown>_<clean>
9842,TR232907,<reflection_life>_<unknown>_<street>
9843,TR609875,<rap_identity>_<chill>_<clean>
9844,TR579403,<love_poetic>_<chill>_<clean>
9845,TR660396,<love_poetic>_<chill>_<clean>
9846,TR348465,<love_poetic>_<chill>_<clean>
9847,TR446021,<rap_identity>_<hard>_<street>
9848,TR465259,<reflection_life>_<hard>_<clean>
9849,TR209347,<english_pop_trap>_<chill>_<clean>
9850,TR676360,<reflection_life>_<hard>_<clean>
9851,TR122532,<rap_identity>_<hard>_<clean>
9852,TR137693,<trap_street>_<hard>_<clean>
9853,TR611127,<reflection_life>_<unknown>_<clean>
9854,TR667745,<rap_identity>_<unknown>_<clean>
9855,TR733933,<rap_identity>_<hard>_<clean>
9856,TR873763,<rap_identity>_<chill>_<clean>
9857,TR534725,<love_poetic>_<chill>_<street>
9858,TR407993,<rap_identity>_<chill>_<clean>
9859,TR230490,<love_poetic>_<hard>_<street>
9860,TR843958,<reflection_life>_<chill>_<clean>
9861,TR792495,<rap_identity>_<hard>_<street>
9862,TR539854,<reflection_life>_<hard>_<street>
9863,TR992286,<rap_identity>_<unknown>_<street>
9864,TR331300,<reflection_life>_<hard>_<street>
9865,TR555354,<english_pop_trap>_<hard>_<clean>
9866,TR976054,<love_poetic>_<unknown>_<clean>
9867,TR930338,<rap_identity>_<chill>_<clean>
9868,TR121881,<trap_street>_<hard>_<clean>
9869,TR836948,<english_pop_trap>_<hard>_<clean>
9870,TR267159,<love_poetic>_<unknown>_<clean>
9871,TR750691,<rap_identity>_<chill>_<street>
9872,TR436613,<love_poetic>_<chill>_<clean>
9873,TR162884,<love_poetic>_<chill>_<clean>
9874,TR975554,<love_poetic>_<hard>_<street>
9875,TR836340,<english_pop_trap>_<unknown>_<clean>
9876,TR845474,<reflection_life>_<unknown>_<clean>
9877,TR453229,<english_pop_trap>_<unknown>_<street>
9878,TR281652,<rap_identity>_<unknown>_<street>
9879,TR790792,<love_poetic>_<unknown>_<clean>
9880,TR203356,<love_poetic>_<chill>_<clean>
9881,TR406456,<love_poetic>_<hard>_<clean>
9882,TR601029,<love_poetic>_<chill>_<clean>
9883,TR792976,<reflection_life>_<hard>_<clean>
9884,TR735617,<love_poetic>_<hard>_<clean>
9885,TR115681,<rap_identity>_<hard>_<aggressive>
9886,TR967164,<love_poetic>_<unknown>_<clean>
9887,TR194346,<reflection_life>_<hard>_<street>
9888,TR595020,<rap_identity>_<unknown>_<street>
9889,TR886668,<love_poetic>_<unknown>_<clean>
9890,TR563354,<love_poetic>_<chill>_<clean>
9891,TR518324,<love_poetic>_<chill>_<clean>
9892,TR864774,<rap_identity>_<unknown>_<clean>
9893,TR237702,<rap_identity>_<hard>_<street>
9894,TR370361,<rap_identity>_<unknown>_<clean>
9895,TR321561,<reflection_life>_<chill>_<clean>
9896,TR967165,<rap_identity>_<unknown>_<clean>
9897,TR288938,<reflection_life>_<unknown>_<clean>
9898,TR696780,<english_pop_trap>_<hard>_<clean>
9899,TR999978,<reflection_life>_<hard>_<clean>
9900,TR296688,<love_poetic>_<unknown>_<clean>
9901,TR948397,<rap_identity>_<chill>_<street>
9902,TR416673,<rap_identity>_<unknown>_<street>
9903,TR749814,<love_poetic>_<hard>_<clean>
9904,TR118288,<love_poetic>_<energetic>_<clean>
9905,TR642070,<reflection_life>_<unknown>_<clean>
9906,TR619964,<reflection_life>_<unknown>_<clean>
9907,TR608963,<english_pop_trap>_<unknown>_<street>
9908,TR469798,<rap_identity>_<chill>_<street>
9909,TR420845,<rap_identity>_<hard>_<clean>
9910,TR890852,<love_poetic>_<hard>_<clean>
9911,TR172680,<rap_identity>_<hard>_<street>
9912,TR749388,<love_poetic>_<hard>_<clean>
9913,TR573535,<reflection_life>_<unknown>_<clean>
9914,TR549127,<reflection_life>_<chill>_<clean>
9915,TR775939,<love_poetic>_<hard>_<clean>
9916,TR736132,<love_poetic>_<chill>_<clean>
9917,TR231225,<english_pop_trap>_<hard>_<street>
9918,TR662075,<trap_street>_<unknown>_<street>
9919,TR940528,<rap_identity>_<chill>_<street>
9920,TR890448,<rap_identity>_<unknown>_<clean>
9921,TR895037,<love_poetic>_<hard>_<clean>
9922,TR543626,<rap_identity>_<unknown>_<clean>
9923,TR540621,<love_poetic>_<chill>_<clean>
9924,TR999965,<reflection_life>_<unknown>_<clean>
9925,TR717882,<love_poetic>_<hard>_<clean>
9926,TR999950,<love_poetic>_<unknown>_<clean>
9927,TR206748,<love_poetic>_<hard>_<clean>
9928,TR767783,<love_poetic>_<hard>_<clean>
9929,TR390951,<love_poetic>_<unknown>_<clean>
9930,TR557824,<rap_identity>_<unknown>_<clean>
9931,TR311301,<love_poetic>_<chill>_<clean>
9932,TR455930,<love_poetic>_<chill>_<clean>
9933,TR306724,<reflection_life>_<chill>_<clean>
9934,TR267573,<rap_identity>_<chill>_<clean>
9935,TR538901,<love_poetic>_<hard>_<clean>
9936,TR855997,<rap_identity>_<unknown>_<clean>
9937,TR279719,<rap_identity>_<chill>_<street>
9938,TR356672,<rap_identity>_<unknown>_<clean>
9939,TR152059,<rap_identity>_<unknown>_<clean>
9940,TR256946,<rap_identity>_<unknown>_<clean>
9941,TR507612,<love_poetic>_<unknown>_<street>
9942,TR201834,<love_poetic>_<hard>_<clean>
9943,TR768742,<love_poetic>_<unknown>_<clean>
9944,TR539505,<reflection_life>_<chill>_<clean>
9945,TR703055,<love_poetic>_<chill>_<clean>
9946,TR982413,<rap_identity>_<unknown>_<clean>
9947,TR111132,<english_pop_trap>_<chill>_<street>
9948,TR209907,<reflection_life>_<unknown>_<clean>
9949,TR535736,<rap_identity>_<unknown>_<street>
9950,TR658718,<rap_identity>_<hard>_<street>
9951,TR420210,<reflection_life>_<unknown>_<clean>
9952,TR989546,<reflection_life>_<unknown>_<clean>
9953,TR594742,<english_pop_trap>_<chill>_<clean>
9954,TR764115,<english_pop_trap>_<unknown>_<clean>
9955,TR270366,<reflection_life>_<unknown>_<clean>
9956,TR635474,<rap_identity>_<chill>_<clean>
9957,TR430452,<love_poetic>_<unknown>_<clean>
9958,TR443652,<english_pop_trap>_<energetic>_<clean>
9959,TR882339,<rap_identity>_<unknown>_<clean>
9960,TR799588,<reflection_life>_<unknown>_<clean>
9961,TR678837,<trap_street>_<unknown>_<clean>
9962,TR739027,<love_poetic>_<chill>_<clean>
9963,TR727272,<reflection_life>_<chill>_<street>
9964,TR683319,<love_poetic>_<unknown>_<clean>
9965,TR846209,<rap_identity>_<hard>_<clean>
9966,TR829954,<reflection_life>_<unknown>_<clean>
9967,TR131968,<reflection_life>_<hard>_<clean>
9968,TR269790,<reflection_life>_<chill>_<clean>
9969,TR792143,<reflection_life>_<unknown>_<clean>
9970,TR278806,<love_poetic>_<chill>_<clean>
9971,TR891039,<rap_identity>_<chill>_<clean>
9972,TR754161,<rap_identity>_<hard>_<clean>
9973,TR611746,<rap_identity>_<hard>_<clean>
9974,TR783486,<rap_identity>_<unknown>_<street>
9975,TR742183,<english_pop_trap>_<unknown>_<clean>
9976,TR822946,<english_pop_trap>_<chill>_<clean>
9977,TR452028,<rap_identity>_<chill>_<clean>
9978,TR321945,<reflection_life>_<unknown>_<clean>
9979,TR790266,<english_pop_trap>_<unknown>_<clean>
9980,TR603823,<rap_identity>_<unknown>_<street>
9981,TR569849,<rap_identity>_<unknown>_<street>
9982,TR197610,<reflection_life>_<unknown>_<clean>
9983,TR999945,<rap_identity>_<chill>_<clean>
9984,TR326177,<reflection_life>_<unknown>_<clean>
9985,TR408697,<love_poetic>_<unknown>_<clean>
9986,TR190655,<reflection_life>_<chill>_<clean>
9987,TR143027,<rap_identity>_<chill>_<street>
9988,TR323417,<trap_street>_<unknown>_<clean>
9989,TR952351,<rap_identity>_<hard>_<clean>
9990,TR241119,<reflection_life>_<unknown>_<clean>
9991,TR596070,<rap_identity>_<unknown>_<clean>
9992,TR140463,<english_pop_trap>_<hard>_<street>
9993,TR720391,<rap_identity>_<unknown>_<street>
9994,TR904925,<reflection_life>_<hard>_<clean>
9995,TR526580,<reflection_life>_<unknown>_<clean>
9996,TR464112,<reflection_life>_<chill>_<clean>
9997,TR634616,<rap_identity>_<unknown>_<clean>
9998,TR850661,<rap_identity>_<unknown>_<aggressive>
9999,TR995810,<rap_identity>_<unknown>_<street>
10000,TR535913,<rap_identity>_<unknown>_<street>
10001,TR185587,<rap_identity>_<chill>_<clean>
10002,TR439872,<reflection_life>_<unknown>_<clean>
10003,TR167125,<rap_identity>_<unknown>_<aggressive>
10004,TR816279,<rap_identity>_<unknown>_<clean>
10005,TR444933,<rap_identity>_<unknown>_<clean>
10006,TR756035,<reflection_life>_<chill>_<clean>
10007,TR915474,<english_pop_trap>_<unknown>_<clean>
10008,TR924168,<rap_identity>_<hard>_<street>
10009,TR397451,<rap_identity>_<unknown>_<street>
10010,TR748884,<reflection_life>_<unknown>_<clean>
10011,TR211670,<love_poetic>_<unknown>_<clean>
10012,TR940808,<love_poetic>_<hard>_<street>
10013,TR521006,<love_poetic>_<unknown>_<clean>
10014,TR706067,<reflection_life>_<chill>_<clean>
10015,TR250339,<rap_identity>_<hard>_<street>
10016,TR562625,<rap_identity>_<unknown>_<clean>
10017,TR292683,<love_poetic>_<unknown>_<clean>
10018,TR270855,<rap_identity>_<unknown>_<street>
10019,TR247318,<rap_identity>_<unknown>_<street>
10020,TR280297,<rap_identity>_<chill>_<clean>
10021,TR270925,<english_pop_trap>_<chill>_<clean>
10022,TR310747,<rap_identity>_<unknown>_<clean>
10023,TR177607,<reflection_life>_<energetic>_<clean>
10024,TR170867,<english_pop_trap>_<chill>_<clean>
10025,TR686254,<reflection_life>_<hard>_<clean>
10026,TR308992,<rap_identity>_<unknown>_<street>
10027,TR749503,<english_pop_trap>_<unknown>_<clean>
10028,TR893222,<reflection_life>_<unknown>_<clean>
10029,TR866390,<english_pop_trap>_<unknown>_<street>
10030,TR863352,<reflection_life>_<unknown>_<clean>
10031,TR149575,<reflection_life>_<unknown>_<clean>
10032,TR186046,<reflection_life>_<unknown>_<clean>
10033,TR539434,<rap_identity>_<unknown>_<street>
10034,TR999976,<reflection_life>_<unknown>_<clean>
10035,TR964893,<rap_identity>_<unknown>_<clean>
10036,TR523767,<love_poetic>_<unknown>_<clean>
10037,TR384978,<reflection_life>_<unknown>_<clean>
10038,TR758172,<rap_identity>_<chill>_<street>
10039,TR939645,<rap_identity>_<chill>_<clean>
10040,TR925686,<reflection_life>_<unknown>_<clean>
10041,TR509828,<rap_identity>_<chill>_<street>
10042,TR406495,<love_poetic>_<chill>_<clean>
10043,TR849617,<english_pop_trap>_<unknown>_<clean>
10044,TR118752,<rap_identity>_<unknown>_<clean>
10045,TR575399,<love_poetic>_<unknown>_<clean>
10046,TR978975,<reflection_life>_<hard>_<clean>
10047,TR244909,<rap_identity>_<unknown>_<street>
10048,TR663305,<rap_identity>_<unknown>_<clean>
10049,TR934181,<rap_identity>_<unknown>_<clean>
10050,TR231950,<reflection_life>_<unknown>_<clean>
10051,TR228952,<love_poetic>_<hard>_<aggressive>
10052,TR660014,<reflection_life>_<unknown>_<clean>
10053,TR614178,<reflection_life>_<unknown>_<clean>
10054,TR179936,<rap_identity>_<unknown>_<clean>
10055,TR752203,<rap_identity>_<chill>_<clean>
10056,TR579061,<reflection_life>_<unknown>_<clean>
10057,TR311263,<love_poetic>_<unknown>_<clean>
10058,TR374067,<rap_identity>_<unknown>_<clean>
10059,TR606027,<rap_identity>_<unknown>_<street>
10060,TR988487,<love_poetic>_<hard>_<street>
10061,TR486247,<rap_identity>_<unknown>_<clean>
10062,TR687734,<reflection_life>_<unknown>_<clean>
10063,TR832920,<reflection_life>_<unknown>_<clean>
10064,TR883142,<love_poetic>_<unknown>_<street>
10065,TR226282,<love_poetic>_<energetic>_<clean>
10066,TR317000,<rap_identity>_<chill>_<street>
10067,TR277457,<rap_identity>_<unknown>_<clean>
10068,TR980611,<rap_identity>_<unknown>_<clean>
10069,TR103202,<love_poetic>_<hard>_<clean>
10070,TR281790,<reflection_life>_<chill>_<clean>
10071,TR279148,<rap_identity>_<unknown>_<clean>
10072,TR853898,<reflection_life>_<unknown>_<clean>
10073,TR620554,<rap_identity>_<unknown>_<street>
10074,TR920374,<love_poetic>_<chill>_<clean>
10075,TR761112,<love_poetic>_<hard>_<clean>
10076,TR226363,<spanish>_<hard>_<clean>
10077,TR300102,<trap_street>_<chill>_<clean>
10078,TR250768,<love_poetic>_<chill>_<street>
10079,TR438850,<reflection_life>_<chill>_<clean>
10080,TR600106,<rap_identity>_<unknown>_<street>
10081,TR323751,<love_poetic>_<chill>_<clean>
10082,TR313988,<spanish>_<chill>_<clean>
10083,TR903249,<love_poetic>_<chill>_<clean>
10084,TR963399,<rap_identity>_<hard>_<clean>
10085,TR484992,<rap_identity>_<unknown>_<street>
10086,TR478372,<love_poetic>_<chill>_<clean>
10087,TR682031,<rap_identity>_<hard>_<clean>
10088,TR105814,<reflection_life>_<chill>_<clean>
10089,TR983599,<love_poetic>_<unknown>_<clean>
10090,TR463964,<reflection_life>_<hard>_<clean>
10091,TR284990,<reflection_life>_<chill>_<clean>
10092,TR746261,<english_pop_trap>_<unknown>_<street>
10093,TR402154,<rap_identity>_<unknown>_<clean>
10094,TR427286,<reflection_life>_<unknown>_<clean>
10095,TR616233,<reflection_life>_<hard>_<clean>
10096,TR944558,<reflection_life>_<hard>_<clean>
10097,TR779641,<rap_identity>_<chill>_<street>
10098,TR758939,<reflection_life>_<hard>_<clean>
10099,TR174804,<reflection_life>_<chill>_<clean>
10100,TR825848,<love_poetic>_<chill>_<clean>
10101,TR325737,<rap_identity>_<unknown>_<clean>
10102,TR119521,<love_poetic>_<chill>_<clean>
10103,TR411053,<love_poetic>_<chill>_<clean>
10104,TR852551,<spanish>_<hard>_<clean>
10105,TR453546,<rap_identity>_<chill>_<street>
10106,TR546743,<love_poetic>_<chill>_<clean>
10107,TR425703,<trap_street>_<hard>_<clean>
10108,TR570058,<love_poetic>_<chill>_<clean>
10109,TR674797,<reflection_life>_<unknown>_<clean>
10110,TR971740,<rap_identity>_<hard>_<clean>
10111,TR613858,<rap_identity>_<chill>_<clean>
10112,TR493282,<rap_identity>_<chill>_<clean>
10113,TR883702,<love_poetic>_<chill>_<clean>
10114,TR683065,<love_poetic>_<chill>_<clean>
10115,TR773157,<trap_street>_<unknown>_<clean>
10116,TR150434,<love_poetic>_<hard>_<clean>
10117,TR967873,<trap_street>_<hard>_<clean>
10118,TR139030,<rap_identity>_<hard>_<clean>
10119,TR629369,<spanish>_<hard>_<clean>
10120,TR238837,<spanish>_<chill>_<clean>
10121,TR567958,<trap_street>_<hard>_<clean>
10122,TR551206,<love_poetic>_<chill>_<clean>
10123,TR476544,<love_poetic>_<unknown>_<clean>
10124,TR710376,<reflection_life>_<hard>_<clean>
10125,TR706951,<love_poetic>_<hard>_<clean>
10126,TR818897,<love_poetic>_<unknown>_<clean>
10127,TR764107,<love_poetic>_<unknown>_<clean>
10128,TR920327,<reflection_life>_<unknown>_<clean>
10129,TR153496,<trap_street>_<chill>_<clean>
10130,TR606626,<rap_identity>_<chill>_<street>
10131,TR757262,<spanish>_<chill>_<clean>
10132,TR268590,<rap_identity>_<chill>_<clean>
10133,TR239128,<love_poetic>_<unknown>_<clean>
10134,TR693853,<love_poetic>_<chill>_<clean>
10135,TR328870,<rap_identity>_<hard>_<street>
10136,TR994688,<love_poetic>_<hard>_<clean>
10137,TR605811,<trap_street>_<chill>_<clean>
10138,TR849332,<love_poetic>_<chill>_<clean>
10139,TR961107,<rap_identity>_<chill>_<clean>
10140,TR884011,<love_poetic>_<unknown>_<clean>
10141,TR446948,<reflection_life>_<chill>_<clean>
10142,TR625887,<love_poetic>_<hard>_<clean>
10143,TR559013,<love_poetic>_<chill>_<clean>
10144,TR171140,<rap_identity>_<hard>_<clean>
10145,TR885361,<reflection_life>_<chill>_<clean>
10146,TR128704,<rap_identity>_<chill>_<street>
10147,TR618781,<trap_street>_<chill>_<aggressive>
10148,TR559226,<love_poetic>_<chill>_<clean>
10149,TR862791,<rap_identity>_<unknown>_<clean>
10150,TR862923,<spanish>_<chill>_<clean>
10151,TR616797,<reflection_life>_<chill>_<clean>
10152,TR245051,<love_poetic>_<hard>_<clean>
10153,TR131414,<rap_identity>_<hard>_<clean>
10154,TR227327,<spanish>_<chill>_<clean>
10155,TR996824,<trap_street>_<hard>_<clean>
10156,TR123320,<love_poetic>_<chill>_<clean>
10157,TR860043,<rap_identity>_<chill>_<clean>
10158,TR308267,<trap_street>_<unknown>_<clean>
10159,TR240144,<love_poetic>_<hard>_<clean>
10160,TR704047,<spanish>_<unknown>_<clean>
10161,TR363854,<reflection_life>_<hard>_<clean>
10162,TR234067,<rap_identity>_<hard>_<clean>
10163,TR589534,<reflection_life>_<unknown>_<clean>
10164,TR674541,<spanish>_<unknown>_<clean>
10165,TR658536,<reflection_life>_<chill>_<clean>
10166,TR889375,<reflection_life>_<unknown>_<clean>
10167,TR999981,<love_poetic>_<unknown>_<clean>
10168,TR623100,<love_poetic>_<unknown>_<clean>
10169,TR592806,<reflection_life>_<hard>_<clean>
10170,TR853844,<rap_identity>_<chill>_<clean>
10171,TR729696,<rap_identity>_<chill>_<aggressive>
10172,TR805231,<rap_identity>_<chill>_<clean>
10173,TR810059,<reflection_life>_<chill>_<clean>
10174,TR840121,<reflection_life>_<unknown>_<clean>
10175,TR611206,<reflection_life>_<unknown>_<clean>
10176,TR296915,<reflection_life>_<chill>_<clean>
10177,TR901226,<rap_identity>_<hard>_<street>
10178,TR229227,<reflection_life>_<chill>_<street>
10179,TR195519,<trap_street>_<unknown>_<street>
10180,TR376028,<reflection_life>_<hard>_<street>
10181,TR611877,<english_pop_trap>_<chill>_<street>
10182,TR684216,<trap_street>_<hard>_<street>
10183,TR328499,<reflection_life>_<chill>_<clean>
10184,TR472274,<trap_street>_<hard>_<street>
10185,TR448877,<love_poetic>_<unknown>_<clean>
10186,TR708095,<reflection_life>_<hard>_<street>
10187,TR203683,<love_poetic>_<chill>_<clean>
10188,TR253898,<love_poetic>_<chill>_<clean>
10189,TR854907,<love_poetic>_<chill>_<clean>
10190,TR675727,<love_poetic>_<chill>_<clean>
10191,TR453640,<love_poetic>_<unknown>_<clean>
10192,TR540185,<love_poetic>_<chill>_<clean>
10193,TR356306,<reflection_life>_<chill>_<clean>
10194,TR591345,<rap_identity>_<hard>_<clean>
10195,TR511876,<rap_identity>_<chill>_<street>
10196,TR731111,<rap_identity>_<chill>_<clean>
10197,TR116528,<rap_identity>_<chill>_<clean>
10198,TR691943,<reflection_life>_<chill>_<clean>
10199,TR981117,<rap_identity>_<hard>_<clean>
10200,TR930775,<reflection_life>_<chill>_<clean>
10201,TR850160,<english_pop_trap>_<hard>_<clean>
10202,TR496653,<reflection_life>_<chill>_<clean>
10203,TR650447,<love_poetic>_<hard>_<clean>
10204,TR393241,<love_poetic>_<unknown>_<clean>
10205,TR313565,<love_poetic>_<chill>_<street>
10206,TR353282,<love_poetic>_<chill>_<street>
10207,TR546164,<reflection_life>_<chill>_<aggressive>
10208,TR759934,<love_poetic>_<chill>_<clean>
10209,TR791255,<rap_identity>_<chill>_<street>
10210,TR297175,<reflection_life>_<unknown>_<clean>
10211,TR229193,<love_poetic>_<unknown>_<clean>
10212,TR576460,<rap_identity>_<chill>_<clean>
10213,TR213252,<reflection_life>_<unknown>_<clean>
10214,TR219551,<english_pop_trap>_<chill>_<clean>
10215,TR196675,<love_poetic>_<chill>_<clean>
10216,TR303682,<reflection_life>_<hard>_<street>
10217,TR919804,<reflection_life>_<chill>_<street>
10218,TR265400,<love_poetic>_<chill>_<clean>
10219,TR478130,<love_poetic>_<hard>_<clean>
10220,TR999974,<rap_identity>_<chill>_<clean>
10221,TR622333,<reflection_life>_<chill>_<clean>
10222,TR124631,<reflection_life>_<chill>_<street>
10223,TR830393,<love_poetic>_<chill>_<clean>
10224,TR731668,<reflection_life>_<chill>_<clean>
10225,TR739865,<love_poetic>_<chill>_<clean>
10226,TR645853,<reflection_life>_<chill>_<clean>
10227,TR946148,<english_pop_trap>_<unknown>_<clean>
10228,TR627217,<trap_street>_<chill>_<clean>
10229,TR860002,<reflection_life>_<chill>_<clean>
10230,TR403785,<rap_identity>_<hard>_<street>
10231,TR952064,<love_poetic>_<chill>_<clean>
10232,TR897360,<reflection_life>_<chill>_<clean>
10233,TR480259,<spanish>_<chill>_<aggressive>
10234,TR869701,<love_poetic>_<chill>_<clean>
10235,TR701532,<love_poetic>_<chill>_<clean>
10236,TR731379,<love_poetic>_<chill>_<clean>
10237,TR459679,<love_poetic>_<chill>_<clean>
10238,TR165212,<rap_identity>_<chill>_<clean>
10239,TR608745,<reflection_life>_<chill>_<clean>
10240,TR845385,<reflection_life>_<hard>_<clean>
10241,TR781890,<rap_identity>_<chill>_<street>
10242,TR498962,<rap_identity>_<chill>_<street>
10243,TR721039,<love_poetic>_<chill>_<clean>
10244,TR333448,<english_pop_trap>_<chill>_<street>
10245,TR572044,<love_poetic>_<chill>_<clean>
10246,TR643848,<reflection_life>_<chill>_<clean>
10247,TR840488,<reflection_life>_<chill>_<clean>
10248,TR722654,<reflection_life>_<unknown>_<street>
10249,TR845296,<reflection_life>_<chill>_<clean>
10250,TR843290,<reflection_life>_<chill>_<street>
10251,TR999940,<reflection_life>_<chill>_<clean>
10252,TR996231,<rap_identity>_<chill>_<aggressive>
10253,TR998032,<rap_identity>_<hard>_<street>
10254,TR840338,<love_poetic>_<chill>_<clean>
10255,TR348625,<rap_identity>_<chill>_<street>
10256,TR770885,<love_poetic>_<unknown>_<clean>
10257,TR788528,<love_poetic>_<hard>_<clean>
10258,TR377739,<english_pop_trap>_<chill>_<clean>
10259,TR943904,<english_pop_trap>_<hard>_<clean>
10260,TR552809,<love_poetic>_<chill>_<clean>
10261,TR170280,<rap_identity>_<hard>_<clean>
10262,TR700059,<reflection_life>_<hard>_<clean>
10263,TR485842,<english_pop_trap>_<chill>_<clean>
10264,TR237531,<love_poetic>_<chill>_<clean>
10265,TR231277,<love_poetic>_<chill>_<clean>
10266,TR802307,<rap_identity>_<chill>_<clean>
10267,TR128449,<love_poetic>_<chill>_<clean>
10268,TR511007,<rap_identity>_<chill>_<clean>
10269,TR595842,<reflection_life>_<unknown>_<clean>
10270,TR430939,<reflection_life>_<chill>_<clean>
10271,TR253127,<reflection_life>_<unknown>_<clean>
10272,TR674523,<reflection_life>_<unknown>_<clean>
10273,TR625764,<reflection_life>_<chill>_<street>
10274,TR939101,<english_pop_trap>_<chill>_<street>
10275,TR708528,<reflection_life>_<unknown>_<clean>
10276,TR320348,<rap_identity>_<chill>_<clean>
10277,TR761059,<rap_identity>_<chill>_<street>
10278,TR490859,<reflection_life>_<chill>_<clean>
10279,TR614818,<rap_identity>_<chill>_<clean>
10280,TR226814,<rap_identity>_<chill>_<street>
10281,TR816395,<reflection_life>_<chill>_<clean>
10282,TR113702,<rap_identity>_<hard>_<street>
10283,TR828726,<rap_identity>_<chill>_<clean>
10284,TR246839,<love_poetic>_<chill>_<clean>
10285,TR320814,<rap_identity>_<hard>_<street>
10286,TR569937,<reflection_life>_<chill>_<clean>
10287,TR999994,<reflection_life>_<chill>_<street>
10288,TR745549,<reflection_life>_<chill>_<clean>
10289,TR307565,<rap_identity>_<hard>_<clean>
10290,TR601309,<love_poetic>_<chill>_<clean>
10291,TR636326,<reflection_life>_<hard>_<clean>
10292,TR944243,<reflection_life>_<chill>_<clean>
10293,TR246352,<reflection_life>_<unknown>_<clean>
10294,TR609228,<love_poetic>_<chill>_<clean>
10295,TR424160,<rap_identity>_<chill>_<street>
10296,TR505289,<love_poetic>_<hard>_<clean>
10297,TR531180,<rap_identity>_<chill>_<street>
10298,TR161567,<love_poetic>_<unknown>_<clean>
10299,TR660156,<reflection_life>_<unknown>_<clean>
10300,TR170292,<reflection_life>_<chill>_<clean>
10301,TR367642,<love_poetic>_<chill>_<clean>
10302,TR924511,<reflection_life>_<chill>_<street>
10303,TR411730,<rap_identity>_<chill>_<street>
10304,TR680926,<trap_street>_<unknown>_<street>
10305,TR885055,<rap_identity>_<hard>_<street>
10306,TR842840,<rap_identity>_<hard>_<street>
10307,TR824115,<reflection_life>_<chill>_<street>
10308,TR856882,<love_poetic>_<chill>_<street>
10309,TR686134,<reflection_life>_<chill>_<clean>
10310,TR764435,<reflection_life>_<chill>_<street>
10311,TR525256,<reflection_life>_<chill>_<clean>
10312,TR580721,<rap_identity>_<chill>_<street>
10313,TR413349,<reflection_life>_<chill>_<street>
10314,TR676684,<english_pop_trap>_<hard>_<street>
10315,TR273806,<rap_identity>_<chill>_<clean>
10316,TR357474,<reflection_life>_<chill>_<clean>
10317,TR459295,<reflection_life>_<chill>_<clean>
10318,TR955411,<rap_identity>_<chill>_<clean>
10319,TR846247,<rap_identity>_<hard>_<clean>
10320,TR314648,<rap_identity>_<chill>_<street>
10321,TR669412,<rap_identity>_<chill>_<street>
10322,TR414330,<trap_street>_<unknown>_<clean>
10323,TR106318,<reflection_life>_<unknown>_<clean>
10324,TR975259,<rap_identity>_<chill>_<clean>
10325,TR986135,<rap_identity>_<hard>_<street>
10326,TR310455,<reflection_life>_<chill>_<clean>
10327,TR300734,<reflection_life>_<chill>_<clean>
10328,TR329086,<rap_identity>_<chill>_<street>
10329,TR943991,<rap_identity>_<chill>_<aggressive>
10330,TR428837,<rap_identity>_<chill>_<clean>
10331,TR444078,<rap_identity>_<chill>_<clean>
10332,TR999990,<rap_identity>_<chill>_<street>
10333,TR674551,<reflection_life>_<chill>_<clean>
10334,TR953399,<rap_identity>_<hard>_<clean>
10335,TR564478,<rap_identity>_<hard>_<clean>
10336,TR606252,<rap_identity>_<unknown>_<clean>
10337,TR345712,<rap_identity>_<chill>_<clean>
10338,TR998660,<reflection_life>_<unknown>_<clean>
10339,TR832166,<reflection_life>_<hard>_<clean>
10340,TR822615,<trap_street>_<chill>_<clean>
10341,TR337394,<reflection_life>_<hard>_<clean>
10342,TR532127,<love_poetic>_<chill>_<clean>
10343,TR643265,<rap_identity>_<hard>_<clean>
10344,TR926116,<reflection_life>_<chill>_<clean>
10345,TR157156,<reflection_life>_<unknown>_<clean>
10346,TR371813,<reflection_life>_<hard>_<clean>
10347,TR513378,<trap_street>_<chill>_<clean>
10348,TR692534,<rap_identity>_<hard>_<clean>
10349,TR658537,<reflection_life>_<chill>_<clean>
10350,TR299069,<love_poetic>_<hard>_<clean>
10351,TR844852,<rap_identity>_<hard>_<clean>
10352,TR138280,<reflection_life>_<hard>_<clean>
10353,TR118695,<reflection_life>_<chill>_<clean>
10354,TR533946,<trap_street>_<hard>_<clean>
10355,TR418291,<reflection_life>_<chill>_<aggressive>
10356,TR707604,<rap_identity>_<hard>_<street>
10357,TR295093,<reflection_life>_<unknown>_<clean>
10358,TR209078,<reflection_life>_<hard>_<clean>
10359,TR498888,<reflection_life>_<hard>_<clean>
10360,TR427065,<rap_identity>_<chill>_<clean>
10361,TR286799,<reflection_life>_<hard>_<clean>
10362,TR884050,<reflection_life>_<hard>_<clean>
10363,TR999973,<rap_identity>_<chill>_<clean>
10364,TR921549,<rap_identity>_<hard>_<street>
10365,TR382503,<reflection_life>_<hard>_<clean>
10366,TR194745,<rap_identity>_<chill>_<clean>
10367,TR264387,<reflection_life>_<chill>_<clean>
10368,TR593290,<rap_identity>_<chill>_<street>
10369,TR727019,<trap_street>_<chill>_<clean>
10370,TR707642,<rap_identity>_<hard>_<clean>
10371,TR200963,<reflection_life>_<chill>_<street>
10372,TR346042,<love_poetic>_<hard>_<clean>
10373,TR158059,<reflection_life>_<hard>_<clean>
10374,TR797108,<love_poetic>_<chill>_<clean>
10375,TR143876,<reflection_life>_<chill>_<clean>
10376,TR898275,<trap_street>_<chill>_<clean>
10377,TR785545,<trap_street>_<chill>_<street>
10378,TR735492,<rap_identity>_<chill>_<clean>
10379,TR658739,<reflection_life>_<hard>_<clean>
10380,TR874051,<reflection_life>_<chill>_<clean>
10381,TR268416,<reflection_life>_<unknown>_<clean>
10382,TR270415,<rap_identity>_<hard>_<clean>
10383,TR617039,<english_pop_trap>_<hard>_<clean>
10384,TR317855,<rap_identity>_<hard>_<street>
10385,TR546598,<trap_street>_<chill>_<aggressive>
10386,TR518654,<rap_identity>_<hard>_<clean>
10387,TR320213,<love_poetic>_<chill>_<clean>
10388,TR228628,<rap_identity>_<hard>_<clean>
10389,TR387510,<reflection_life>_<chill>_<clean>
10390,TR669958,<reflection_life>_<hard>_<clean>
10391,TR676058,<trap_street>_<hard>_<clean>
10392,TR405794,<love_poetic>_<unknown>_<clean>
10393,TR248868,<trap_street>_<chill>_<clean>
10394,TR309230,<reflection_life>_<hard>_<clean>
10395,TR834029,<reflection_life>_<chill>_<clean>
10396,TR247231,<spanish>_<hard>_<clean>
10397,TR327558,<rap_identity>_<hard>_<clean>
10398,TR594925,<love_poetic>_<chill>_<clean>
10399,TR296586,<love_poetic>_<hard>_<clean>
10400,TR423008,<reflection_life>_<hard>_<clean>
10401,TR996522,<love_poetic>_<chill>_<clean>
10402,TR852914,<reflection_life>_<hard>_<clean>
10403,TR176714,<reflection_life>_<chill>_<clean>
10404,TR591344,<rap_identity>_<chill>_<aggressive>
10405,TR188557,<reflection_life>_<hard>_<clean>
10406,TR108371,<english_pop_trap>_<chill>_<clean>
10407,TR372670,<reflection_life>_<hard>_<clean>
10408,TR807060,<reflection_life>_<hard>_<clean>
10409,TR105847,<love_poetic>_<chill>_<clean>
10410,TR608121,<rap_identity>_<hard>_<clean>
10411,TR298184,<rap_identity>_<hard>_<clean>
10412,TR790106,<love_poetic>_<chill>_<clean>
10413,TR528926,<reflection_life>_<chill>_<clean>
10414,TR101900,<love_poetic>_<hard>_<aggressive>
10415,TR631149,<rap_identity>_<unknown>_<clean>
10416,TR640234,<rap_identity>_<chill>_<clean>
10417,TR612486,<rap_identity>_<chill>_<street>
10418,TR747651,<rap_identity>_<chill>_<street>
10419,TR408738,<rap_identity>_<unknown>_<clean>
10420,TR971836,<reflection_life>_<unknown>_<clean>
10421,TR645442,<reflection_life>_<chill>_<clean>
10422,TR694607,<love_poetic>_<chill>_<clean>
10423,TR777488,<rap_identity>_<unknown>_<clean>
10424,TR776032,<spanish>_<chill>_<clean>
10425,TR856961,<love_poetic>_<hard>_<clean>
10426,TR551136,<rap_identity>_<hard>_<clean>
10427,TR669908,<reflection_life>_<chill>_<clean>
10428,TR777934,<reflection_life>_<chill>_<clean>
10429,TR699459,<rap_identity>_<hard>_<street>
10430,TR281371,<reflection_life>_<chill>_<street>
10431,TR788880,<rap_identity>_<chill>_<clean>
10432,TR528636,<rap_identity>_<hard>_<clean>
10433,TR314000,<rap_identity>_<unknown>_<clean>
10434,TR193199,<love_poetic>_<chill>_<clean>
10435,TR388981,<love_poetic>_<chill>_<clean>
10436,TR108493,<love_poetic>_<unknown>_<clean>
10437,TR517233,<rap_identity>_<chill>_<clean>
10438,TR468511,<rap_identity>_<chill>_<clean>
10439,TR537583,<love_poetic>_<hard>_<clean>
10440,TR263660,<reflection_life>_<chill>_<clean>
10441,TR714459,<rap_identity>_<unknown>_<clean>
10442,TR979825,<reflection_life>_<hard>_<clean>
10443,TR803180,<rap_identity>_<chill>_<clean>
10444,TR603382,<rap_identity>_<unknown>_<clean>
10445,TR967180,<reflection_life>_<chill>_<clean>
10446,TR767223,<spanish>_<hard>_<clean>
10447,TR839533,<reflection_life>_<chill>_<clean>
10448,TR996715,<reflection_life>_<hard>_<clean>
10449,TR406839,<love_poetic>_<hard>_<clean>
10450,TR678208,<rap_identity>_<unknown>_<clean>
10451,TR262445,<rap_identity>_<chill>_<clean>
10452,TR140769,<reflection_life>_<chill>_<clean>
10453,TR383577,<rap_identity>_<chill>_<aggressive>
10454,TR482192,<reflection_life>_<hard>_<clean>
10455,TR650811,<reflection_life>_<hard>_<clean>
10456,TR912578,<rap_identity>_<hard>_<clean>
10457,TR548203,<rap_identity>_<chill>_<clean>
10458,TR757722,<reflection_life>_<chill>_<street>
10459,TR398943,<reflection_life>_<hard>_<clean>
10460,TR730624,<rap_identity>_<chill>_<clean>
10461,TR673136,<reflection_life>_<hard>_<clean>
10462,TR859802,<love_poetic>_<hard>_<clean>
10463,TR849909,<reflection_life>_<chill>_<clean>
10464,TR472324,<rap_identity>_<chill>_<clean>
10465,TR657461,<rap_identity>_<chill>_<clean>
10466,TR534933,<rap_identity>_<unknown>_<street>
10467,TR613650,<reflection_life>_<unknown>_<aggressive>
10468,TR336444,<rap_identity>_<hard>_<clean>
10469,TR294703,<reflection_life>_<chill>_<clean>
10470,TR264494,<dialect_rap>_<hard>_<clean>
10471,TR962394,<rap_identity>_<hard>_<clean>
10472,TR354676,<rap_identity>_<chill>_<clean>
10473,TR501329,<love_poetic>_<unknown>_<clean>
10474,TR252473,<rap_identity>_<hard>_<clean>
10475,TR743374,<rap_identity>_<chill>_<clean>
10476,TR597336,<trap_street>_<unknown>_<street>
10477,TR571568,<reflection_life>_<chill>_<clean>
10478,TR750372,<rap_identity>_<hard>_<clean>
10479,TR739310,<rap_identity>_<chill>_<clean>
10480,TR440836,<rap_identity>_<chill>_<aggressive>
10481,TR283661,<rap_identity>_<chill>_<clean>
10482,TR636833,<rap_identity>_<unknown>_<clean>
10483,TR460243,<rap_identity>_<chill>_<clean>
10484,TR821685,<rap_identity>_<chill>_<clean>
10485,TR335220,<rap_identity>_<hard>_<clean>
10486,TR577582,<rap_identity>_<hard>_<clean>
10487,TR254828,<rap_identity>_<hard>_<clean>
10488,TR736252,<rap_identity>_<chill>_<aggressive>
10489,TR359110,<reflection_life>_<chill>_<clean>
10490,TR386298,<rap_identity>_<chill>_<clean>
10491,TR247676,<rap_identity>_<unknown>_<clean>
10492,TR565029,<english_pop_trap>_<unknown>_<clean>
10493,TR628493,<dialect_rap>_<chill>_<clean>
10494,TR405136,<rap_identity>_<chill>_<street>
10495,TR752700,<rap_identity>_<chill>_<clean>
10496,TR409661,<rap_identity>_<hard>_<street>
10497,TR807264,<reflection_life>_<chill>_<clean>
10498,TR706785,<rap_identity>_<hard>_<clean>
10499,TR980893,<rap_identity>_<unknown>_<clean>
10500,TR778654,<rap_identity>_<chill>_<clean>
10501,TR180959,<english_pop_trap>_<chill>_<clean>
10502,TR702441,<rap_identity>_<unknown>_<clean>
10503,TR479545,<rap_identity>_<unknown>_<clean>
10504,TR153241,<rap_identity>_<unknown>_<clean>
10505,TR216791,<reflection_life>_<unknown>_<clean>
10506,TR600568,<reflection_life>_<hard>_<clean>
10507,TR447628,<rap_identity>_<unknown>_<clean>
10508,TR999953,<rap_identity>_<hard>_<clean>
10509,TR434449,<rap_identity>_<hard>_<clean>
10510,TR826351,<english_pop_trap>_<chill>_<clean>
10511,TR529809,<rap_identity>_<hard>_<clean>
10512,TR280904,<rap_identity>_<hard>_<clean>
10513,TR552777,<rap_identity>_<unknown>_<clean>
10514,TR367132,<reflection_life>_<unknown>_<clean>
10515,TR999927,<reflection_life>_<unknown>_<clean>
